Date,PM2.5,Target,PM2.5_1,PM2.5_2,PM2.5_3,PM2.5_4,PM2.5_5,PM2.5_6,PM2.5_7
2017-11-13,117.14666666666666,0,2.182787784109768,2.6668510662069327,2.843764377389569,3.046254179678344,2.6189381278643085,3.106482117042571,2.9785348620928347
2017-11-14,89.475,0,2.66144120688613,2.8357071776210665,3.036720489949139,2.609372306859302,3.0981320834892827,2.9675642077071998,1.7764644942381191
2017-11-15,78.73058823529412,0,2.830060628419705,3.028242263886671,2.6009253072814733,3.0871938567249897,2.9595037300356344,1.7690326920684714,1.3097221343375283
2017-11-16,74.19625,0,3.022325833387026,2.5933979774007985,3.0775583345632325,2.9489625332180824,1.763470393727738,1.3036644049998871,1.1127483236836333
2017-11-17,70.82388888888889,0,2.5880910791316896,3.0689910011584605,2.939670844543618,1.7563546220846484,1.2990721048784828,1.107270478207174,0.9662513522433293
2017-11-18,75.49277777777777,0,3.063017452123532,2.931404378823923,1.7500293995240546,1.293286364381943,1.103087535071558,0.9612047886168189,1.16907010731673
2017-11-19,76.59125,0,2.925623688436123,1.7443587071234847,1.2881129673979366,1.0978630920395986,0.9573262999589677,1.1634264525214921,1.2167882633696672
2017-11-20,71.13,0,1.7402419286657846,1.2834501672116119,1.0931757865110094,0.9525193153615337,1.1591264597359467,1.21100412802786,0.9795489645761996
2017-11-21,80.03208333333333,0,1.2799794559074575,1.0889383352692514,0.9481935346764008,1.1537415218937943,1.2066049659138425,0.9744632532540718,1.366259700726534
2017-11-22,94.763,1,1.0857402761177735,0.9442724317449968,1.148915225614673,1.201084050197687,0.9705571290923701,1.36003552681339,2.0061777305887456
2017-11-23,115.58,0,0.941277154448077,1.1445561520559944,1.1961399951777028,0.9657122515584963,1.3553257285957463,1.9980696608583626,2.910478116577962
2017-11-24,98.59291666666667,1,1.1412801320045411,1.1916778781370179,0.961353655060383,1.3493788783934932,1.9920299654580098,2.8997078188196252,2.172551133095024
2017-11-25,105.9509090909091,1,1.1883358063707383,0.9574038370152679,1.3440659581508334,1.9842596019343242,2.8917887787539733,2.1639532660117693,2.4921858253824887
2017-11-26,103.87291666666665,1,0.9543901530955794,1.339281069682254,1.977367493649097,2.881441516747238,2.1575678083278964,2.4826469651848906,2.4019168456387647
2017-11-27,100.6059090909091,1,1.3357320987905337,1.9712007541734853,2.872317778331585,2.149323346401533,2.475597232926881,2.3926437340924465,2.2599964819078115
2017-11-28,103.21772727272727,1,1.9667660054831875,2.8641982756258018,2.1420206622681843,2.466441938531078,2.3857816015835374,2.251141178841856,2.3734551065872482
2017-11-29,102.44625,1,2.8585117897320265,2.1354946529438292,2.4583504607390183,2.376883538081995,2.2445739895648726,2.3642657853838305,2.3399417667443707
2017-11-30,102.87045454545455,0,2.1308296093417822,2.4511342262595526,2.369014825842356,2.2360803429757614,2.357462802929793,2.3308511076161027,2.3583694140611273
2017-12-01,97.10791666666667,0,2.446026742687273,2.3619935198923914,2.2285618614390277,2.348645844128993,2.3241177736078975,2.3492245045975326,2.1080420264420967
2017-12-02,99.61916666666667,1,2.3570109871019715,2.221847020986812,2.34084736969464,2.315396314572376,2.342452873690183,2.0996340718640787,2.2171319214469207
2017-12-03,101.05217391304348,1,2.217060935087232,2.3338875245583033,2.3076805442705473,2.3336789031472547,2.093382678974747,2.2084028101155186,2.279382438141156
2017-12-04,102.54238095238095,0,2.3289443886521473,2.300793068469422,2.3259176571455127,2.085322042491403,2.2019247032764957,2.2704700635126613,2.3441177410607277
2017-12-05,98.92823529411764,0,2.2958963218990927,2.3189903883368244,2.0781785537629482,2.1935532037333654,2.263862585749691,2.335014788013269,2.1871175338364033
2017-12-06,84.15,0,2.314068134123154,2.071791846614546,2.186140503246971,2.255313696851736,2.3282727753677714,2.178476783789787,1.5451439602806532
2017-12-07,88.34299999999999,0,2.0672160968467286,2.1795182253313223,2.2477473747028482,2.3195394164568897,2.172061053767264,1.5383931574984704,1.7272898755639683
2017-12-08,88.705,0,2.1747914727748117,2.2409906718528045,2.3118133406965513,2.1637750833592553,1.5333115965523048,1.7200028417148108,1.7430153278254905
2017-12-09,86.2075,0,2.2361777518137966,2.3049168472180908,2.1564364523002055,1.5268549969523644,1.714542739567627,1.735681998806706,1.634522739363749
2017-12-10,85.78368421052632,0,2.300014320242828,2.149878988016631,1.5211006266012395,1.7075670961410339,1.730189215544624,1.6275088086492264,1.6161119797917947
2017-12-11,81.905,0,2.145193781528433,1.515929452104338,1.7013632265759553,1.7231687607979145,1.6222414979961457,1.6091522496956814,1.4476200919737023
2017-12-12,81.71304347826087,0,1.5121328687087754,1.6957987227701186,1.7169260840028213,1.6155302042217865,1.6039232008451185,1.4411563959755307,1.4392814093248172
2017-12-13,76.63521739130434,0,1.6917500120702287,1.711327622360153,1.6095552651531064,1.597264370454772,1.436277512109328,1.4328422621104433,1.218698227770275
2017-12-14,72.6225,0,1.7072571444090905,1.6041910844427218,1.5913348654104729,1.430098816967016,1.4279807079490543,1.2129084695615107,1.0443838747980814
2017-12-15,74.72545454545455,0,1.6002707824855915,1.5860104412399378,1.4245851157633573,1.421825774754654,1.2085053381011752,1.03910729181665,1.1357372209657486
2017-12-16,81.28875000000001,0,1.5821156235500462,1.419624536138519,1.416332651730255,1.2029789797417978,1.035066425765485,1.130191696997027,1.4208498987246343
2017-12-17,73.43631578947368,0,1.415962945778543,1.4113900788132727,1.1980302113166548,1.0300367943772637,1.1259609776333592,1.4144650132189556,1.079736419955653
2017-12-18,80.394,0,1.4077400309003214,1.193563969862987,1.0255181984570598,1.1206710253353958,1.4096417639855048,1.0743557603443359,1.3819815329484009
2017-12-19,98.4475,1,1.190219254314249,1.0214283746896489,1.1159269878661429,1.403539353307341,1.0702414235547129,1.3757110745228975,2.166234163896968
2017-12-20,116.14478260869565,1,1.0183249459567698,1.1116398939680174,1.3980917155166563,1.0651110513934032,1.3709686027136325,2.157654893745343,2.9350125418574677
2017-12-21,106.05833333333334,0,1.108410013467748,1.3931889439496836,1.0605052125546037,1.3649769515069445,2.1512825641796787,2.924170015627662,2.496852385592358
2017-12-22,90.15714285714286,0,1.38956440902765,1.056339047837497,1.3596252329677945,2.1430561031174045,2.916199987370498,2.4872997872082263,1.8060971045572853
2017-12-23,90.09625,0,1.0531866839314201,1.354806394479565,2.135769007984142,2.905782811954165,2.4802403567623448,1.798578065041557,1.8034518898664904
2017-12-24,92.39590909090909,0,1.3512356613475494,2.1292566396416635,2.8965985275478934,2.471071764515394,1.7929541833055438,1.7959406377683051,1.9033501750926374
2017-12-25,94.73666666666666,1,2.1246003400205775,2.8884260447435706,2.462968770598238,1.7857539704416348,1.7903222533982055,1.8955448260118628,2.0050337980577506
2017-12-26,102.07875,1,2.8827055981732723,2.4557424590610486,1.7793556206026986,1.7831295783500818,1.8897188299760812,1.996929096023869,2.3239773918656157
2017-12-27,105.9,1,2.4506285160123413,1.773620938987105,1.77673775636505,1.8822414843211026,1.9908917779790198,2.314933731286623,2.48997431024777
2017-12-28,112.56041666666665,1,1.7694631429191645,1.7710087868757187,1.8756031336087335,1.983124674210665,2.308233574929593,2.4804419606717163,2.7793059796773543
2017-12-29,102.28875,1,1.766854652327436,1.8696584418868685,1.9762353889191497,2.2995576080491613,2.473396824451964,2.768921848003599,2.3330998917963326
2017-12-30,100.46208333333334,1,1.8653660276229973,1.9700711196729208,2.291881234589958,2.4642478319997236,2.7612754138767923,2.324029374903468,2.2537486225577155
2017-12-31,100.08478260869565,0,1.965637954419863,2.28502823255965,2.4561618117789368,2.7513019405865435,2.3173102598886235,2.2449117129664664,2.237358499536921
2018-01-01,98.81583333333333,1,2.2801535839583975,2.4489503528867704,2.7425019084277005,2.3086082974909976,2.2383575081814957,2.2285698418822673,2.182234739172273
2018-01-02,100.27749999999999,0,2.443845930505012,2.734665661296869,2.3009094115502946,2.2298816655207374,2.2220496995512553,2.173608363898698,2.245730234721787
2018-01-03,98.34791666666666,1,2.729160744543572,2.294036710222376,2.222378602434988,2.213620562259425,2.16720278144909,2.23691693097785,2.1619082165091874
2018-01-04,103.43624999999999,1,2.289149434210223,2.215677253727546,2.206157946676454,2.158930725074911,2.2303793902512354,2.1533416817921167,2.3829478378463214
2018-01-05,100.17916666666667,1,2.2108998161467235,2.1994919911083586,2.1516041437637794,2.221926396824837,2.1469783425423596,2.3737305703812286,2.241458587928833
2018-01-06,101.84782608695652,0,2.1947372408193613,2.145057223478668,2.214443121495644,2.1387642087193903,2.3669078598433297,2.232657859760439,2.313945947195425
2018-01-07,91.54590909090909,0,2.140378775779732,2.207759087845426,2.1314877891477915,2.358063850512462,2.2261291965005787,2.3049318188311427,1.866425770611164
2018-01-08,96.68062499999999,0,2.2029927493579153,2.124984762337314,2.350241949940704,2.217688375578263,2.298252510128629,1.858729125657966,2.089480273110846
2018-01-09,99.8290909090909,0,2.120334450714652,2.343261606022277,2.2102156418078684,2.289605128898446,1.8529798670466693,2.08112696367147,2.226251130432496
2018-01-10,96.50333333333333,1,2.3383053302291277,2.2035408324319277,2.281953511012197,1.8456077413422405,2.074914146384496,2.217495172475647,2.081778638744735
2018-01-11,103.36999999999999,1,2.1987804067796803,2.275122171071832,1.8390605125788007,2.066906403557666,2.2109981138181523,2.0734480026417725,2.3800699063205597
2018-01-12,104.61285714285714,1,2.270261408047422,1.8331955561091646,2.059808721475597,2.20260062813572,2.067251191126425,2.3708611113830576,2.4340602120329664
2018-01-13,112.65545454545455,1,1.8289542527941791,2.0534620969258026,2.1951654232892115,2.05926539491183,2.364044381850302,2.424692471564386,2.7834344703566782
2018-01-14,106.52583333333332,0,2.048912040431555,2.1885234531824818,2.052186718902932,2.355208573486168,2.417763537730283,2.7730381845538634,2.517160808057168
2018-01-15,92.31347826086957,0,2.183784077770413,2.045856725406973,2.3473937750663123,2.4087738783460173,2.765383170471708,2.507548422402869,1.8997693406101401
2018-01-16,93.86,1,2.04131732955427,2.34041964580725,2.400825842790752,2.755397932615687,2.5004467863735207,1.891974533378148,1.9669509808866623
2018-01-17,101.96181818181817,0,2.3354673536615875,2.393735125851961,2.7465877121783295,2.491220323153768,1.88615597914189,1.9589583933059282,2.3188978180405573
2018-01-18,98.28315789473683,0,2.388708100049944,2.7387425499072195,2.4830672121647006,1.8786888374491004,1.9530002201341754,2.309869111545425,2.15909506464041
2018-01-19,92.29304347826088,0,2.733231918476082,2.4757970462387853,1.8720593235107137,1.9453416373344266,2.3031795117137683,2.1505368117419343,1.8988816439295118
2018-01-20,85.02958333333333,0,2.470654992168191,1.8661223643100544,1.9385463327196504,2.294518019609957,2.1441793188702607,1.891089450044832,1.5833534788396681
2018-01-21,88.64958333333334,0,1.861834906655525,1.9324643002237594,2.2868541815097707,2.1359732014176207,1.8852727406469123,1.5764901885999782,1.7406080014548848
2018-01-22,90.99380952380952,0,1.9280838494003365,2.28001214840654,2.1287037241348554,1.8778081285386115,1.5713292194660244,1.7332817595189278,1.842442302693951
2018-01-23,84.28391304347826,0,2.2751445309772667,2.1222067720973357,1.8711808052557746,1.564763737848628,1.7277939792359909,1.8348162642134318,1.5509612066132843
2018-01-24,82.19666666666667,0,2.1175603544538286,1.865245762963992,1.5589150741474103,1.72078038441743,1.8291168487772391,1.544193278065734,1.460290230766365
2018-01-25,77.79375,0,1.8609595340637328,1.5536613892988151,1.7145436484160663,1.8218130664718089,1.5390996275406723,1.45378923433226,1.2690254355919872
2018-01-26,80.10875,0,1.5498119160929105,1.7089503851991559,1.815325024047848,1.5326264510891876,1.4488840189968717,1.2630875158814614,1.3695901372091768
2018-01-27,91.13375,0,1.7048832394815256,1.80951185792908,1.5268577249527582,1.442669218969567,1.2585797928816282,1.363356158610016,1.8485213835718188
2018-01-28,96.07,0,1.8053037526526285,1.5216739885849175,1.4371242504304915,1.2529100218824893,1.3586394389776149,1.8408774484943855,2.062954432538493
2018-01-29,88.874,0,1.5178693529273308,1.4321363106700844,1.2478370561053433,1.3526830983484495,1.835165399326753,2.05467921422606,1.7503567682459245
2018-01-30,78.80624999999999,0,1.4284571822394123,1.2432621371342996,1.3473619592633372,1.82784429404487,2.0485215237506464,1.7430018262888338,1.3130089174008008
2018-01-31,81.39450000000001,0,1.2398477584079786,1.342569878987694,1.821341249680998,2.0405893690794685,1.7374937858211774,1.30694151189125,1.4254437290468882
2018-02-01,83.98826086956522,0,1.3390162980888194,1.8155149562808581,2.033557147397476,1.7304524108725352,1.3023423810769568,1.4190453194688668,1.5381179354892935
2018-02-02,80.5925,0,1.8112984363096707,2.02726780324579,1.7241916168899492,1.2965472745484865,1.4142125231970168,1.5313878170730741,1.3906044674067213
2018-02-03,80.96818181818182,0,2.0227544639552644,1.718577302003014,1.291365766449822,1.4080970219191231,1.5263208578260943,1.3843086233702484,1.4069242643606987
2018-02-04,70.90347826086956,0,1.7144966619927025,1.2866958687224468,1.4026380474859685,1.519884279618279,1.379548231115383,1.4005803754250592,0.9697087524356126
2018-02-05,74.93434782608696,0,1.2832206078364234,1.397725355915557,1.5141472480727818,1.3735320079555373,1.3957860668700137,0.9646520103464604,1.1448116444804934
2018-02-06,73.40833333333333,0,1.3940944621901765,1.5089912457057162,1.368159009761255,1.389723338742719,0.9607663364139949,1.1392394057331507,1.078520848745169
2018-02-07,71.02000000000001,0,1.5052043877694812,1.3633215507464758,1.3843100665961425,0.9559494995932855,1.1349898276255443,1.0731437677320663,0.974770512231539
2018-02-08,69.95428571428572,0,1.359738881704632,1.379437366305445,0.9516151867449891,1.1296740168091595,1.0690319571796372,0.9696988685023916,0.9284753765287164
2018-02-09,71.18083333333333,0,1.3758321073174762,0.9476866178387032,1.12490758550126,1.0639050489155646,0.9658026750662115,0.9235400240250684,0.9817571887657778
2018-02-10,75.61833333333333,0,0.9446865547908151,1.1206008961226404,1.0593022098602232,0.9609714142318206,0.9197400425530325,0.9766649765105302,1.1745243003969998
2018-02-11,68.13526315789473,0,1.1173584547590896,1.0551386700704086,0.9566246099859217,0.915040704547398,0.9727542631499132,1.1688645886521982,0.8494561710780048
2018-02-12,61.327999999999996,0,1.0519879887641967,0.9526851106205068,0.9108081473164592,0.9679030930503693,1.1645532607961082,0.8447534482920445,0.5537454201910191
2018-02-13,61.751666666666665,0,0.9496780410589094,0.9069686185361915,0.963539047102369,1.1591527806606063,0.8411176869447822,0.5499132592906624,0.5721497017972752
2018-02-14,51.54947368421053,0,0.904025630937399,0.9595844605764833,1.1543130245380486,0.8366435224255384,0.5468920530522569,0.5682633593494087,0.12896158381814476
2018-02-15,60.3475,0,0.9565677200216165,1.1499421730924393,0.8326059685834052,0.5432605472304863,0.5652039047711913,0.12637997135560253,0.5111520336097429
2018-02-16,69.6025,0,1.1466586033191246,0.8289370753588359,0.5399527476069674,0.5615199540250488,0.12424156385217615,0.507445266117726,0.9131936376991991
2018-02-17,73.71318181818182,0,0.8261034665469866,0.5369224177293184,0.5581667363634557,0.12182052397793025,0.504512578755447,0.9083032740886868,1.0917636119923573
2018-02-18,84.74521739130435,0,0.5344981332460753,0.5550966639345978,0.11956100479623644,0.5010024472413399,0.9045350515927508,1.0863475447573858,1.5710004869993934
2018-02-19,85.57454545454546,0,0.5526469041509493,0.11744796110942853,0.4977997594659682,0.8998792604994236,1.0822082126901504,1.5641735635263398,1.6070268927111013
2018-02-20,81.77458333333333,0,0.11561166457760282,0.49486140654691957,0.8956844155036509,1.0770435677878414,1.5590382667570948,1.600093908786766,1.4419547299135544
2018-02-21,79.90478260869565,0,0.4924960800464795,0.8918778863970998,1.07240804827595,1.5525079862812965,1.5948837408414902,1.4355077125388784,1.3607296966708795
2018-02-22,79.27434782608695,0,0.8889560518590855,1.0682159118145695,1.5466898072610749,1.588250799356511,1.4306406026010405,1.354521802892102,1.3333433097153107
2018-02-23,73.695,0,1.065046899807973,1.5414627976949657,1.5823437144663786,1.4244780515001607,1.3498234972976864,1.327216040481283,1.0909737851585284
2018-02-26,66.57142857142857,0,1.5376304235633291,1.5770389088034422,1.4189783312621957,1.343892405420082,1.3225746501121887,1.0855600431455372,0.7815224524747174
2018-02-27,62.53181818181818,0,1.5731566667373942,1.4140299855265472,1.3385931321069857,1.3167215986071148,1.0814223525205366,0.7770197241292228,0.6060398548587917
2018-02-28,67.66041666666666,0,1.4103762371896111,1.3338201852329803,1.3114899093482115,1.0762599583123573,0.773525144709591,0.6020537410111229,0.8288286135383418
2018-03-01,70.50541666666668,0,1.33027886900106,1.3067761011523298,1.071626387933063,0.7692445644231188,0.5989238548823398,0.8241866175448072,0.9524167673616273
2018-03-02,61.74583333333334,0,1.303272693296821,1.0674359570385752,0.7653746572343054,0.5951433306022613,0.8205937250172655,0.9474109322587334,0.5718962990214222
2018-03-03,54.46045454545455,0,1.064268038314308,0.7618524613570254,0.5917064789094673,0.8161783408795814,0.9435611950574744,0.5680107025822745,0.25541597765155927
2018-03-04,53.15956521739131,0,0.7591128867447229,0.5885632234478597,0.8121916916700633,0.9387936335558917,0.5649517746334407,0.2524620879714717,0.1989047261985717
2018-03-05,50.90958333333333,0,0.5860665527416064,0.8085673419804917,0.9345019938231927,0.5612685459849981,0.2500608790868489,0.19611720362375556,0.10116444247746025
2018-03-06,53.00125,0,0.8057622859389268,0.9306107655541024,0.5579159536701133,0.2472794941981664,0.19383343814686876,0.09866466380590246,0.19202743781912557
2018-03-07,59.3165,0,0.9276346381600904,0.5548464284439667,0.2447079111936814,0.1912130879767385,0.09658402517009855,0.18926016173559015,0.4663649029975086
2018-03-08,63.44954545454545,0,0.5523970194217321,0.24232179951486837,0.1887809632909764,0.09424219615594266,0.18699068884933792,0.4627899872178816,0.6459063642962756
2018-03-09,68.19739130434782,0,0.24031046416656435,0.18651688306945138,0.0920512746870406,0.18438993623137845,0.45995037783753673,0.6418028848691537,0.8521550473242614
2018-03-10,68.57307692307693,0,0.1845837708834447,0.08999825666908674,0.18197478329991504,0.45656787193403753,0.6385901469435603,0.8474443791430563,0.8684750093758217
2018-03-11,70.05458333333333,0,0.08820043708198597,0.1797255540240257,0.4534757097226025,0.6346960188773003,0.8438030089087977,0.8637162958094083,0.9328323528278254
2018-03-12,68.42954545454546,0,0.17780196141564716,0.45063407097419833,0.6311607847166515,0.8393211536595568,0.8600410089318588,0.9278841735416168,0.8622399340818503
2018-03-18,58.295,0,0.44833073904823034,0.6279314407661402,0.8352769395376728,0.8555126482447063,0.9240751372684424,0.8574995763543387,0.4219904569059497
2018-03-19,70.53545454545454,0,0.6253795866343252,0.8316022183090707,0.8514281597631007,0.9193633836033768,0.8538372474005863,0.41854617791022797,0.9537216271100138
2018-03-20,74.35043478260869,0,0.8287648736989652,0.8477181969020655,0.9151200742377078,0.8493266542122824,0.41579878885824945,0.9487119505466401,1.119446184010611
2018-03-21,70.87125,0,0.844858262117306,0.9112711369210252,0.8452575526332006,0.41254273257767554,0.944859501546022,1.113948620272647,0.9683087414472809
2018-03-22,62.33958333333334,0,0.908322118373432,0.8415610539108079,0.40956007750839496,0.9400882217101798,1.1097517574392521,0.9632561209404594,0.597689081563628
2018-03-23,62.47416666666666,0,0.8387097497490503,0.4068142617719339,0.9357933618480021,1.104508228154114,0.9593733565535641,0.5937275520941878,0.6035354456065276
2018-03-24,62.67958333333333,0,0.404572353180421,0.9318993158402747,1.0998043936633055,0.9545605092105195,0.5906150207973682,0.599556704650221,0.6124588433562173
2018-03-25,64.38,0,0.9289213822527481,1.0955524789362168,0.9502296513056832,0.5868582929187621,0.5964320232611914,0.6084538322357463,0.6863257525174393
2018-03-26,72.71166666666666,0,1.0923451485723354,0.9463041056094083,0.5834420492424929,0.5926586355570816,0.6053106059691329,0.6821032798554783,1.0482573172289806
2018-03-27,73.40777777777777,0,0.9433059804638659,0.58031682659751,0.5892279642388986,0.601511790110307,0.6788065411235102,1.0429693309714212,1.0784967151474683
2018-03-28,74.5047619047619,0,0.5778317150742156,0.5860901168456462,0.598059097654466,0.6747972337851779,1.0389204150139622,1.073119705182815,1.126150227635137
2018-03-29,71.8475,0,0.5835969127554448,0.5949019809085916,0.6711622527638562,1.0338797458466145,1.0690079447855654,1.1206329274322613,1.0107175060061493
2018-03-30,65.84541666666667,0,0.5923964250057429,0.6678456264276165,1.0293515910552975,1.0638811052927022,1.1164221320507697,1.005540035611626,0.7499841498514308
2018-03-31,57.920416666666675,0,0.6652378235726093,1.025253402903584,1.05927832579419,1.1111594988925007,1.0015691360357268,0.7455742691420744,0.40571837865651633
2018-04-01,48.598,0,1.0221446125319493,1.0551148381189195,1.106439120180347,0.9966354404847714,0.7421452335856388,0.4023220040778001,0.0007481624861275972
2018-04-02,60.94133333333333,0,1.0519641902185568,1.1021727286155987,0.9921999263415323,0.7379545249894225,0.3996084321555334,-0.0014559942447590112,0.5369484361916038
2018-04-03,60.54521739130435,0,1.098956118480362,0.9881828023629182,0.7341624479414418,0.3963987448629713,-0.0033279447023483247,0.5331657250120271,0.5197409711739119
2018-04-04,71.49249999999999,0,0.9851259747893174,0.7307083564669233,0.39345624598589046,-0.005383627029416271,0.5301794267784853,0.5160089181565674,0.9952961370756515
2018-04-05,61.96208333333333,0,0.7280124373338617,0.3907455684806812,-0.007326741464852601,0.5265957857185335,0.5130583810020712,0.9901640666402924,0.5812903019262675
2018-04-06,57.50083333333333,0,0.38852618378281945,-0.009162918682652213,0.5233294376482529,0.5095237744125102,0.9862252162240309,0.5773770498781922,0.38749147899335723
2018-04-07,52.530833333333334,0,-0.010821741543170324,0.5203353794931864,0.5062998908794528,0.9813354654759522,0.5742985990257762,0.3841487637560477,0.17159231396638858
2018-04-08,48.13818181818181,0,0.5179343454808091,0.5033429908473857,0.9769380081466779,0.570588601184032,0.38147307153302423,0.1688851981573796,-0.019226558141390546
2018-04-09,53.14913043478261,0,0.5009657754957918,0.9729541853616416,0.5672128263733166,0.3783153236964443,0.16665819416928596,-0.0213719100083967,0.1984514342765484
2018-04-10,53.081875,0,0.9699187041255166,0.5641230155609412,0.37541780511474176,0.16411567357297874,-0.02320234839186355,0.19566524617695571,0.19552982618538287
2018-04-11,48.30227272727273,0,0.5616606033120048,0.37274648711884345,0.1617509503867806,-0.025201110664398858,0.19338242274517767,0.1927522391956288,-0.012098370966089735
2018-04-12,44.43173913043478,0,0.3705523321883974,0.15954584910097278,-0.02709493153644647,0.19076336427776516,0.19047548753896587,-0.014264707961467622,-0.18023619224700393
2018-04-13,48.89333333333334,0,0.15765054289518837,-0.02888797496753239,0.18833235822462419,0.18786475449922632,-0.016109960361105104,-0.18190753750367591,0.013577583023612368
2018-04-14,53.86173913043478,0,-0.03051914871794736,0.18606925685018535,0.18544095838290123,-0.018129035148158286,-0.18340336075083818,0.01133565693702661,0.22940749511804934
2018-04-15,52.5504347826087,0,0.18413677211316754,0.18318416598382256,-0.0200404469418976,-0.18494330923946772,0.009437043986067222,0.22653017348132212,0.17244381025046693
2018-04-16,57.54391304347826,0,0.18125572535161585,-0.02184888311418918,-0.186439790957042,0.00734480288402398,0.2241830162189912,0.16973418766681947,0.38936288210198783
2018-04-17,51.87083333333334,0,-0.02348992373762435,-0.1878851471615645,0.0053700280380969126,0.22147574522014601,0.16750541407315694,0.38601465752078706,0.14292159989842104
2018-04-18,54.61000000000001,0,-0.1892934505557894,0.0035061467287386045,0.21896834588092057,0.16496046704917505,0.3833350760907,0.14029888964729503,0.2619123033597971
2018-04-19,56.66083333333333,0,0.0018295653189213505,0.21663839740755442,0.16259364254267125,0.38017199549533043,0.13813147001233092,0.2589392887289219,0.35100147927048914
2018-04-20,53.843333333333334,0,0.2146630631333377,0.16038670251980225,0.37726985866992474,0.13567064961292108,0.2565245789819165,0.347766189288667,0.22860793853336975
2018-04-21,48.70249999999999,0,0.15849021766852137,0.37459449953102136,0.13337667994000924,0.25372468213401966,0.3451663316968993,0.22573297076266166,0.005287692213555573
2018-04-22,46.73739130434783,0,0.3723977541948538,0.13123349073240256,0.2511370675139209,0.34211256592909783,0.22338747516323093,0.003070171269337494,-0.080077564643293
2018-04-23,48.329047619047614,0,0.1293778706751648,0.2487369275474163,0.33930509727339603,0.22068248258445733,0.001188786622502675,-0.08204377332121228,-0.010935256926273828
2018-04-24,54.470000000000006,0,0.24671659995195536,0.3367125764679356,0.21817705638888302,-0.0008798315690740228,-0.08374774928553254,-0.013105018087829769,0.2558306367393191
2018-04-25,54.23818181818182,0,0.3345689311810943,0.21584883449301612,-0.0028341486441140163,-0.0855731102538372,-0.014952687706568038,0.25287552631769183,0.24576034460800802
2018-04-26,49.60954545454546,0,0.2138746069690992,-0.00468012860762881,-0.08731676317098803,-0.016975076908666543,0.2504734556758957,0.24283488076662893,0.044690178386166
2018-04-27,49.72866666666666,0,-0.0063452351083334675,-0.08897840379626197,-0.018889359032195154,0.24769088917279528,0.24045373851332869,0.04235665793040834,0.049864860525797305
2018-04-28,48.46875,0,-0.09052534727332132,-0.020700306854779752,0.2451182828736966,0.23769986836037818,0.04039338583407631,0.04751610599069906,-0.004866519018849361
2018-04-29,46.338,0,-0.02234295746659719,0.24273127577226497,0.2351521135018966,0.03821248613911894,0.0455420797119909,-0.007054146327983887,-0.09742731295873132
2018-05-01,41.32375,0,0.24071936645073816,0.23278685237834554,0.03616093171162523,0.04334643421932906,-0.008914428183085337,-0.0993424445974732,-0.3152487190425298
2018-05-02,37.86217391304348,0,0.23078888240651485,0.03422986527975617,0.041282109724767924,-0.01095411088826088,-0.1010103637852554,-0.3165225922439767,-0.46562123148744616
2018-05-03,35.38458333333333,0,0.03251021765685814,0.03933986898714089,-0.01288336942734531,-0.10278628483203836,-0.3177378283367897,-0.4664524133846901,-0.5732489452576883
2018-05-04,38.63863636363636,0,0.037613058542849985,-0.014707422196497198,-0.10448712208561556,-0.31889304451646255,-0.4673551407321245,-0.5737632750108626,-0.4318913331458371
2018-05-05,46.432916666666664,0,-0.016358473186258264,-0.10611129733866578,-0.32005634267307637,-0.4680818547180403,-0.574442327158279,-0.4328218146587136,-0.09330408779163361
2018-05-06,43.76791666666667,0,-0.10763422520567578,-0.3212101502926113,-0.4688740639812299,-0.5748623447226897,-0.43379464051046307,-0.09523135805795488,-0.2090729559600179
2018-05-07,47.20208333333333,0,-0.3224315686590912,-0.46970315437440896,-0.5753889505949709,-0.4346174713677377,-0.09690784625813789,-0.21065940681458442,-0.059891121775555264
2018-05-08,44.36739130434783,0,-0.47071642634271854,-0.5759856276825114,-0.43549291918594907,-0.09869551686606556,-0.21209530061917628,-0.0619167586200659,-0.18303149243281347
2018-05-09,47.04750000000001,0,-0.5768499208208452,-0.43639484655482713,-0.10040652940393988,-0.2135530757350865,-0.06366268666613091,-0.18469460842560753,-0.06660629533566582
2018-05-10,48.63916666666666,0,-0.43745480762034145,-0.1020396084268223,-0.21497839416249417,-0.0655455710136246,-0.18618462239459907,-0.0686121629491319,0.002536462075720324
2018-05-11,48.409166666666664,0,-0.10356824368312455,-0.21636147971809472,-0.06733903998175554,-0.18771660538313586,-0.07034413531652832,0.0003270406547334396,-0.007454847372207669
2018-05-12,45.17458333333334,0,-0.21772986711700795,-0.0690442715907234,-0.18920618886621318,-0.07220788407497598,-0.0015486263016495575,-0.009634854735144426,-0.14796668658283427
2018-05-13,40.037083333333335,0,-0.07061915724488994,-0.19064550884703754,-0.07398478135533594,-0.0036094045753421633,-0.011489757447255017,-0.1497330321112726,-0.3711421313164464
2018-05-14,36.05714285714286,0,-0.19204994297249767,-0.07567551209245241,-0.005556932171834482,-0.013522064440210656,-0.1512959188301102,-0.3722514563090911,-0.5440326394988529
2018-05-28,44.865,0,-0.07724110256915001,-0.007396971077340074,-0.01544493550934563,-0.1529278226484987,-0.37335053300640925,-0.5446329810123554,-0.16141513390133186
2018-05-29,41.72708333333333,0,-0.009058269311265006,-0.017263398993659914,-0.15450393896785997,-0.37434647506485785,-0.5453727513782072,-0.163141887681344,-0.29772772711210505
2018-05-30,40.83166666666667,0,-0.01891086720612163,-0.1560189785487175,-0.37537183960466103,-0.5458760238600731,-0.16467682542645987,-0.29905318148781374,-0.3366250532055787
2018-05-31,39.36875,0,-0.15747194955715937,-0.37640494994043006,-0.5464747296553901,-0.16627040648834915,-0.30030483024087257,-0.33783599524297264,-0.40017484934991887
2018-06-01,41.41416666666667,0,-0.3775490003607534,-0.5471344969820716,-0.16781333476454646,-0.3015099743186493,-0.33900680638563035,-0.40119870305793964,-0.31132097601680436
2018-06-02,42.836666666666666,0,-0.5480392314797513,-0.1692993335157932,-0.30271651073338257,-0.34010110846648006,-0.4022374430744372,-0.3126064123533905,-0.24952689910516193
2018-06-03,44.215,0,-0.17073368911491055,-0.3039081535118182,-0.34121165416148336,-0.4031506533678458,-0.31382981120165115,-0.25099425499642763,-0.1896514432106939
2018-06-04,43.37875,0,-0.3051538245246321,-0.3423193013237231,-0.4041043710419222,-0.31499621989567167,-0.25234607618154703,-0.19129507030491222,-0.22597854114908505
2018-06-05,41.0325,0,-0.3435111304595,-0.405074787581331,-0.31616921092626477,-0.2536885735575168,-0.1927713264901278,-0.22751522256484938,-0.327900757636917
2018-06-06,39.336190476190474,0,-0.4061786507653735,-0.31733150018782597,-0.25501405984970044,-0.19428444523689084,-0.22891598266627017,-0.32913738368876777,-0.40158925055799777
2018-06-07,37.37,0,-0.3185583553562216,-0.2563097884010209,-0.19575769202273047,-0.23032558354991892,-0.33032632592877936,-0.402608940319395,-0.4870015004762074
2018-06-08,33.29541666666667,0,-0.2576221792456402,-0.197182716757567,-0.231709182418356,-0.33144548880186675,-0.40364474088412833,-0.4877697396254121,-0.6640033394097021
2018-06-09,33.839,0,-0.1985779875134187,-0.23305576173592632,-0.3325775642906857,-0.4045539206934367,-0.4886280338452163,-0.6642504914689209,-0.6403898207398344
2018-06-10,31.42304347826087,0,-0.23440074833765362,-0.3337040508605599,-0.40550414791190637,-0.4892938225196118,-0.6647409350641964,-0.6407064901543652,-0.7453401217025984
2018-06-11,35.8025,0,-0.33490795621073033,-0.4064715101667935,-0.49003326961083826,-0.6649023384952463,-0.6412460080849265,-0.7453478211807075,-0.5550944463876304
2018-06-12,42.160000000000004,0,-0.4075734155294747,-0.4908161910497856,-0.6652049809106982,-0.641474700705921,-0.7456692281922735,-0.555662222336863,-0.2789216211041387
2018-06-13,52.871818181818185,0,-0.4917998683407864,-0.665605681255751,-0.6418356165010658,-0.7455988539594475,-0.5563790037179847,-0.28030243998403953,0.18640485804581045
2018-06-14,56.77363636363636,0,-0.6663443516991272,-0.6422873083216369,-0.7457007736760165,-0.5568507544247489,-0.28159317216064733,0.1836541346362469,0.35590169658536575
2018-06-15,52.91047619047619,0,-0.6430586647179134,-0.7459258338464294,-0.5574221619219204,-0.2828519062034345,0.18139634676690491,0.35265198053884117,0.1880841803377357
2018-06-16,42.46368421052632,0,-0.7465519175011847,-0.55805804217514,-0.2841048522774508,0.17881161627777914,0.350041939165874,0.18532851306334272,-0.26572943448753805
2018-06-17,35.3675,0,-0.5589474648633426,-0.285337105314252,0.1764103387339936,0.346974209716578,0.1830672351751535,-0.2671490906935142,-0.5739910533869729
2018-06-18,34.61772727272727,0,-0.28660880783485626,0.17417325096242092,0.34415464831738646,0.18047771928160497,-0.2684672392750309,-0.574503198400328,-0.6065615374469678
2018-06-19,34.00714285714285,0,0.1722574411576227,0.34155154589066317,0.17807229751065395,-0.26976356583265837,-0.575180708275978,-0.6069777961189126,-0.6330856150129951
2018-06-20,38.28458333333334,0,0.3394011176980384,0.17583158337899774,-0.2710490675503479,-0.5755986111256962,-0.6075876170203978,-0.6334237877482247,-0.4472715652620726
2018-06-21,38.780454545454546,0,0.17391344904772357,-0.2723098080425893,-0.5761233856254744,-0.6079127068709547,-0.6339784855020834,-0.4481567679210962,-0.42573068384197604
2018-06-22,35.87625,0,-0.27359977125514845,-0.5767184601907888,-0.6083571040152469,-0.6342279922208588,-0.4490976301049909,-0.42667930208629845,-0.5518907112929144
2018-06-23,32.77809523809524,0,-0.5775817260992674,-0.6088818452658279,-0.634606933315817,-0.4498766333830415,-0.42766493118748067,-0.5524679189238045,-0.6864760284397081
2018-06-24,30.040833333333335,0,-0.60970002694426,-0.6350743979753585,-0.450714125904611,-0.4285053174589647,-0.5531913584049918,-0.6866570217053157,-0.8053839881375401
2018-06-25,30.38,0,-0.6358558648904312,-0.4515828409115202,-0.4293959685114359,-0.5536722384898183,-0.687100761872286,-0.8052149206180823,-0.7906504267415013
2018-06-26,29.39708333333333,0,-0.45262151258134664,-0.43031119930207623,-0.5542515521560881,-0.6871981270267093,-0.8054115426336264,-0.7905247343004,-0.833348794472774
2018-06-27,24.26375,0,-0.43137968796975756,-0.5548943506150158,-0.6874453113988739,-0.8051700671265666,-0.7907519760529689,-0.833097399562578,-1.0563432372236334
2018-06-28,21.213809523809523,0,-0.5557882079296658,-0.6877974837973496,-0.8051238107463878,-0.7905524853693149,-0.83323590426399,-1.0554353546410142,-1.1888341028557219
2018-06-29,24.366666666666667,0,-0.6885050474300278,-0.805219211064402,-0.7905425884334637,-0.8329147401179111,-1.0551104254847523,-1.1875361718982502,-1.051872488249651
2018-06-30,26.872857142857146,0,-0.8057621816931964,-0.7906698046805535,-0.8327994722617049,-1.054153815362805,-1.1869358961808407,-1.0509777673922827,-0.9430023813667406
2018-07-01,27.935833333333335,0,-0.7912331695801287,-0.8328344848519281,-1.0534882424032608,-1.1856017394870295,-1.050662129483005,-0.942428170214378,-0.8968261898240129
2018-07-02,24.519583333333333,0,-0.8333387464532576,-1.0530417166074753,-1.1846092059153575,-1.0497182592276193,-0.9423387894844081,-0.8963879197297918,-1.045229715482641
2018-07-03,22.602500000000003,0,-1.0532373081645532,-1.1838765768570403,-1.049063719170715,-0.9417051559795785,-0.8963945037705819,-1.044354550710969,-1.1285087277469839
2018-07-04,22.11952380952381,0,-1.1838887738826085,-1.0486268475941944,-0.941319285288061,-0.8958924541506904,-1.0440527180148216,-1.127388392538557,-1.1494894432905887
2018-07-05,28.873809523809523,0,-1.0488286275847893,-0.9411175098641901,-0.8956205369440454,-1.0431277770348533,-1.1269134868570885,-1.1483073416051903,-0.8560800577638547
2018-07-06,32.330000000000005,0,-0.9414699884116399,-0.8955184752550696,-1.042489629995232,-1.125751233625905,-1.1477888331602573,-0.8557617428266611,-0.7059414988134147
2018-07-07,32.940000000000005,0,-0.8959348711222115,-1.042067102946931,-1.1249075708573504,-1.1465667931868637,-0.8558530067228457,-0.706065186429695,-0.6794428085384749
2018-07-08,30.734761904761903,0,-1.042278077897448,-1.1243052095465471,-1.1456713542632944,-0.8554670674657526,-0.7064684728619647,-0.6796445073521924,-0.7752394007814466
2018-07-09,27.764347826086958,0,-1.1244009092638174,-1.1450236868014698,-0.8552957034573729,-0.7065103691236893,-0.6801028641714455,-0.7751590778501741,-0.9042756018619844
2018-07-10,25.710416666666664,0,-1.1450903449053464,-0.8552816297309055,-0.7067095166589112,-0.6802202712212115,-0.775418347267304,-0.9038154009648726,-0.9934993488120277
2018-07-11,24.813333333333333,0,-0.8557544266017268,-0.7070196549552317,-0.680484812155077,-0.7752627719131511,-0.9038065034101772,-0.9927764763916369,-1.0324690756986024
2018-07-12,22.39047619047619,0,-0.7077002743846037,-0.6808521722206439,-0.775290906266909,-0.9032832259119417,-0.9925821513225377,-1.0316314777945488,-1.1377191429264664
2018-07-13,21.72375,0,-0.6815694712721575,-0.7754514013727721,-0.902992925065728,-0.9918046214301531,-1.0313561646495102,-1.1365716925848164,-1.1666820459094485
2018-07-14,22.073500000000003,0,-0.7760360982930308,-0.9028747769765476,-0.991294134454277,-1.03046758644657,-1.1360776455373802,-1.165449329816189,-1.1514887394772186
2018-07-15,21.382499999999997,0,-0.9032808613295771,-0.9909833149309121,-1.029860930080476,-1.1348891462653103,-1.1648950911797011,-1.1503007519352764,-1.1815061082968639
2018-07-16,20.415,0,-0.9912658953186427,-1.0294659585972832,-1.1340227540582344,-1.163624059087876,-1.1497780884919813,-1.1802297506935624,-1.2235347686919527
2018-07-17,20.08086956521739,0,-1.0296945968904299,-1.1334005036039831,-1.1626861923044725,-1.1485503513151027,-1.179644704238127,-1.2221346802140274,-1.238049553778404
2018-07-18,21.895,0,-1.1334834542176166,-1.1620013988137916,-1.1476499785336265,-1.1783314294308604,-1.2214622885136635,-1.2366067342917613,-1.1592428644183281
2018-07-19,23.882173913043477,0,-1.162044258829493,-1.146997993754083,-1.1773569798650192,-1.2200292486450361,-1.235904177521977,-1.158032049009595,-1.0729190840180343
2018-07-20,23.105416666666667,0,-1.147061884421988,-1.176640175015723,-1.2189510808608546,-1.2344297762559084,-1.157493270707158,-1.071962402734666,-1.1066617884287788
2018-07-21,21.96875,0,-1.17666251548871,-1.2181435185332863,-1.2333157889230049,-1.156243437340664,-1.0716030251476298,-1.1056057698291681,-1.156039129323612
2018-07-22,22.30826086956522,0,-1.2181076827203356,-1.2324768830960309,-1.1553239289499124,-1.0705991804174464,-1.1051762671238532,-1.1548377455965362,-1.1412906155898672
2018-07-23,23.255,0,-1.2324209558435821,-1.154655199767401,-1.069892701626481,-1.104076269030078,-1.1543056253941648,-1.140132650960296,-1.1001638172479706
2018-07-24,24.869565217391305,0,-1.15470835713604,-1.0694103816359448,-1.103286520081307,-1.1530649214057334,-1.139631181569354,-1.0991269284433598,-1.0300263358965884
2018-07-25,25.877916666666668,0,-1.0695830288214032,-1.1027313354614057,-1.15215331918408,-1.1384325050125776,-1.0987109300200988,-1.029195929331239,-0.9862230691053843
2018-07-26,25.027083333333334,0,-1.1028572758234332,-1.1514915082072767,-1.137557299134592,-1.0976294485744842,-1.0289256927626198,-0.9855216177924865,-1.0231836739834084
2018-07-27,25.29875,0,-1.151549100202363,-1.136927336375223,-1.0968557353020196,-1.028044075402103,-0.985342414509977,-1.0223734119702599,-1.011382344707957
2018-07-28,28.46375,0,-1.1370053433381921,-1.0963145825230745,-1.0274434472229117,-0.9845856191372595,-1.0221173960304961,-1.0106068253865634,-0.8738932386092937
2018-07-29,28.402916666666666,0,-1.0964495174099305,-1.0270537506379056,-0.9840930885454372,-1.021255277550415,-1.0103753353295273,-0.8735224823041118,-0.8765358675574777
2018-07-30,28.66625,0,-1.0272857701839369,-0.9837979815570702,-1.0206715356744192,-1.0095468459708963,-0.8735767263041285,-0.8761573314470867,-0.8650965422475309
2018-07-31,30.349545454545456,0,-0.9840906338082577,-1.0202966152620077,-1.0089922273844603,-0.8731400265260735,-0.876206083454959,-0.8647516831021539,-0.7919733866881636
2018-08-01,34.47541666666667,0,-1.0205381064555359,-1.0086427909840354,-0.8729247031965331,-0.8757618532294628,-0.8648242086650627,-0.7918437995002454,-0.6127435778942447
2018-08-02,39.180416666666666,0,-1.0089006176376978,-0.8728721633529366,-0.8755400084271069,-0.8644125759928739,-0.7920682918370707,-0.6131416368599817,-0.40835613897032375
2018-08-03,35.06416666666667,0,-0.8733203031280384,-0.8754817620409489,-0.8642189611276373,-0.7918650312407499,-0.6137386100563069,-0.4093559072539991,-0.5871679977313415
2018-08-04,37.281666666666666,0,-0.8759262438755911,-0.864185417035307,-0.7918518695077981,-0.614046083536355,-0.41037764466467946,-0.5876413502913264,-0.4908387425105565
2018-08-05,34.249583333333334,0,-0.8646457332423493,-0.7919762289303427,-0.6144752246573796,-0.4112675415180643,-0.5882914754390228,-0.4915956849563072,-0.6225538853594206
2018-08-06,30.516666666666666,0,-0.7925377625820167,-0.6149866162937616,-0.41220106942698576,-0.5886718292083487,-0.4924460045025865,-0.6229230631304778,-0.7847135617072252
2018-08-07,25.544166666666666,0,-0.6157962407602969,-0.41315381913599875,-0.5891640856792933,-0.49310085855466995,-0.6234996482463762,-0.7846053471846753,-1.0007213279238454
2018-08-08,23.076666666666668,0,-0.414246357737249,-0.5897307057036163,-0.49383083611002726,-0.6237791662297587,-0.7848449271113772,-0.9999771942549726,-1.1079107021097698
2018-08-10,28.299333333333333,0,-0.590575732018571,-0.49460547133648813,-0.6241840974996461,-0.7846623541452624,-0.9997678602484373,-1.1068510067529027,-0.8810355768487004
2018-08-11,24.387083333333333,0,-0.49558383709750664,-0.6246743045739164,-0.7846671081894352,-0.9989697505716071,-1.1064189085170537,-0.8806437937549195,-1.0509855785341649
2018-08-12,21.313333333333333,0,-0.6254703495628556,-0.7848071446143343,-0.9984414412145433,-1.1053153515131866,-0.8806831943295923,-1.0500934687073118,-1.1845107412105522
2018-08-13,22.83666666666667,0,-0.78537872735275,-0.9981150264139041,-1.1045225204984956,-0.8802261417120829,-1.049779674000877,-1.183225538075301,-1.1183364163163034
2018-08-14,30.079166666666666,0,-0.998387610101338,-1.1039646389509454,-0.8799931925388917,-1.0488383310874407,-1.18263424730003,-1.117246028029297,-0.8037187698962189
2018-08-15,24.37181818181818,0,-1.1040888505602904,-0.8799252293960161,-1.0481859797440158,-1.1813124104771795,-1.1167922627559466,-0.8035546047197694,-1.0516487039800666
2018-08-16,21.245416666666667,0,-0.8803634827101227,-1.047751023376985,-1.1803305460860822,-1.1156589965895714,-0.8037546874426922,-1.0507546419355924,-1.1874610735294149
2018-08-17,21.435000000000002,0,-1.0479540310325286,-1.1796072529760655,-1.1148404370245943,-0.8035179571490887,-1.0504394691016146,-1.186167184721225,-1.1792254833141842
2018-08-18,22.895833333333332,0,-1.1796254344208588,-1.114260041994062,-0.803475810190136,-1.0494962365428988,-1.1855697624752721,-1.1779558397893508,-1.1157661881612206
2018-08-19,23.41695652173913,0,-1.1143698222766625,-0.8035748064116821,-1.0488422487402307,-1.1842395183720593,-1.177375532998369,-1.1146833665340752,-1.093128348874902
2018-08-20,21.89,0,-0.8041200820440536,-1.048405860407663,-1.183250373158572,-1.1760687570704011,-1.1142349427873306,-1.0921121722378218,-1.159460066797631
2018-08-21,21.117916666666666,0,-1.0486079501615844,-1.1825207090455585,-1.175099935624935,-1.1131090007547684,-1.0917107951396865,-1.158248611952853,-1.192999734201636
2018-08-22,21.142916666666668,0,-1.1825348066253183,-1.174388055600041,-1.112296783992119,-1.0906493619966704,-1.1577093822538014,-1.1916895397743095,-1.191913722305122
2018-08-23,21.864166666666666,0,-1.1744135529257533,-1.111721939160516,-1.0898930108346794,-1.1564589299464219,-1.191080606914684,-1.1906067250580183,-1.1605822790906952
2018-08-24,23.83409090909091,0,-1.1118352771660291,-1.0893670505782176,-1.1555388855442061,-1.1897345798188885,-1.190000049181466,-1.1593675204930207,-1.0750078325905388
2018-08-25,21.173750000000002,0,-1.0895117239962553,-1.1548696873307993,-1.188731766313062,-1.1886571167900986,-1.1588259585781269,-1.0740450021059988,-1.1905743076327548
2018-08-26,21.018333333333334,0,-1.1549225440467976,-1.187990141912214,-1.1876569833415933,-1.157572308409505,-1.0736812836179217,-1.1892712535745926,-1.1973256815894164
2018-08-27,23.053749999999997,0,-1.187996572849641,-1.1869177040952228,-1.1566494946147239,-1.0726714867803289,-1.188667361310497,-1.1960027517275356,-1.1089062130149077
2018-08-28,26.053749999999997,0,-1.1869256382958522,-1.1559778730750236,-1.071959853381092,-1.1873282457212573,-1.1953848285520023,-1.1078435869095031,-0.9785847854332365
2018-08-29,26.65833333333333,0,-1.156029176419046,-1.0714730229076757,-1.186331417676782,-1.1940264742169022,-1.1074094197725037,-0.9779058209545727,-0.9523213977358747
2018-08-30,28.976250000000004,0,-1.071642778836714,-1.1855950307876,-1.193012985149412,-1.1063030259562445,-0.9777424917863438,-0.9517197517322665,-0.8516299947307581
2018-08-31,26.440416666666668,0,-1.185604819012846,-1.1922620192165627,-1.1055077382223422,-0.9770074625014362,-0.9516110039380218,-0.8513247806201443,-0.9617878014338209
2018-09-01,24.110833333333332,0,-1.1922624621555664,-1.1049477069498543,-0.976533781646108,-0.9509508149218631,-0.8514252927731594,-0.9611582866759371,-1.0629860099906439
2018-09-02,22.177083333333332,0,-1.1050705405679302,-0.9762551689108983,-0.9505419467860919,-0.851052034435877,-0.961029865512572,-1.0620585713223283,-1.146989030185996
2018-09-03,22.332083333333333,0,-0.9765583941132768,-0.9503200477033252,-0.8508916522814264,-0.960342700989483,-1.061719836952936,-1.145814289627444,-1.1402557564276097
2018-09-04,25.8025,0,-0.9506596268208182,-0.8508871881046148,-0.9599104716873933,-1.060744297555571,-1.1453009776173482,-1.1391008383864392,-0.9894992049932014
2018-09-05,28.078333333333333,0,-0.8513661447753683,-0.959668130674766,-1.060062331578744,-1.1440860628324827,-1.1386015196713966,-0.988788108853298,-0.8906359220138835
2018-09-06,27.075833333333335,0,-0.9599946063480101,-1.0596014612547389,-1.1431967944218415,-1.1374057920539842,-0.9886020970051846,-0.8902158758469327,-0.9341849990640919
2018-09-07,24.546666666666667,0,-1.0597878578518947,-1.142554526399016,-1.1365331399987362,-0.9878359659407764,-0.8902353246912393,-0.9336367459702052,-1.0440532025947509
2018-09-08,24.041999999999998,0,-1.1426246455874565,-1.1359054119336698,-0.9873353505093676,-0.8897509148865871,-0.933565689793281,-1.043181501434987,-1.065976162745712
2018-09-09,25.29214285714286,0,-1.135984851353966,-0.9870331689716607,-0.8894942740066744,-0.9329571823410687,-1.0428821138038353,-1.0650399211745165,-1.0116693621377497
2018-09-10,27.183333333333334,0,-0.987321286378854,-0.8894055796982192,-0.9325930711625658,-1.0419605254203308,-1.0646949725783963,-1.0108929978472974,-0.9295151479090821
2018-09-11,28.22583333333333,0,-0.8898305441656155,-0.9324103361595704,-1.0413252817761411,-1.063710912428173,-1.0106609113018776,-0.9289806426901536,-0.8842284518244514
2018-09-12,27.372083333333332,0,-0.9327750197725454,-1.0409052953118572,-1.0630215673601877,-1.0098316040570763,-0.9289192915404437,-0.8838272690208154,-0.921315758090402
2018-09-13,29.011666666666667,0,-1.0411178987975103,-1.0625542400441883,-1.0092762771697767,-0.9283240913172716,-0.8838600340652533,-0.9208053915821559,-0.8500914778773635
2018-09-14,31.015454545454546,0,-1.0627364976566598,-1.008926220978526,-0.9279715043852509,-0.8833938830167258,-0.9207610806546479,-0.8497907931053987,-0.7630459788992018
2018-09-15,33.480000000000004,0,-1.009183650341199,-0.9277988535465078,-0.8831530544750097,-0.9201892454499065,-0.8498945026511007,-0.7630015529663101,-0.6559849515737741
2018-09-16,30.552380952380954,0,-0.9281700011912537,-0.8830781965779707,-0.9198568929506629,-0.8495256284784245,-0.7632861631249913,-0.656255709480305,-0.7831621161407766
2018-09-17,33.21541666666666,0,-0.8835120302982618,-0.9197019480282235,-0.849369043071846,-0.76316533420116,-0.6567628171339368,-0.7830584690185451,-0.6674785774785469
2018-09-18,36.17,0,-0.9200844453101484,-0.8493679011972106,-0.7632235594495885,-0.6569470697993461,-0.7833012732067799,-0.6677154985610526,-0.5391300715088757
2018-09-19,37.70125,0,-0.8498489874908344,-0.7634103852595745,-0.6572694999713549,-0.7831231212469908,-0.6681987198104943,-0.5397448460073841,-0.47261184284739766
2018-09-20,35.765,0,-0.7640119603765521,-0.6576875153736318,-0.78313170394448,-0.6683502201873747,-0.5404948050396801,-0.473422444634555,-0.5567234642324014
2018-09-21,27.154736842105265,0,-0.6584372849103199,-0.783275090590061,-0.6686442864193981,-0.5410120479015349,-0.47431064388007765,-0.5572864444112998,-0.9307573930959716
2018-09-22,24.267916666666665,0,-0.7838488208473374,-0.6690374822701235,-0.5416228522413317,-0.4750174373881432,-0.5579998403178118,-0.9302192307515953,-1.0561622352408813
2018-09-23,26.22304347826087,0,-0.6697713422712516,-0.5422932062653679,-0.4757923952388789,-0.558466948967934,-0.9301552979300193,-1.0552548855216326,-0.9712305961774953
2018-09-24,27.287499999999998,0,-0.5432047269226475,-0.47660638997465066,-0.5590343363791234,-0.929556557799326,-1.0549303325292163,-0.9705732821692535,-0.9249900983402741
2018-09-25,30.59090909090909,0,-0.4776099855030849,-0.559666698900627,-0.929200905257878,-1.0539742381913402,-0.9704252367016174,-0.9244689147056075,-0.7814884354690929
2018-09-26,35.55708333333333,0,-0.5605538666940258,-0.9290255718915574,-1.0533091119080162,-0.9697111639477816,-0.9244169676520355,-0.7813897156029624,-0.5657554631717423
2018-09-27,40.05125,0,-0.929395000014184,-1.0528629769713103,-0.9692556317414889,-0.9238346620306463,-0.781635998085457,-0.5662918534684541,-0.37052672457508845
2018-09-28,41.54625,0,-1.0530588190722552,-0.9689928997806201,-0.9234932420041317,-0.7814626154537041,-0.5669864787990749,-0.37163786130319276,-0.30558321316355574
2018-09-29,38.420833333333334,0,-0.9693063046892505,-0.9233303626423774,-0.781475328455983,-0.5674278498240383,-0.37273821695758563,-0.3068855412689859,-0.44135280042607183
2018-09-30,40.34625,0,-0.9237077738838005,-0.7816223292790269,-0.5679729480918375,-0.3737359126818767,-0.3081208645111494,-0.4422554277173099,-0.35771178419622435
2018-10-01,40.37291666666667,0,-0.7821983762536197,-0.5685858067452715,-0.37476279592082873,-0.3093036235602308,-0.44320859045895294,-0.35886064765095815,-0.3565533715066093
2018-10-02,39.92916666666667,0,-0.5694604723997027,-0.37579723517746827,-0.3104907742270055,-0.4440044598761358,-0.3599876357056135,-0.3577056452869142,-0.3758300826697316
2018-10-03,41.737500000000004,0,-0.3769421374469397,-0.31166545372138854,-0.4448565587101072,-0.36102184894215417,-0.35883504079018075,-0.37692560650108103,-0.297275222155224
2018-10-04,42.80125,0,-0.3129002511303709,-0.44573805480891776,-0.3620803568574993,-0.3598725550447779,-0.3780149405548003,-0.2986020086893589,-0.25106541595855647
2018-10-05,45.79083333333333,0,-0.44678491926319797,-0.36314246893697116,-0.3609339216879326,-0.3789975238058017,-0.2998545978520315,-0.2525282425111732,-0.12119649333376625
2018-10-06,49.01608695652173,0,-0.36430510971223234,-0.36199853526551357,-0.3800113194315006,-0.3010610313899866,-0.2538768663036057,-0.12304164935469757,0.018910058828523743
2018-10-07,51.73333333333333,0,-0.36316277952152415,-0.38103430651710923,-0.30226868449527045,-0.25521497951496924,-0.12466017070628678,0.016652434123684386,0.136948534467594
2018-10-08,55.35833333333333,0,-0.382171867851275,-0.30346130442140495,-0.2565366690592808,-0.12636835898882376,0.014742739058737145,0.13434340870769362,0.2944202594621134
2018-10-09,53.1275,0,-0.30470760179388656,-0.25782907530842514,-0.1280105387211588,0.012635302509444874,0.13218840247963148,0.29135154256990126,0.19751179789652085
2018-10-10,50.86041666666667,0,-0.2591393365301741,-0.12958338635988217,0.01064736819365538,0.12974460295457527,0.28886927379624144,0.19472837605286009,0.09902861908098326
2018-10-11,45.217083333333335,0,-0.13107341280626628,0.00877197183593599,0.12746537359693141,0.28597674212913515,0.19244750540208877,0.09653512819719705,-0.14612046635876075
2018-10-12,45.09375,0,0.007088009185930115,0.12533508273895,0.283308904459881,0.18983112452676826,0.09445892829477022,-0.14789224709357787,-0.15147812504822952
2018-10-13,50.333333333333336,0,0.12348773062932608,0.2808385662026887,0.1874024373058315,0.09212318553265592,-0.14945897068363975,-0.15323413302728064,0.07613186826281447
2018-10-14,52.314166666666665,0,0.2787732409286989,0.18514136499983175,0.08993753484315271,-0.1510961354995557,-0.15478972216751527,0.07370578459539313,0.16218021086326778
2018-10-15,59.451249999999995,0,0.18321018091228045,0.08788912896233757,-0.15267680791636346,-0.1564116197749201,0.0716771694194239,0.15950080394952343,0.4722185071197186
2018-10-16,58.62041666666667,0,0.08609426579286844,-0.1541958342598324,-0.1579790705756087,0.06940667334233182,0.15729336048139655,0.46862635853869045,0.4361267117589061
2018-10-17,57.34458333333333,0,-0.1556513608157186,-0.1594865274903229,0.0672775271946892,0.15477766065679807,0.4657745840195816,0.4326408161339504,0.3807039046401452
2018-10-18,57.37583333333333,0,-0.1609346379477433,0.06527856498743748,0.1524361646340525,0.46237539765921587,0.42986404868563716,0.37738117177922836,0.3820614195107876
2018-10-19,58.268750000000004,0,0.06351539561715487,0.15025138802038143,0.4592687899388182,0.426567709669093,0.3747195857004117,0.3787346901745922,0.4208501444146102
2018-10-20,65.86083333333333,0,0.14836911009568554,0.45641451080778134,0.42355016918701155,0.37158117976650634,0.3760702828669342,0.41740922245812245,0.7506538571876143
2018-10-21,61.50260869565217,0,0.4541030762931517,0.4207738273564375,0.3687004115430629,0.3729280085524939,0.41466420323837067,0.7462420048837871,0.5613305050195407
2018-10-22,63.58208333333334,0,0.41851235128890507,0.36604375076264783,0.37004389025739864,0.41141139639744606,0.7428115775211233,0.5574760139004451,0.6516638728203702
2018-10-23,66.6025,0,0.36385899122721754,0.36738429803388695,0.408431555388353,0.738618960523843,0.5544390441072196,0.6475434434938547,0.782872210117528
2018-10-24,71.17739130434782,0,0.36519765941945354,0.4056882020640932,0.7348252307738474,0.5507859237933054,0.6443187401383028,0.7783655081337564,0.9816076653887217
2018-10-25,69.41954545454546,0,0.40344787189894293,0.7313696931207346,0.5474594057172596,0.6404082054496285,0.7748681236065909,0.976515893324954,0.9052460051838016
2018-10-26,66.97652173913043,0,0.7286728469753647,0.5444126964650351,0.6368587629244832,0.7705836970446154,0.9726054907083833,0.9003790391194655,0.7991198924475468
2018-10-27,75.16863636363637,0,0.5419779126687114,0.6336169861019777,0.7667104589274167,0.9677547466913331,0.8966273336360189,0.794565357867485,1.1549892500403134
2018-10-28,64.6895652173913,0,0.6310571623975179,0.7631853483581436,0.9633910697367322,0.8919941901523688,0.7910342069109519,1.149387048785823,0.6997734128707946
2018-10-29,65.2109090909091,0,0.7604439054044322,0.9594368060944339,0.8878189583033577,0.7867034808796873,1.145116319267678,0.6955113507772047,0.7224208388233936
2018-10-30,62.80833333333333,0,0.9564202725105877,0.8840295914636632,0.7827901467744752,1.1397715063003104,0.6921866647070098,0.7180921035169353,0.6180518046232638
2018-10-31,62.8775,0,0.8811187580790857,0.7792299506549566,1.1349799587239955,0.6881390368547178,0.714720350874829,0.6140303280246453,0.6210564375369524
2018-11-01,64.22041666666667,0,0.7764660175765501,1.130651291632863,0.6844708697323026,0.7106081868147829,0.6108754782952054,0.6170261154063841,0.6793933765780256
2018-11-02,58.535,0,1.1273947623758214,0.6811252042658393,0.7068841304337591,0.6070607247085756,0.6138650213571085,0.6751913125831537,0.4324161711124832
2018-11-03,52.869166666666665,0,0.6784987870908289,0.7034895596905278,0.6035942299575292,0.6100417057548949,0.6719089809264688,0.42894119918662216,0.18628967496587695
2018-11-04,54.57416666666666,0,0.7008317938330805,0.6004250356660966,0.6065677961785924,0.667919428118068,0.426172143097142,0.18353929065118554,0.2603556863081267
2018-11-05,68.33333333333333,0,0.5979117379577549,0.6033921136264393,0.6643015547959816,0.42288637765405995,0.18128174215883613,0.25738725430223763,0.8580604337528416
2018-11-06,69.41250000000001,1,0.6008746568899038,0.6609998983624887,0.41987799403449344,0.17869733989593756,0.2549757795643036,0.8533323803249755,0.9049399472856934
2018-11-07,110.10166666666667,1,0.6584016913375911,0.4171096648150502,0.1762963466006558,0.2521803184594201,0.8496787373363832,0.9000738822448747,2.6724967096552104
2018-11-08,106.65772727272726,0,0.41485332489679305,0.1740595075575883,0.24959654525481545,0.8451800540711807,0.8963228128202941,2.6624270206563714,2.5228903435475636
2018-11-09,86.09375,0,0.1721438571897964,0.24719976667639498,0.8411212666520936,0.8916905414806192,2.6550025608148027,2.513261090345483,1.6295813852346108
2018-11-10,89.86434782608696,0,0.245181593758191,0.8374337932211743,0.8875160649204895,2.6453334517050413,2.5061475470205887,1.6225820016901022,1.7933779490786101
2018-11-11,81.6125,0,0.8345882743450748,0.883727358987966,2.6367970031837626,2.4969047568905056,1.617324960310004,1.7858963543021877,1.4349137527844893
2018-11-12,86.37583333333333,0,0.880816949250291,2.6291914019957754,2.488737506568721,1.610627747440792,1.7802989059033334,1.4284874637949248,1.641835219466943
2018-11-13,84.27863636363637,0,2.6238343311784464,2.4814549681763056,1.6046650026329243,1.7731349376025878,1.4236349866306774,1.6347997610722533,1.5507319851299883
2018-11-14,77.11565217391305,0,2.4763049832534825,1.5993114923754115,1.7667679760623183,1.417492499530172,1.6295172533998137,1.5439647314022953,1.2395685433467607
2018-11-15,69.6740909090909,0,1.5953980302658528,1.7610607604298452,1.4120101549971744,1.622785121948973,1.538871557252317,1.2337173436745834,0.9163035808573977
2018-11-16,65.51545454545455,0,1.7569205702817476,1.4070770136797206,1.6167921371609952,1.5323990339914113,1.2292708388873652,0.9114040616853383,0.7356504382900175
2018-11-17,70.82136363636363,0,1.4034330114992142,1.6114121657437968,1.5266308735271596,1.223685008382025,0.907629376010602,0.73128275551539,0.9661416540719638
2018-11-18,68.12565217391305,0,1.607481741814436,1.5214476321444932,1.2186847362466176,0.9029647228091403,0.727883508715848,0.9610954133929508,0.8490386653603527
2018-11-19,73.90636363636364,0,1.5176433137764522,1.21417342704169,0.8987622031037652,0.7237336455291343,0.9572171527131877,0.8443371716963087,1.100155522101783
2018-11-20,85.95,0,1.2107998226957557,0.8949489583275745,0.7199769411771039,0.9524104807121606,0.8407022780221729,1.0947147493832712,1.6233368168296558
2018-11-21,75.86208333333333,0,0.8920228189903894,0.7165538021884216,0.9480849707398884,0.8362293032291166,1.0905579769922893,1.6163558170714285,1.1851129163880108
2018-11-22,77.06421052631579,0,0.7138777238519617,0.9441641046927751,0.8321927797065027,1.0853694184648555,1.6111117533440005,1.1794220321360365,1.2373338936960847
2018-11-23,73.48636363636363,0,0.9411689792406233,0.8285247880516181,1.0807131894191162,1.6044323350252492,1.1750886986949838,1.2314892727526405,1.0819105222403487
2018-11-24,73.35260869565217,0,0.8256917571533112,1.076502931309502,1.59848500054698,1.16965804519131,1.2270474120825376,1.076523462149581,1.076100143967142
2018-11-25,74.80333333333333,0,1.073322303178159,1.5931449749277116,1.164792158509868,1.2214679494449812,1.0724046070742268,1.0707301894224202,1.139120312570646
2018-11-26,83.56272727272727,0,1.5892401565815675,1.1603984418081048,1.2164731919721445,1.0672680395811822,1.066623409652551,1.1335648289011089,1.5196325535479986
2018-11-27,77.77000000000001,0,1.1571002152185654,1.2119667083116243,1.0626568354984434,1.0615033994397975,1.1293270786932015,1.5129568554357777,1.2679937242902992
2018-11-29,84.21900000000001,0,1.2085961971791264,1.0584859759840481,1.056906534193384,1.1240274859220503,1.5079283130738017,1.2620588419009853,1.5481413531150319
2018-11-30,84.40875,0,1.0553306026745073,1.0527482217189117,1.1192750996681717,1.501544410894241,1.2575532630350714,1.541381726115434,1.556384183409572
2018-12-01,80.35347826086957,0,1.049600891164592,1.114980700258523,1.4958529975260129,1.251886432005139,1.5362939358959864,1.5496002898120829,1.3802212493178772
2018-12-02,79.86041666666667,0,1.1117461368656105,1.490736912839742,1.2468160122824485,1.529828794911825,1.5444953690911107,1.3739559731044915,1.3588024190371384
2018-12-03,84.20416666666667,0,1.4869756424634097,1.242243321208158,1.524067027602493,1.5380067393003412,1.3692171595703988,1.3526001990948577,1.5474969860564332
2018-12-04,86.95291666666667,0,1.2388303705818795,1.5188893804792343,1.5322246303559393,1.3632305244759315,1.3479058988276493,1.540739256050434,1.6669039940781394
2018-12-05,85.50583333333333,0,1.5150886480772325,1.5270291835101977,1.3578831499601267,1.3419802989291347,1.5356528049742768,1.6597947341066392,1.604042005468258
2018-12-06,89.58285714285714,0,1.523217041340489,1.3530681126614152,1.336685781746749,1.529189500181409,1.6544601277415958,1.5971178089453233,1.7811498598487936
2018-12-07,82.61,0,1.3494998161229732,1.331916996672247,1.5234293230394211,1.6476565601968773,1.591913844283827,1.7737042641301843,1.478245627455395
2018-12-08,84.70565217391304,0,1.3283783481878506,1.5182530673744856,1.6416017107523957,1.5852894085470786,1.7681322285196215,1.471691770974939,1.5692817551283884
2018-12-09,89.52521739130434,0,1.5144532269086508,1.6361676053526792,1.579389689753887,1.7610031054374284,1.4667492401860756,1.562459891540557,1.7786459616128556
2018-12-10,86.58083333333333,0,1.6322024810977271,1.5740913297124992,1.754666320343819,1.4604832743788958,1.5573281666923495,1.7712077372811952,1.6507405170183571
2018-12-11,92.2225,0,1.5702132193425864,1.7489855102767902,1.4548939955587723,1.5508027839226892,1.7656409053483757,1.6436788417458401,1.895817201665
2018-12-13,78.01833333333333,0,1.7448622463121306,1.4498672825776737,1.5449888463844894,1.758518917385957,1.6383778268122011,1.888034029388862,1.2787814424623372
2018-12-14,71.37083333333334,0,1.4461633001953864,1.5397655482802486,1.752188311405874,1.6316203187850515,1.8822236886083963,1.2728148014161427,0.9900108791792841
2018-12-15,73.53761904761905,0,1.5359355532260281,1.7465129083037019,1.6256053575270377,1.874767808948677,1.2682868031850363,0.984894368354343,1.0841370816957123
2018-12-16,69.28173913043479,0,1.7423931102477428,1.6202061558431253,1.8681480480884558,1.2625892314244531,0.9809665019223706,1.0787434666934574,0.8992596328878399
2018-12-17,70.08583333333333,0,1.616263405155504,1.862219623210829,1.257492189799036,0.9760918120691744,1.074619984314279,0.894410290489665,0.9341898676984678
2018-12-18,64.15666666666667,0,1.8579376361271716,1.2528962035236044,0.971707397685531,1.0694770720073077,0.8906710260678536,0.9292376919369806,0.6766240462419151
2018-12-19,69.34769230769231,0,1.2494683204828474,0.9677349879856177,1.0648603732269608,0.8860549413778604,0.9254258344349648,0.6724301350566114,0.9021246702924225
2018-12-20,98.10454545454546,0,0.9647068226304116,1.0606847056382778,0.8818944826827643,0.9207102123893643,0.669153558706763,0.8972668933264892,2.1513360552438816
2018-12-21,86.91434782608695,0,1.0575262503137903,0.8781180429277895,0.9164635529520436,0.6651718973946534,0.8935216746964904,2.142800644591859,1.6652285452899667
2018-12-22,82.04400000000001,0,0.8752154959102564,0.9126116841922643,0.6615608582187368,0.8888974257829094,2.1364592767303514,1.6581242177798392,1.4536583181183202
2018-12-23,83.670625,0,0.9096607865656681,0.658265181929161,0.8847298967559899,2.1282752693860933,1.6527930933836092,1.4471768457981096,1.5243196821649985
2018-12-24,86.64999999999999,0,0.6556708082254298,0.8809472701854576,2.12102493976645,1.6459943002053596,1.4422854131060205,1.5176301853135885,1.6537451499320452
2018-12-25,91.05130434782608,0,0.878040757368546,2.114544742679483,1.6399435854290212,1.4360895114070893,1.5125919020178493,1.6466746291275784,1.8449399052087492
2018-12-26,91.53,0,2.1099090650963297,1.6345130980248714,1.4305609090847233,1.5061946433753146,1.641367369874104,1.8373065138756597,1.8657346721315644
2018-12-27,81.91799999999999,1,1.6305502929346716,1.4255872904009912,1.5004916631233285,1.6346012998313706,1.831601907845683,1.8580400617475992,1.4481848181598893
2018-12-30,114.89,1,1.421917341897609,1.4953654569635297,1.6285789237481008,1.8242910083607942,1.852292239398258,1.4417194596280016,2.8805041882341778
2018-12-31,103.43133333333334,1,1.4915976986398756,1.6231732338034677,1.8177968023598712,1.8449220830511923,1.436839402130601,2.869822132649991,2.3827342555066746
2019-01-01,104.25708333333334,1,1.6192263240876528,1.811978242871345,1.8383765597787753,1.4306590977419864,2.8619653853171565,2.373517616820359,2.4186052284485298
2019-01-02,118.78458333333333,1,1.8077666804007622,1.83251309568017,1.4251440029085207,2.8517035371526323,2.3666953501557977,2.409282986899454,3.049686741512772
2019-01-03,102.85708333333334,1,1.8282727489872226,1.420182203803354,2.8426537683190514,2.3578519494501338,2.4023861720839883,3.0385066185362035,2.3577885622437496
2019-01-04,102.28041666666667,0,1.4165198317465129,2.8345989918768417,2.350030575956316,2.39344055329107,3.0302982708569672,2.3486453627871526,2.3327378878308282
2019-01-05,99.84166666666665,0,2.8289539960474563,2.3430506932516026,2.3855306575039243,3.019554319320978,2.34187493902378,2.323668436664705,2.226797427325894
2019-01-06,93.73791666666666,0,2.3380947131002165,2.3784733143468255,3.0100870422243378,2.3331026236788257,2.3169500739775515,2.2180398610905088,1.9616476227920192
2019-01-07,88.59666666666668,0,2.37346768141186,3.0016669298004706,2.3253428111016814,2.308249143148068,2.211541667102135,1.9536706481080401,1.7383092762739307
2019-01-08,81.91875,0,2.995787750618519,2.3184167965953124,2.3005511505598055,2.203142624689596,1.9477234965369608,1.7309898017027787,1.4482173985167852
2019-01-09,85.58416666666666,0,2.313495346399688,2.293679230950046,2.195706071693041,1.9400800262105016,1.7255067987006798,1.4417519440694908,1.6074448427440018
2019-01-10,91.23916666666666,0,2.288792456025627,2.1890629219025444,1.9332978092089785,1.7184997543398248,1.4368718188625982,1.600510628389702,1.8531007337354521
2019-01-11,99.30083333333333,1,2.184322790303531,1.9272272288841183,1.712268691126458,1.4306914216328506,1.59529959184791,1.845443317214746,2.203303369964643
2019-01-12,102.01041666666667,0,1.9228541189960013,1.7066803918198579,1.4251762463976652,1.5886654593706209,1.8397217511018216,2.194614969394745,2.321008959348478
2019-01-13,97.63333333333333,0,1.7026164280093397,1.4202143769378643,1.5827573430644888,1.8323875964829341,2.188165601473519,2.311974037728761,2.130866376467164
2019-01-14,81.5925,0,1.4165519597831269,1.5774516348724053,1.82587325121069,2.1798335078334383,2.305280050458797,2.1223912278181296,1.4340449432672784
2019-01-15,77.47791666666667,0,1.5735688142777913,1.8200370690758376,2.1724549334102705,2.2966125424371358,2.1160924006678785,1.427621212021892,1.2553054852993615
2019-01-16,97.88499999999999,0,1.815814210344813,2.1658625171282995,2.2889434944679445,2.1079667238131408,1.4227705404441031,1.2494079566323175,2.141798896225404
2019-01-17,97.90249999999999,0,2.161154906123234,2.2820969025265403,2.100766909213313,1.4166305291071402,1.2449287468519743,2.133291562628793,2.142559104552964
2019-01-18,93.93208333333332,0,2.2772263628447083,2.0943309147349796,1.4111503286199998,1.2392980722854416,2.126970015182273,2.1340495329301965,1.970082315188277
2019-01-19,90.10000000000001,0,2.0897235713855227,1.4062190634261278,1.23425896456579,2.118813184969627,2.1277264055955256,1.9620805090712339,1.803614791650968
2019-01-20,91.31083333333333,0,1.4025762638561834,1.2297136727129763,2.1115863911260973,2.1195674090897803,1.9561158282649536,1.7961030599757493,1.8562139678387923
2019-01-21,74.58458333333333,0,1.2263182852117804,2.1051267887593585,2.1123387392061255,1.948448322400771,1.7904843370581887,1.8485473860681139,1.129617708476149
2019-01-22,64.52333333333333,0,2.1005043125603295,2.1058774952312524,1.9416452902873844,1.7832911978044006,1.8428193499370469,1.1240902001335618,0.692552220724119
2019-01-23,65.135,0,2.1012539667479815,1.9355564959294171,1.7768989738107706,1.8354763238321328,1.119872198527544,0.6883114175622137,0.7191233117921603
2019-01-24,70.67041666666667,0,1.9311717106970938,1.7711696525482679,1.8289542957289004,1.1145996844201371,0.68500173879396,0.7148042842874696,0.9595844458786188
2019-01-25,60.445,0,1.7670152925105047,1.8231113908178798,1.1098707486678214,0.6809746884835741,0.7114393846666942,0.9545575093862543,0.5153874800061474
2019-01-26,54.14681818181818,0,1.818884222732341,1.105596869359849,0.6773243418002762,0.7073366172546384,0.9506928760967128,0.5116682435112614,0.24179146476802066
2019-01-27,55.04136363636364,0,1.1023754595199586,0.6739942699116998,0.7036206985022089,0.9459048895459058,0.5087267539149973,0.23887768516709232,0.2806509449923737
2019-01-28,55.34916666666667,0,0.6713778483476649,0.7002332485007542,0.9415955614348851,0.5052045530536213,0.23650479116102283,0.27762276447001716,0.2940220551000587
2019-01-29,57.88333333333333,0,0.6975800470970308,0.9376888551462447,0.501991413054696,0.23376223074607255,0.27516911150598705,0.29095451050726157,0.4041074610100203
2019-01-30,69.70916666666666,0,0.9347028062150959,0.49904391403318576,0.23122427027889303,0.27231581693987006,0.28847306929406186,0.40071582891530133,0.917827288457658
2019-01-31,83.21583333333334,0,0.4966727248062559,0.22886757962897725,0.26968195914889753,0.2855816723519125,0.39800560485125963,0.9129232835448616,1.5045633157475826
2019-02-01,71.96833333333333,0,0.22687510340085032,0.26724135460786613,0.28291481737034285,0.39480050803693234,0.9091454312544804,1.49793198093306,1.015966563505967
2019-02-02,76.50791666666667,0,0.2651950888891471,0.28044533900312557,0.3918619845782116,0.9044764360889274,1.4929347559210586,1.0107736400736997,1.213168223714621
2019-02-03,75.35375,0,0.2783805649256434,0.3891547857188104,0.9002701561819165,1.4865937951099086,1.0067918317462805,1.2073947456402234,1.163030674492228
2019-02-04,77.58125,0,0.38693763086136573,0.8964536210829288,1.480939569567362,1.0018431784572568,1.203003106803116,1.1574047995714514,1.2597943344716185
2019-02-05,85.14083333333333,0,0.8935253726219171,1.4758560256760964,0.9973947107036308,1.197492506768387,1.1531173581195515,1.2538835907929868,1.588186231779155
2019-02-06,82.16041666666666,0,1.4721156142155347,0.9933662518117097,1.1925573852728075,1.1477496302725787,1.249395052149275,1.5813087140874735,1.4587155135164196
2019-02-07,67.55916666666667,0,0.9903021584659634,1.1881030854137138,1.1429382380900064,1.2437515861377735,1.5761377013788445,1.4522191529936377,0.8244302653574607
2019-02-08,57.58916666666667,0,1.184766024524776,1.1385922061959486,1.2387014008478598,1.5695584483267437,1.447317210283705,0.8198012179438285,0.39132872102770666
2019-02-09,52.0875,0,1.135324545958194,1.2341464156898732,1.5636978583704455,1.441106897577821,0.8162174661977328,0.38797470908694304,0.1523337030015415
2019-02-10,58.268750000000004,0,1.2307448147007736,1.5584337375844264,1.4355658151218615,0.8118146156129818,0.3852910421903947,0.1496832838551509,0.4208501444146102
2019-02-11,66.09333333333333,0,1.5545775748572705,1.4305812758354466,0.8078388206356157,0.3821223597315027,0.14749630370022002,0.41740922245812245,0.760753767825194
2019-02-12,72.83041666666666,0,1.4269043271364181,0.8042239688216772,0.3792153716139311,0.14500866252910144,0.41466420323837067,0.7563121817452944,1.053415873737422
2019-02-13,81.17833333333333,0,0.8014250009960826,0.3765357674055463,0.14269146569273702,0.41141139639744606,0.7528607644400507,1.048112700873804,1.4160533461816973
2019-02-14,69.54083333333334,0,0.37433630094511794,0.14052795181299363,0.408431555388353,0.7486393666915908,1.0440530642467478,1.409682581555336,0.9105148083544647
2019-02-15,56.138749999999995,0,0.1386593034746673,0.4056882020640932,0.7448207124085057,1.0389976952333675,1.4048693006637913,0.9056323311218355,0.3283219308316232
2019-02-16,51.31666666666666,0,0.40344787189894293,0.7413433648187538,1.0344568101697735,1.3987805582635178,0.901869675850813,0.3251534086301214,0.118848336192362
2019-02-17,52.882083333333334,0,0.7386325383256005,1.0303474825342929,1.3933447573926694,0.8972215183617415,0.32260068436819667,0.11629649676950896,0.18685078111240924
2019-02-18,58.119166666666665,0,1.0272315516624462,1.388452343591305,0.8930332841740283,0.3196115463445318,0.11417910692599828,0.18409874492126937,0.41435217323380164
2019-02-19,59.5225,0,1.384834448081749,0.8892325397818546,0.31686004621922637,0.11178688580807424,0.18184003032099888,0.41093038107231383,0.4753136410247835
2019-02-20,58.01708333333334,0,0.8863144132930731,0.31431650005643386,0.10955232407245456,0.1792540291274792,0.40819886613461603,0.4717123804801203,0.4099176246563701
2019-02-21,58.76666666666667,0,0.3122042479161386,0.1074611191224284,0.1768516511359147,0.4049645759418519,0.4688541735592532,0.4065088876474589,0.4424798813535127
2019-02-22,57.856500000000004,0,0.10563882139951321,0.1746136004297006,0.4020007706090655,0.46544616729126786,0.40378658872397616,0.43897528222425336,0.40294180824109554
2019-02-23,50.763749999999995,0,0.17269717337592072,0.3992714491257616,0.462331921407504,0.40056493524095943,0.43618531142496253,0.3995536077864824,0.0948293730811289
2019-02-24,53.9575,0,0.3970401134854398,0.4594709585862068,0.397612073475569,0.43287086838751504,0.39684580621760585,0.09234824462753767,0.23356739286078346
2019-02-25,53.12708333333333,0,0.45715523977145,0.39489232803971414,0.42983764957010306,0.39364403105269785,0.09028077172632679,0.2306778246337244,0.19749369769824562
2019-02-26,48.52125,0,0.39266713072413595,0.4270475885858367,0.39070838418883547,0.08795699515466715,0.22832202214492658,0.19471032914092193,-0.002585894036170028
2019-02-27,39.94625,0,0.4247773184285695,0.3880037024619066,0.08578170735347355,0.22560289708259876,0.19242949610653515,-0.004780235423772518,-0.3750879745404471
2019-02-28,41.22375,0,0.38578816110696595,0.08374236940330404,0.22308523195858984,0.18981316680962176,-0.006645256943327453,-0.3761856831116155,-0.3195927666285853
2019-03-01,47.44571428571429,0,0.08195331885155133,0.22074630052394317,0.18738452425630703,-0.00869143852780165,-0.3772765594371014,-0.32085385110914083,-0.049307677269765586
2019-03-02,53.27708333333334,0,0.2187652080980681,0.18512349103621523,-0.010626325187261127,-0.3782612574027952,-0.32206005926966147,-0.051364471396781186,0.20400976907732943
2019-03-03,51.62875,0,0.18319233200305063,-0.012455302780815379,-0.3792768844009971,-0.32320289663162255,-0.053132394280270355,0.2012072174386687,0.13240538470051086
2019-03-04,51.66916666666666,0,-0.014109510623301744,-0.3803014740088319,-0.3243554745589506,-0.05504543725924863,0.1989128425058434,0.12981363381120936,0.13416110393320832
2019-03-05,49.10608695652174,0,-0.38144006257285273,-0.32549990156057623,-0.05686502402408598,0.19627794498236242,0.12766806929566965,0.13156418426921324,0.022819701655974335
2019-03-06,48.27608695652174,0,-0.32671530687424605,-0.05859310972180541,0.193833222085119,0.12523721595080362,0.12941497096437202,0.020550567102332756,-0.013235893308288277
2019-03-07,51.465833333333336,0,-0.06018264503380036,0.19155811793816327,0.12296919816628782,0.12697911451401417,0.018632746898322398,-0.015398881478531568,0.12532820717489537
2019-03-08,53.51521739130435,0,0.18961793932578355,0.12084871787120316,0.12470676397016203,0.016514169413089575,-0.01724176984451542,0.12275729124337939,0.2143544258741956
2019-03-09,47.227391304347826,0,0.11900765441264313,0.12258249234200572,0.014516586890942857,-0.019257603142740925,0.12062643473419929,0.21152141993551365,-0.05879173147162025
2019-03-10,53.00583333333333,0,0.12073899860793494,0.012632747977105127,-0.02116620776181548,0.11821574854652192,0.20920554642116973,-0.0608206048819072,0.19222654000015293
2019-03-11,48.657916666666665,0,0.010943373579570167,-0.022972187547006313,0.11596519580221759,0.20654117071674297,-0.06256881771445996,0.18945867776691,0.003350970998105954
2019-03-12,49.298750000000005,0,-0.024611653606217497,0.11385999809714344,0.20407091930247748,-0.06445483488955207,0.18718879110042771,0.0011391516919519395,0.03118907594541325
2019-03-13,55.5425,0,0.11202873090378652,0.2017734767094317,-0.06625101693020335,0.18458747111998977,-0.0007382080017358738,0.028895302252880437,0.3024205470997662
2019-03-14,52.32826086956521,0,0.19981897897038733,-0.06795862258323268,0.18217182684468408,-0.0028013073037494282,0.026960088559752477,0.29932827764657904,0.16279246974405595
2019-03-15,48.64791666666667,0,-0.06953503001906149,0.17992216762380728,-0.004750844943232835,0.02481766166756962,0.2968293824309475,0.160111260362041,0.00291656623950047
2019-03-16,44.913333333333334,0,0.1779982994171749,-0.006592642714596415,0.02279942522541303,0.2939140531078888,0.15790254447881932,0.0007060258054355909,-0.159315510901405
2019-03-17,50.17250000000001,0,-0.00825506839592324,0.020897513327614244,0.29122647234969995,0.1553850999585361,-0.0011704310950229875,-0.16104844589651462,0.06914519172857506
2019-03-18,51.01727272727272,0,0.019196553999529402,0.28873885812119143,0.1530420930049238,-0.0032322925152653698,-0.16258774714223848,0.06673967658725398,0.10584252099532228
2019-03-19,49.349583333333335,0,0.28666245880827634,0.15085599426793148,-0.005180758131820197,-0.16418731129935507,0.06472558133572161,0.10332897022774397,0.03339730013499141
2019-03-20,46.43875,0,0.14897286885137215,-0.00702161784139285,-0.1657354210197072,0.06247499452378256,0.10123860946636917,0.031097025509338825,-0.09305068501578029
2019-03-21,50.407916666666665,0,-0.008683442217438666,-0.16722595373627677,0.06036309007824126,0.09888344977844267,0.02915722261729559,-0.09497870129082021,0.07937180375408084
2019-03-22,40.074999999999996,0,-0.1686632156442523,0.05837921503146028,0.09668098375959382,0.027008503159442605,-0.09665571612038694,0.07693618183232803,-0.36949501327340056
2019-03-23,43.85181818181818,0,0.056625716654447246,0.0946178638110657,0.024984817267399064,-0.09844410882601447,0.0749008333235241,-0.3706091873227166,-0.20542823421641457
2019-03-24,50.451249999999995,0,0.09281356880383648,0.023078136888829735,-0.10015574671059711,0.07262110471155535,-0.37171168711102887,-0.20702541500157742,0.08125422437470482
2019-03-25,53.72958333333333,0,0.02137412092556643,-0.10178937293619093,0.0704839630595704,-0.3727123228045265,-0.20846888337814945,0.07881306067389908,0.22366658440423123
2019-03-26,48.97833333333333,0,-0.10331835895390709,0.06847800447479468,-0.37374175209793387,-0.20993704450967762,0.0767738000611018,0.2208061638035371,0.01727002347175945
2019-03-27,51.9125,0,0.06671035036929122,-0.3747784192513269,-0.2113713573718838,0.0744887072947913,0.2184709374770889,0.015017226972416035,0.14473161972594414
2019-03-28,59.23,0,-0.37592474962084066,-0.21276231340804078,0.07234692021011584,0.21578002580346237,0.01311094027900815,0.1421035808411134,0.4626073018355704
2019-03-29,60.04666666666666,0,-0.21413574584936856,0.07033689669091278,0.2132867938687007,0.011008177181909943,0.13993239956769415,0.45904344829951443,0.4980836904550252
2019-03-30,61.65708333333333,0,0.06856663692919161,0.21096924242570556,0.009024290141089944,0.1374664213275711,0.4562116480806024,0.4944153956983564,0.5680409567887976
2019-03-31,47.29125,0,0.20900185474936014,0.0071524353065087615,0.13516798489245682,0.4528398498544239,0.49150986736572355,0.5641667103394409,-0.05601767934465541
2019-04-01,44.155,0,0.005470742801802928,0.13302088709405463,0.44975696064132104,0.48803697546156594,0.5611157946805166,-0.058054719465294176,-0.19225787176232742
2019-04-02,47.509166666666665,0,0.13116276159814597,0.44692343612740837,0.4848665377092957,0.5574435522327931,-0.0598086974176532,-0.19389382562401092,-0.04655127564670898
2019-04-03,52.08916666666667,0,0.44462530549212115,0.4819564048157907,0.5541004741213994,-0.06170261954427318,-0.1953646650498511,-0.0486161845216235,0.1524061037946427
2019-04-04,52.0047619047619,0,0.4796091675825544,0.5510392741936474,-0.06350564738351729,-0.1968703565059871,-0.050389835843102936,0.1497554715029039,0.14873952077260238
2019-04-05,49.262,0,0.5485952017557818,-0.06521924337678758,-0.19833717115425525,-0.052310733476653055,0.1475683408824348,0.14609968277028262,0.029592638457537564
2019-04-06,44.945,0,-0.06679949066970979,-0.19975656751834622,-0.054137122482215805,0.1450804933976877,0.14392017215456981,0.027303564619932327,-0.15793989583248735
2019-04-07,38.11571428571428,0,-0.20114823044251187,-0.055871160405346704,0.14276311789083518,0.1414427729814389,0.025371668691921805,-0.1596768805892126,-0.4546073170487634
2019-04-08,41.75826086956522,0,-0.05746451114251758,0.14059944766745996,0.13913444585859072,0.023233791015248008,-0.16121904068016235,-0.4554709235166151,-0.29637336010203214
2019-04-09,47.65277777777778,0,0.13873069911158678,0.13697869332342702,0.02121949425735395,-0.162822524796221,-0.456396540317228,-0.2977028016858303,-0.04031274064117889
2019-04-10,46.002916666666664,0,0.13511502007046142,0.019321029736636817,-0.16437402925584696,-0.45715463960370234,-0.29895726512575055,-0.04239601554026239,-0.11198349241167314
2019-04-11,43.18083333333333,0,0.017622280205459685,-0.16586753250142114,-0.45797402897617434,-0.3001662686139045,-0.04418263197561723,-0.11385577117816156,-0.23457613532982022
2019-04-12,43.345,0,-0.1673066985427865,-0.45882690302295936,-0.30137614733200746,-0.04612130696682557,-0.11549343926948746,-0.23608750573548704,-0.22744465720937876
2019-04-13,47.2845,0,-0.45985542050777256,-0.3025707147559905,-0.047963091412779324,-0.11722788096125474,-0.2374703980542459,-0.22897702243184223,-0.056310902556714025
2019-04-14,41.785833333333336,0,-0.3038182604905229,-0.04971060094551881,-0.11889279651320007,-0.23885549919450685,-0.23037473560611438,-0.05834707943869263,-0.2951755991552972
2019-04-15,42.43565217391304,0,-0.051312587094641954,-0.12048553887907268,-0.24021788094248248,-0.23178015863878543,-0.06010044800562192,-0.29650856690452954,-0.2669471594973593
2019-04-16,48.655,0,-0.12198831800829152,-0.24154589445377403,-0.23316013942983854,-0.06199353456204636,-0.2977655195678101,-0.2683632307644129,0.003224269610179445
2019-04-17,33.73583333333333,0,-0.24287898022181467,-0.23450355278886448,-0.06379583878581367,-0.2989779362009925,-0.2696788486326439,0.001012823308384761,-0.6448714298327819
2019-04-18,33.46375,0,-0.23584650998526838,-0.0655088015873751,-0.30019077075043116,-0.27097170515555813,-0.0008642730706111924,-0.6451749055502598,-0.6566908593065085
2019-04-19,34.454166666666666,0,-0.06708864299923262,-0.30138792464188846,-0.27225420177464926,-0.002927011323774822,-0.6457051096640062,-0.6569595390458944,-0.6136666880062817
2019-04-20,37.75791666666667,0,-0.3026371283232283,-0.2735123126886438,-0.00487623628990406,-0.6459210314713947,-0.6574651796605288,-0.6140620293688291,-0.47015021588196615
2019-04-21,40.38458333333333,0,-0.2748005903200376,-0.006717760459911954,-0.6462708875633263,-0.6576474207680599,-0.6146570841295422,-0.47096806461096197,-0.35604656595490297
2019-04-22,44.81166666666667,0,-0.008380010760531817,-0.6467129017130877,-0.6579681089028098,-0.6149619271108266,-0.4718613796847836,-0.35720033175264515,-0.1637319592805616
2019-04-23,43.909166666666664,0,-0.6474780546432151,-0.6583845999546765,-0.615388790183128,-0.47257518785621916,-0.3583307805146792,-0.1654518924094317,-0.20293698874471452
2019-04-24,45.88625,0,-0.659133392370283,-0.6158981884382043,-0.4733562205035501,-0.35936973896467606,-0.166982015257325,-0.2045415036675401,-0.11705154792873816
2019-04-25,48.63916666666666,0,-0.6167065351310175,-0.4741755309228038,-0.36043235630124737,-0.16856899428310135,-0.20599014942649493,-0.11890890652085331,0.002536462075720324
2019-04-26,44.975833333333334,0,-0.47518253384783044,-0.36149806428425113,-0.17010620510367958,-0.20746540962242294,-0.12053604202450482,0.0003270406547334396,-0.15660048116012018
2019-04-27,33.514583333333334,0,-0.36266301006308954,-0.17158720085870804,-0.20890587037369682,-0.12225604176227507,-0.0015486263016495575,-0.1583414091057869,-0.6544826351169301
2019-04-28,45.8025,0,-0.17301834949632663,-0.21030220605209418,-0.12390845038005364,-0.0036094045753421633,-0.15988635280919347,-0.6547578157894358,-0.12068968778205959
2019-04-29,47.46083333333333,0,-0.2116790868881017,-0.12549024869169878,-0.005556932171834482,-0.1614936537273799,-0.6552680456029853,-0.12253633582042824,-0.04865089864663585
2019-04-30,46.93833333333333,0,-0.12698601259263917,-0.007396971077340074,-0.16304846359103564,-0.6554565792761867,-0.1241559104307849,-0.05070962630645288,-0.07134854728377696
2019-05-01,44.30875,0,-0.009058269311265006,-0.16454485919379852,-0.6557827168608235,-0.12586554290872157,-0.05247891412732435,-0.07334045387693663,-0.18557889859876667
2019-05-02,44.46083333333333,0,-0.16598587925978034,-0.6562039763934606,-0.1275089733344733,-0.054393828665647126,-0.07506257075158057,-0.18723451511882064,-0.17897232622830708
2019-05-03,39.87,0,-0.6569558254442457,-0.1290829153786194,-0.05621503622705507,-0.0769128059673596,-0.18871923499056031,-0.18064739226138332,-0.3784003108248147
2019-05-04,41.557916666666664,0,-0.13057364334783136,-0.05794454018486316,-0.07867800033074922,-0.1902439588789281,-0.18214584211348428,-0.3794882679963034,-0.3050764076118494
2019-05-05,43.33708333333333,0,-0.05953498461317583,-0.0803584905599814,-0.19172725587972314,-0.18368939212045532,-0.38057226052341636,-0.30638022773471685,-0.22778856097660816
2019-05-06,47.192499999999995,0,-0.08191751678736132,-0.19316107494384963,-0.1851889928032892,-0.38154751964060496,-0.3076166042356478,-0.22931991375866775,-0.06030742633588553
2019-05-07,51.144285714285715,0,-0.1945619829367108,-0.18663707822381934,-0.38255497246397646,-0.3088008074801289,-0.2307169122216334,-0.06233183759464408,0.11136002559163759
2019-05-08,51.53130434782609,0,-0.1880471310678292,-0.38357240935065545,-0.30998920884032033,-0.23212135526456895,-0.06407690046386441,0.10883023148765442,0.12817229919953388
2019-05-09,50.324285714285715,0,-0.3847064129619086,-0.3111649827401261,-0.23350048737080362,-0.06595859850799406,0.1067284040798096,0.12559301036270967,0.07573883538598077
2019-05-10,43.35818181818182,0,-0.3124004816719363,-0.23484315809757839,-0.06775104012081844,0.10435752168575053,0.12345624317467006,0.07331390879330675,-0.22687203275485313
2019-05-11,43.66608695652174,0,-0.23618563926063482,-0.06945537275390333,0.10214143958347113,0.12103745244945462,0.0712861104302592,-0.2284060837632523,-0.2134964870254564
2019-05-12,52.837391304347825,0,-0.07102968215717557,0.10006640503193619,0.11877988106228092,0.06901673434143628,-0.2298049869831448,-0.215069915162608,0.18490933810610494
2019-05-13,46.74133333333334,0,0.09825447266672221,0.1166685417714959,0.06688855811930047,-0.23121204176905966,-0.2164966158499145,0.18216301745381272,-0.07990632102830651
2019-05-14,38.23761904761905,0,0.11483333777146222,0.06489044463462149,-0.2325934356812459,-0.2179417856516295,0.1799083376196591,-0.08187303384131021,-0.4493117161819525
2019-05-15,44.26285714285714,0,0.06312781930245027,-0.23393808557626897,-0.21935618770062856,0.17732786877093923,-0.08357736568933823,-0.45019091270955747,-0.18757250615165308
2019-05-16,40.25476190476191,0,-0.23528183540236147,-0.22072972100020227,0.17493028186735443,-0.08540321463422514,-0.4511275349895363,-0.18922225356229797,-0.361686070588943
2019-05-17,41.49333333333333,0,-0.22209198532486815,0.17269642354961534,-0.08714729014592174,-0.4519007246442687,-0.19070283025796775,-0.362823233886528,-0.3078819383445103
2019-05-18,37.76958333333334,0,0.1707826838511403,-0.08880930055787267,-0.45273318248672717,-0.19222187315320713,-0.3639419624578896,-0.3091774990851354,-0.4696434103302595
2019-05-19,39.62416666666667,0,-0.09035648107121672,-0.4535974919534397,-0.19370025033449065,-0.36496485054989286,-0.31040804504646086,-0.47046275107669266,-0.3890794278072015
2019-05-20,48.66545454545455,0,-0.45463333963596425,-0.19512976436504093,-0.36601355073165925,-0.3115842536378365,-0.4713571194092817,-0.39013594603983226,0.0036784200396309274
2019-05-21,39.731875,0,-0.19652791279616602,-0.3670670806624844,-0.3127657315166142,-0.47207237177611694,-0.3911977449000599,0.0014656367351976011,-0.3844005265530539
2019-05-22,40.9475,0,-0.36822422021026396,-0.3139354471006869,-0.4728546551168646,-0.3921425727570405,-0.00041240347308346204,-0.38547081930381144,-0.3315931980850644
2019-05-23,39.585454545454546,0,-0.3151670626025572,-0.473675059941541,-0.3931236716834177,-0.0024764358753714996,-0.3865423419994456,-0.33281895372415754,-0.3907611007742276
2019-05-24,36.31333333333333,0,-0.4746827643893955,-0.39411804788440313,-0.004426781592744254,-0.3875005028746699,-0.33400022222172054,-0.39181266822172545,-0.532903603302196
2019-05-25,36.13782608695652,0,-0.3952372694074981,-0.00626928646371539,-0.38849314838134036,-0.335108863099753,-0.3928709721778611,-0.5335367083006487,-0.5405277216017806
2019-05-26,37.21125,0,-0.00793216540167449,-0.38949762828953216,-0.33623182639367905,-0.39381100793192453,-0.5342996073692303,-0.54113838146835,-0.4938976760190707
2019-05-27,35.943333333333335,0,-0.39062332637159136,-0.3373503394383303,-0.39478795683014645,-0.5348345932031386,-0.5418854358615607,-0.4946456130738604,-0.548976579370602
2019-05-28,35.04611111111112,0,-0.3385491336936122,-0.3957787015949563,-0.5354607632049118,-0.5423986959733691,-0.4954895754511505,-0.5495623661017566,-0.5879523396566017
2019-05-29,39.59863636363636,0,-0.3968955953377589,-0.5361445627812845,-0.5430060511959175,-0.4961357127524286,-0.5502918618208567,-0.5884233831419811,-0.39018847631970227
2019-05-30,42.116956521739134,0,-0.537064702147592,-0.5436733871081045,-0.49685814147966384,-0.5507810460292315,-0.5890718782463469,-0.39124172955313585,-0.2807914502824844
2019-05-31,40.30318181818182,0,-0.5445829731310019,-0.49762617118768027,-0.5513675511826471,-0.5894499969513638,-0.39230122355489183,-0.28216676445208855,-0.359582686508855
2019-06-01,39.00941176470588,0,-0.498600302757345,-0.5520166424727557,-0.589940317825354,-0.39324289106219906,-0.2834536106926227,-0.36072604209402315,-0.41578467328598817
2019-06-02,37.65190476190477,0,-0.5529145335436658,-0.5905052441269989,-0.3942212530815541,-0.2847070164616991,-0.3618491419823843,-0.41676257223004126,-0.4747554234717071
2019-06-03,34.035,0,-0.5913491847518629,-0.3952132343823611,-0.2859553481761533,-0.36287802388720597,-0.4177688714339559,-0.47555971463409136,-0.6318754874711653
2019-06-04,33.20173913043478,0,-0.3963309207548523,-0.287183563468724,-0.363931914794711,-0.4186375999022489,-0.47644345902492924,-0.6322172227786431,-0.6680727361610599
2019-06-05,39.83,0,-0.28845267776224914,-0.364989986812606,-0.4195527956935903,-0.47714414417592155,-0.6327744354564975,-0.6683079080616321,-0.38013792985923694
2019-06-06,35.410555555555554,0,-0.36615003787535016,-0.4204895040861442,-0.4779138121039918,-0.633027390560207,-0.6687898945123635,-0.3812207715423691,-0.572120699565199
2019-06-07,32.96523809523809,0,-0.42157176007233166,-0.4787231779515215,-0.6334093180047519,-0.6689397017719663,-0.38230115289656513,-0.5726383508333823,-0.6783464536715184
2019-06-08,28.34705882352941,0,-0.4797238063247298,-0.6338793958364253,-0.6692323017407449,-0.38327146048666905,-0.5733197477354359,-0.6785513801147941,-0.8789623588439045
2019-06-09,31.599166666666665,0,-0.6346625378162094,-0.669624214554057,-0.3842746252183262,-0.5737429803538912,-0.6790120154121972,-0.8785766792298588,-0.7376892465881721
2019-06-10,32.831,0,-0.6703572521177084,-0.3852883098578415,-0.5742723705079452,-0.6791325466397667,-0.8786203884294727,-0.7377194699692713,-0.6841778204072757
2019-06-11,33.88466666666667,0,-0.3864199082479706,-0.5748714839504149,-0.679399793155309,-0.8781692436633967,-0.7380567772630379,-0.6843655795152216,-0.6384060390088688
2019-06-12,27.564,0,-0.5757373388121868,-0.6797695207101578,-0.8779414107721825,-0.7380082049986525,-0.684814095888276,-0.6387285486059401,-0.91297880676483
2019-06-13,26.971176470588233,0,-0.6804883373416664,-0.8778779245751873,-0.7381290055248441,-0.6849180100267364,-0.6392721892922482,-0.912492983943428,-0.9387313429838121
2019-06-14,29.855,0,-0.8783190476482233,-0.7383705871386109,-0.6851708659106802,-0.6395065349066643,-0.9124659991226444,-0.9381697056158553,-0.8134566765682937
2019-06-15,34.51347826086956,0,-0.739007261173696,-0.685528001102726,-0.639872346273183,-0.9119179209322281,-0.9380892010882232,-0.8132638433425128,-0.6110901641300596
2019-06-16,28.153333333333332,0,-0.6862387459266767,-0.6403283219092661,-0.9116061423396887,-0.9374677383537489,-0.8134436884505468,-0.611493090686846,-0.8873778863243418
2019-06-17,28.98764705882353,0,-0.6411024242663258,-0.9114692003864536,-0.9370924077195965,-0.8131792089739062,-0.6120935000581251,-0.8869674316980595,-0.8511349010720534
2019-06-18,28.52058823529412,0,-0.9118632377188965,-0.9368998552561909,-0.8131130308343045,-0.6124056851135379,-0.8869936514915854,-0.8508311444994824,-0.8714241586210428
2019-06-19,31.678,0,-0.9372582457967398,-0.8131909988373707,-0.6128389065247307,-0.886518525800217,-0.8509326855712513,-0.8710606711991322,-0.7342646890744982
2019-06-20,29.34333333333333,0,-0.8137227952096929,-0.6133538685738352,-0.8862699250922685,-0.8505608380551052,-0.8711200465165475,-0.7343049942305667,-0.8356837200502789
2019-06-21,31.082,0,-0.6141657817041303,-0.8861882662472453,-0.8504016776914922,-0.8706903826400301,-0.7346494185442903,-0.8354254512026038,-0.7601552126873902
2019-06-22,24.808333333333334,0,-0.8866177405042491,-0.8503982826292219,-0.8704811524996353,-0.7346106049145344,-0.8355591033904087,-0.7601192970669461,-1.0326862780779051
2019-06-23,24.42625,0,-0.8508779246111413,-0.870433944433718,-0.734739856554813,-0.8352312856298097,-0.7604099149042074,-1.0318480407378068,-1.049284159896293
2019-06-24,22.1975,0,-0.8708855019219245,-0.734988833222365,-0.8351102556503625,-0.7602973235208896,-1.0315722761961537,-1.0483970589851224,-1.1461021204705095
2019-06-25,23.672916666666666,0,-0.7356302475474152,-0.8351402261584595,-0.7603626825946248,-1.030683079052328,-1.0480868002188355,-1.1449299909424726,-1.0820093183779127
2019-06-26,26.302083333333332,0,-0.8356412557439035,-0.7605557507794376,-1.0300758866747695,-1.0471503056756695,-1.14441852213522,-1.0810258757693605,-0.9677970672611981
2019-06-27,21.204166666666666,0,-0.7611613273097397,-1.0296804461606814,-1.0465021530887149,-1.1432061346923041,-1.0806476065798045,-0.9671498614394145,-1.189252993158663
2019-06-28,26.677916666666665,0,-1.0299087838011876,-1.0460708707970319,-1.142319054995142,-1.0796178582765437,-0.9670089516363782,-1.1879538290031053,-0.9514706884169387
2019-06-29,29.81833333333333,0,-1.046276233564926,-1.1416787021818062,-1.0788889466289693,-0.9663046630821215,-1.187352682735082,-0.9508715468711718,-0.8150494940165143
2019-06-30,25.697916666666668,0,-1.1417500490351957,-1.0783869970157032,-0.9658576041295197,-1.1860173323695629,-0.9507645670470011,-0.8148519715930731,-0.9940423547602846
2019-07-01,20.085416666666667,0,-1.078547061452428,-0.9656022865954512,-1.1850237650614952,-0.9501068022159774,-0.8150285064592667,-0.9933178837497824,-1.2378520255276613
2019-07-02,23.245416666666667,0,-0.9659204442123082,-1.1842902314435941,-0.9497000334584416,-0.8147594880827984,-0.9931224301891465,-1.2364097875571314,-1.100580121808301
2019-07-03,19.832916666666666,0,-1.18430184863907,-0.9494799714133487,-0.8146893791924587,-0.992343352944548,-1.2357076412965875,-1.099542007417938,-1.2488207456824518
2019-07-04,18.263478260869565,0,-0.9498207280870169,-0.8147639076356247,-0.9918315259400112,-1.2342338029079183,-1.0991251438178322,-1.2473462161916715,-1.316997896864112
2019-07-05,21.277368421052632,0,-0.8152934992219166,-0.9915195338394076,-1.233120303034716,-1.0980424760688539,-1.2466212744020893,-1.3153226562760523,-1.186073074114309
2019-07-06,20.015625,0,-0.9918013625955369,-1.2322818237539548,-1.0972677354410827,-1.2451161794986982,-1.3144560266498246,-1.1847832715268074,-1.2408838087387626
2019-07-07,19.351666666666667,0,-1.2322261699211177,-1.0967256836862542,-1.243975611046549,-1.312756653827082,-1.1841887338636068,-1.2394326453067774,-1.269726474690345
2019-07-08,21.4235,0,-1.0968600423222161,-1.243113445705567,-1.3114478379793322,-1.1828624450098248,-1.238724198301821,-1.2681903994802748,-1.1797250487865807
2019-07-09,21.622666666666667,0,-1.2430426089143842,-1.3104384496181811,-1.1818767250976687,-1.2372417205299573,-1.2674220107665357,-1.1784539345588447,-1.1710731540110197
2019-07-10,26.16470588235294,0,-1.310273241666836,-1.1811500582566494,-1.236120738830066,-1.265857342802907,-1.1778725895556494,-1.1698275106523925,-0.9737648091042966
2019-07-11,33.01052631578948,0,-1.1811660771122743,-1.2352757126597222,-1.26466518324732,-1.1765643900636447,-1.1692641462810127,-0.9731000344637395,-0.6763791118198883
2019-07-12,31.008125,0,-1.2352158622171112,-1.2637578736826496,-1.1755943357918106,-1.167980601267617,-0.9729467223174438,-0.6765898300472871,-0.7633643778415888
2019-07-13,22.389565217391304,0,-1.2636580990748183,-1.174881376995857,-1.1670318981191106,-0.9722254280589532,-0.6770545539345779,-0.7633190145535864,-1.13775871603077
2019-07-14,28.434583333333332,0,-1.1749061828204963,-1.1663376223871598,-0.9717636419286193,-0.6771806913084144,-0.7636029630058666,-1.1366111491873148,-0.8751602524885601
2019-07-15,27.084999999999997,0,-1.1663744042086457,-0.9714954375407808,-0.6774527928250392,-0.7634812267709643,-1.1361170198978454,-0.8747857661397848,-0.933786794702037
2019-07-16,26.454090909090908,0,-0.9718053345789612,-0.6778267686948158,-0.7635386662753146,-1.134928407858078,-0.8748373769928829,-0.9332397139075653,-0.9611937858358792
2019-07-17,27.75611111111111,0,-0.678548308530943,-0.763724804528647,-1.1340619179925986,-0.8743970667263287,-0.9331694852911013,-0.960566019838693,-0.904633408680063
2019-07-18,27.33125,0,-0.7643259389161856,-1.1334395820834429,-0.8741786166632466,-0.9325621125638459,-0.9604388331766754,-0.9041721544124623,-0.9230895775213747
2019-07-20,25.980625,0,-1.1335224779197837,-0.8741233408060932,-0.9321989840730276,-0.9597533613631297,-0.9041625132527158,-0.922573988952098,-0.9817613702305396
2019-07-21,23.755294117647058,0,-0.8745697267741254,-0.932017108960007,-0.9593225979711809,-0.9036382161465479,-0.9225259916189039,-0.981073053999724,-1.0784308027071448
2019-07-22,26.059166666666666,0,-0.9323823437694897,-0.9590815396869874,-0.9033470323056032,-0.9219491017302636,-0.9809031231560064,-1.0774578951208758,-0.9783494828556584
2019-07-23,22.56625,0,-0.95940883759965,-0.9032281115616627,-0.9216123718040615,-0.9801590418606471,-1.0770870629118185,-0.9776712110993762,-1.1300834449969293
2019-07-24,20.587142857142858,0,-0.9036337006366708,-0.9214535964626426,-0.9796775218376537,-1.07606751196305,-0.9775083709441464,-1.1289584738771792,-1.216056801061671
2019-07-25,19.872941176470587,0,-0.92183363841467,-0.9793920495255977,-1.0753474313671008,-0.9767740121785317,-1.1284802955702546,-1.21467872745328,-1.247082061930484
2019-07-26,19.066315789473684,0,-0.9796908776831088,-1.0748532092677543,-0.9763009120022897,-1.1273135550176505,-1.2140218766935051,-1.2456126510625505,-1.2821222525828355
2019-07-27,21.019545454545455,0,-1.0750182271041102,-0.9760228073838834,-1.1264660061659801,-1.212610146075367,-1.2448913226586138,-1.2805496846455202,-1.1972730264671612
2019-07-28,18.324444444444445,0,-0.9763263582932892,-1.1258602443811847,-1.2115504324001707,-1.2433911823163313,-1.2797555346477925,-1.195950251620079,-1.3143494968382172
2019-07-29,16.155555555555555,0,-1.1259537643668112,-1.2107590181362888,-1.2422549045834037,-1.2781555436192371,-1.1953324378740282,-1.312682053045213,-1.4085670622602255
2019-07-30,13.965,0,-1.210733533364247,-1.2413964937887565,-1.2769327937953459,-1.1939742335852035,-1.3118209274047596,-1.4066222453207775,-1.5037258379925456
2019-07-31,17.209333333333333,0,-1.2413280636924853,-1.2759987165551854,-1.1929608744598863,-1.3101291014747476,-1.4055653138599393,-1.5015008770171279,-1.3627904541422784
2019-08-01,18.02842105263158,0,-1.2758817836484144,-1.1922100222314964,-1.3088268213416636,-1.4036050051280016,-1.5002461836839072,-1.3609804019016458,-1.3272088938444242
2019-08-02,17.769375,0,-1.1922105380559886,-1.3078231519852477,-1.4020702151330744,-1.4980147100728738,-1.3600186047850968,-1.325503592446068,-1.3384619776405389
2019-08-03,17.97909090909091,0,-1.3076616099627172,-1.4008630905971151,-1.4962450874997582,-1.358188741283357,-1.3246157420142324,-1.3367235475655315,-1.3293518187541005
2019-08-04,19.488823529411764,0,-1.4005711321403034,-1.494832475317042,-1.3567669186823705,-1.3228872718881637,-1.3358123106314583,-1.3276402086613714,-1.2637683153051569
2019-08-05,19.050555555555558,0,-1.4944087975978404,-1.3556586450133574,-1.3215532573687376,-1.334051773666745,-1.3267479047375772,-1.2622497807034465,-1.2828068846439127
2019-08-06,18.413846153846155,0,-1.3554300507708246,-1.3205218191890136,-1.3326899888165211,-1.3250133281229628,-1.2614937744184103,-1.2812323011742697,-1.3104658440390597
2019-08-07,14.9925,0,-1.3203424771236032,-1.3316342505163907,-1.3236740252990422,-1.2599460848528,-1.2804367283532947,-1.308809833581143,-1.4590907490458234
2019-08-08,17.576,0,-1.331439331875033,-1.3226379596470386,-1.2587686288273803,-1.2788347863941116,-1.3079567790664828,-1.456997192177564,-1.3468622796600742
2019-08-09,16.483333333333334,0,-1.3224556513340457,-1.2578741854239404,-1.2776103470370084,-1.3062760200111088,-1.4558352608486476,-1.345099119396043,-1.3943282396170429
2019-08-10,19.54222222222222,0,-1.2577826581306988,-1.2766747913895224,-1.304983323946258,-1.4537309795896018,-1.3441704246978994,-1.3924253412627388,-1.261448650679139
2019-08-11,21.915,0,-1.276556910811563,-1.3039880410226052,-1.4520715073723978,-1.3423859501944362,-1.3913980013577474,-1.2599369450872118,-1.158374054901117
2019-08-12,22.68136363636364,0,-1.303831874772074,-1.4507552810386994,-1.3410034351008309,-1.3894782676394206,-1.2591857596000073,-1.157165797236562,-1.1250828538552535
2019-08-13,22.544666666666668,0,-1.4503933874371215,-1.3399295570308183,-1.3879786161738192,-1.2576446801612404,-1.1566288245205836,-1.123972604297166,-1.1310210352675862
2019-08-14,19.745555555555555,0,-1.3397230106485891,-1.3868022392187849,-1.2564729485981256,-1.1553814669176319,-1.1235048183713916,-1.1298933039155772,-1.2526157539208256
2019-08-15,17.770666666666667,0,-1.3865299902128507,-1.2555835143220269,-1.1544641025727376,-1.1223523275259946,-1.1294131770799327,-1.2511300520613775,-1.3384058670258856
2019-08-16,18.085454545454546,0,-1.2554951979203839,-1.153797249513808,-1.1215171191200812,-1.1282437647658394,-1.2503972233698344,-1.336667602138523,-1.3247313317762048
2019-08-17,19.745,0,-1.153851609493009,-1.1209221557056745,-1.127393902131348,-1.2488813141937478,-1.335756481815242,-1.3230333242320604,-1.2526398875185258
2019-08-18,22.9925,0,-1.1210225975350474,-1.1267861156965204,-1.247731380430181,-1.3339961047435909,-1.3221506227453406,-1.2511541146106284,-1.1115669421613668
2019-08-19,19.730833333333333,0,-1.1268783378649154,-1.2468610200771644,-1.3326344583629952,-1.3204292126913832,-1.2504212357639057,-1.1104964829644162,-1.2532552942598838
2019-08-20,20.156666666666666,0,-1.246784930216235,-1.3315788412291794,-1.3191013122931576,-1.2489052578166098,-1.1100567862188877,-1.2517677096165267,-1.2347568916225966
2019-08-21,24.14833333333333,0,-1.3313840002564206,-1.3180752242074756,-1.2477552644962135,-1.10894281037678,-1.2510335518127293,-1.233323765615702,-1.061356992145873
2019-08-22,22.566666666666666,0,-1.317899311596108,-1.246884852028653,-1.1081409565024403,-1.2495158201995908,-1.2326280517569161,-1.0604343492478918,-1.130065344798654
2019-08-23,23.285,0,-1.2468087287618748,-1.107575179601483,-1.2483643081800457,-1.2311630332758667,-1.060099000353109,-1.128940426965241,-1.0988606029721537
2019-08-24,20.93583333333333,0,-1.1076943302247126,-1.2474925667916148,-1.2300571715660304,-1.059128103012386,-1.128462286274701,-1.0978275507838104,-1.2009095208479126
2019-08-25,15.6075,0,-1.2474155916756884,-1.2292253759755296,-1.0584501571215412,-1.127295597300504,-1.097414260740237,-1.1995760402912963,-1.4323748563915806
2019-08-26,17.814583333333335,0,-1.2291740064428196,-1.057992804529252,-1.1264480931164556,-1.0963364929399362,-1.1989506690716218,-1.4303599501568032,-1.3364981061276762
2019-08-27,19.795,0,-1.0581814560212115,-1.1258423704175682,-1.0955659957362573,-1.1975821022119097,-1.4292535406114848,-1.3347654576202383,-1.250467863725498
2019-08-28,18.321538461538463,0,-1.1259359154575814,-1.0950276571426847,-1.1965597689552585,-1.427225389081366,-1.333858302063889,-1.2489884851780462,-1.3144757341184956
2019-08-29,18.21125,0,-1.0951643959453838,-1.1958010640126342,-1.4256318462742696,-1.3321033613563495,-1.2482601202974697,-1.3128079186874486,-1.3192667173696553
2019-08-30,14.388636363636364,0,-1.1957965461830695,-1.4243733107407133,-1.3307464229431152,-1.2467503317590296,-1.311946530696826,-1.3175847974550865,-1.4853228727643462
2019-08-31,16.150000000000002,0,-1.4240483974139175,-1.329694925463998,-1.2456056985532762,-1.3102543450404873,-1.31671345269683,-1.4831520894610677,-1.4088083982372284
2019-09-01,15.970416666666667,0,-1.3295027252235982,-1.2447399763946703,-1.3089517533793729,-1.3150076146328806,-1.4819356417319223,-1.4068628708132869,-1.4166095836938537
2019-09-02,19.147916666666667,0,-1.2446668596542971,-1.307947811423804,-1.3136931997958132,-1.4797566092941037,-1.405805437800654,-1.4146410898586443,-1.2785774716469334
2019-09-03,18.094166666666666,0,-1.3077860946629867,-1.3126789121010694,-1.478032401510508,-1.4038444413566218,-1.4135674441842703,-1.2770153394180472,-1.3243528730849956
2019-09-04,15.62,0,-1.3125105636368164,-1.4766595290363893,-1.4023090557934008,-1.4115842174467637,-1.2762285562922624,-1.3226559797097166,-1.4318318504433238
2019-09-05,16.580000000000002,0,-1.476261324795456,-1.4011014101120023,-1.4100295801384504,-1.274638666487546,-1.321774064747401,-1.4298185427986578,-1.390128993617189
2019-09-06,18.175,0,-1.4008091175967012,-1.408805088430723,-1.273424664464789,-1.3200537331510473,-1.428713261744876,-1.3882384576930797,-1.3208414346196005
2019-09-07,17.51888888888889,0,-1.4085019974747506,-1.2724982418911286,-1.3187267667121914,-1.4266866575669712,-1.3872198447893047,-1.3191548787937086,-1.349343213503666
2019-09-09,21.09315789473684,0,-1.2723862156881969,-1.317701495877312,-1.4250944547885356,-1.3853120772614322,-1.3182802614099962,-1.347572749459037,-1.1940752670359907
2019-09-10,26.2095652173913,0,-1.3175261071303939,-1.4238370918322178,-1.3838227886841403,-1.3165699360246261,-1.3466388988084508,-1.192761906278426,-0.9718160982434421
2019-09-11,27.72,0,-1.4235129301370233,-1.3826554796597517,-1.3152516351044428,-1.34484735462465,-1.1921507382136343,-0.9711570605380367,-0.9062020925305831
2019-09-12,26.07913043478261,0,-1.382389043271534,-1.3142339469357067,-1.3434587170889858,-1.1908016462745938,-0.9710077982621351,-0.9057362201137716,-0.977482247268732
2019-09-13,22.6975,0,-1.3140634187398101,-1.3423794816438563,-1.189796178571648,-0.9702920570589555,-0.905723318867364,-0.9768065286230335,-1.124381882540231
2019-09-14,20.875714285714285,0,-1.3421695011403556,-1.1890522316450063,-0.9698350799521939,-0.9051945516325781,-0.9766454907832723,-1.123273696616651,-1.2035211208847674
2019-09-15,27.314285714285713,0,-1.1890571738244022,-0.969571083647172,-0.9048994965977246,-0.975913603296121,-1.12280736747086,-1.2021799518709486,-0.9238265141654377
2019-09-16,24.114375,0,-0.9698836781008585,-0.9047771884084279,-0.9754426432815952,-1.1216568741165027,-1.2015491531443603,-0.9233087560810099,-1.0628321583053042
2019-09-17,25.450769230769232,0,-0.9051806061032547,-0.9751664113879961,-1.1208233955657698,-1.2001731442573333,-0.9232592272235876,-1.0619051725708537,-1.0047785569833856
2019-09-18,27.877272727272725,0,-0.9754711627293216,-1.1202299458419802,-1.1991443661009331,-0.9226802373569426,-1.06156675794073,-1.0040224789771164,-0.8993700904179683
2019-09-19,23.728571428571428,0,-1.12033135795942,-1.1983800216201608,-0.9223416888204153,-1.0605916569598257,-1.0038047131133054,-0.898924331171286,-1.0795916490368638
2019-09-20,24.6925,0,-1.198371888800514,-0.9221813221241725,-1.059910070657786,-1.002995041938138,-0.8989256284002108,-1.0786153239604743,-1.0377181331984198
2019-09-21,23.134999999999998,0,-0.9225603440047411,-1.0594495325639983,-1.002456720161799,-0.8984163296696442,-1.0782420792451406,-1.0368650822566223,-1.1053766743512374
2019-09-22,20.996666666666666,0,-1.0596361421234413,-1.0021215441045612,-0.8981381346317584,-1.077219220343404,-1.0365788603600639,-1.104324439081557,-1.1982668918997286
2019-09-23,26.431875,0,-1.0023885117548512,-0.8980305795960827,-1.0764962750139142,-1.0356753244190553,-1.1038976071395452,-1.1969411911483214,-0.9621588554984631
2019-09-24,22.531176470588235,0,-0.8984434541830562,-1.0759995461612106,-1.0350557144425743,-1.1028012711126767,-1.1963213119207914,-0.9615282483706699,-1.1316070558046856
2019-09-25,22.816666666666666,0,-1.0761629571481601,-1.0346494080460744,-1.1020146935650692,-1.1949602755085205,-0.9613990560714214,-1.1304775992291523,-1.1192052258335148
2019-09-26,19.626875,0,-1.0348707805670756,-1.1014622840446326,-1.1939444637246848,-0.9607108341909862,-1.1299962545077398,-1.1181122798023302,-1.2577712937295542
2019-09-27,17.447499999999998,0,-1.1015900032681165,-1.1931914653246218,-0.960277689202645,-1.128825172266865,-1.117656708942521,-1.2562704141451038,-1.3524443808081559
2019-09-28,18.32875,0,-1.1931906054355166,-0.9600345469289046,-1.1279738634524228,-1.1165209670126035,-1.255526871053361,-1.3506647870377795,-1.3141624614560399
2019-09-29,17.476666666666667,0,-0.9603605089872214,-1.127364811553846,-1.1157002634017694,-1.253996270627643,-1.3497244914466402,-1.3124955682885184,-1.3511773669288896
2019-09-30,22.62,0,-1.1274562225496267,-1.115117992247655,-1.252833614036403,-1.347924110162417,-1.3116348313507056,-1.3494015032021063,-1.1277485194194241
2019-10-01,21.8525,0,-1.1152265699196937,-1.251952120713937,-1.3465278195741797,-1.3099435383975673,-1.3484638407578857,-1.1266304222371533,-1.1610890846424018
2019-10-02,26.537,0,-1.2518688945285268,-1.3454418874101537,-1.3086417198299107,-1.3466670699621621,-1.1261570964438359,-1.1598728340272897,-0.9575921754736222
2019-10-03,29.311111111111114,0,-1.3452276142550637,-1.3076384543612103,-1.345273906107466,-1.124997009505752,-1.1593302188536285,-0.9569750124886659,-0.8370834687168967
2019-10-04,31.88769230769231,0,-1.3074771712340092,-1.3441907099569972,-1.1241552227773226,-1.158075124489607,-0.9568553108032398,-0.8368210790591566,-0.725155555444046
2019-10-05,34.7775,0,-1.3439781906089767,-1.1235545030746534,-1.1571510600014092,-0.9561801021549241,-0.8369518222465561,-0.7252226775640759,-0.5996209341447014
2019-10-06,37.767272727272726,0,-1.1236512550761653,-1.1564783440562865,-0.9557582268076196,-0.8366200157558056,-0.7255860327573602,-0.6000576257047976,-0.46974378415705875
2019-10-07,41.08210526315789,0,-1.1565289458774808,-0.9555249459084563,-0.8364955314802551,-0.7255731765561291,-0.6006818707799226,-0.4705628294065319,-0.32574588140015
2019-10-08,35.48222222222222,0,-0.9558572291885397,-0.8365224793448036,-0.7257249076925869,-0.6010267386051417,-0.4714569891391702,-0.3269888513306534,-0.569007465461859
2019-10-09,39.97818181818182,0,-0.8370215713910087,-0.7259935547943087,-0.6014882637521336,-0.4721719554802932,-0.3281822719002363,-0.5695342819800147,-0.3737008411635362
2019-10-10,38.538,0,-0.7266475780285592,-0.6020279926717833,-0.47295399111877323,-0.32930757531842547,-0.5702221489002111,-0.3748026334058074,-0.43626302467107675
2019-10-11,40.99909090909091,0,-0.6028557815686825,-0.4737741791943238,-0.33044496860519273,-0.570654253004693,-0.3758963925142184,-0.43718063608029256,-0.32935206444407644
2019-10-12,47.088499999999996,0,-0.4747817447042156,-0.33157610845526664,-0.5711913259897352,-0.376885043261477,-0.4381443765492714,-0.3305844179005385,-0.06482523582538344
2019-10-13,48.22217391304348,0,-0.3327829965961074,-0.5717971622083732,-0.37790409342380316,-0.43895474981453986,-0.3317703439904433,-0.06683634681441497,-0.015577901572074823
2019-10-14,53.26624999999999,0,-0.572667326424659,-0.37893167843349307,-0.43981940918382445,-0.33288537121306794,-0.06857202063405125,-0.01773399495366364,0.20353916392217292
2019-10-15,47.57052631578947,0,-0.3800721870746044,-0.44071189623995205,-0.3340138651707391,-0.07044084470776071,-0.01957201608658553,0.20073799772827539,-0.04388578329017745
2019-10-16,51.0235,0,-0.4417658059877747,-0.33513721776144817,-0.07222213728212785,-0.02158117558743602,0.19844460082144844,-0.0459585392793582,0.10611303668590878
2019-10-17,52.178636363636365,0,-0.3363391142053389,-0.07391671407258711,-0.023484000604634753,0.1958110443365529,-0.04773773010841527,0.10359868952980224,0.15629271000610603
2019-10-18,42.68666666666667,0,-0.07548476990093686,-0.025284923013213632,0.1933674827974821,-0.049666223341078855,0.10150776657446196,0.15363063568453944,-0.2560429704842454
2019-10-19,44.451249999999995,0,-0.02692114725264894,0.19109339488413324,-0.051499190241716536,0.09915183602379614,0.15143542780040575,-0.2574911432941741,-0.17938863078863768
2019-10-20,45.31458333333333,0,0.1891538676858079,-0.05323898407908211,0.09694870242703267,0.14893650502496353,-0.25882942258085495,-0.1810624712359618,-0.14188501996235658
2019-10-21,47.19708333333333,0,-0.05483602440435883,0.09488499832184384,0.14660953816145456,-0.26015335173025717,-0.1825600559112181,-0.1436692697000428,-0.06010832415485785
2019-10-22,47.44375,0,0.09308032886541691,0.14443747512766203,-0.26146275767851207,-0.1841024196148251,-0.1452447955240897,-0.06213332156332392,-0.04939300677592031
2019-10-23,48.0975,0,0.14256334671166104,-0.26274441530296866,-0.1856009929423524,-0.14689402968727458,-0.06387879821277431,-0.051449549695918396,-0.020993795682081325
2019-10-24,44.62875,0,-0.2640477865683728,-0.18704817938699958,-0.14848515432763598,-0.06576106361938243,-0.053217295245023256,-0.023133944864906678,-0.1716779463233887
2019-10-25,40.05708333333333,0,-0.18845765598011513,-0.1500133267735665,-0.06755399657604906,-0.055130095068653615,-0.02496071052137278,-0.17337448675029501,-0.37027332179923544
2019-10-26,42.845416666666665,0,-0.1514747160559425,-0.06925875915412147,-0.05694947125755857,-0.02695443686579354,-0.1748880960053702,-0.3713852045360584,-0.2491467949413821
2019-10-27,54.625416666666666,0,-0.07083334415564752,-0.058677372693140495,-0.02884389655365443,-0.1764524321104155,-0.37248608681983497,-0.2506152698457258,0.26258201069598036
2019-10-28,84.06083333333333,0,-0.0602667898915981,-0.03063312377881817,-0.17797003384492513,-0.373484504641826,-0.25196788097492073,0.2596070244706345,1.5412705178497534
2019-10-29,62.8125,0,-0.032261851310021766,-0.17943387088636126,-0.3745120132274863,-0.2533114614974403,0.25719092291740064,1.5345311183436987,0.6182328066060163
2019-10-30,64.5023076923077,0,-0.1808540206482147,-0.3755469996868372,-0.25463788580968644,0.2543891176684399,1.529457607303827,0.6142107971440274,0.6916388568726924
2019-10-31,69.33,0,-0.37669225271772255,-0.255934435165074,0.25179985034632624,1.523012045483013,0.6110555712507418,0.6874007426213334,0.901356108027197
2019-11-01,77.1575,0,-0.25724735215181416,0.2493982642012273,1.5172672340030013,0.6072403018800407,0.6840929620337156,0.8965005936811137,1.2413864328257076
2019-11-02,75.58458333333333,0,0.24737700959345812,1.5121044238904022,0.6037733604527741,0.680068514449105,0.8927569723006743,1.2355298813518532,1.173058184336706
2019-11-03,79.73666666666666,0,1.5083132021335952,0.600603775302262,0.6764204217627338,0.8881349134856116,1.23107959857123,1.1674027887852052,1.3534266601493943
2019-11-04,78.54333333333334,0,0.5980902270500531,0.673092322209205,0.8839692811146427,1.2254885877997819,1.163094507856264,1.347240266249217,1.3015876922891298
2019-11-05,73.53041666666667,0,0.6704771649280686,0.8801883141918942,1.2204838294814668,1.15769820557174,1.3425571380482202,1.2955539104582559,1.083824206839812
2019-11-06,69.08916666666667,0,0.8772828652227875,1.2159685946918708,1.1528620675265662,1.3366468569366239,1.2909785155826146,1.0784315129299546,0.890894193424113
2019-11-07,61.60458333333333,0,1.212592474014054,1.1484943820395013,1.3313656060379793,1.285215955029045,1.0743086807768518,0.8860694785808431,0.5657603318061183
2019-11-08,57.89958333333333,0,1.1452128416715097,1.32660842947814,1.2800626321998774,1.0691666600394896,0.8823475994706744,0.5618927994352295,0.40481336874275436
2019-11-09,57.041666666666664,0,1.3230772221465963,1.2754173976804222,1.064550733370895,0.8777553529749341,0.5588466234407587,0.4014196584808905,0.36754506049405133
2019-11-10,57.225,0,1.271957946112412,1.0603757414100494,0.8736155384894952,0.5551808798723339,0.3987079673778513,0.36426106680016795,0.37550914773515365
2019-11-11,65.91125,0,1.0572177191685321,0.8698571632215449,0.5518434298813153,0.39550085900564586,0.3616268278329202,0.3722017080529694,0.7528439811789174
2019-11-12,79.065,0,0.8669661956879559,0.5487871547779656,0.3925605935096662,0.3585259194009999,0.36955091787651906,0.7484256812283073,1.32424914052972
2019-11-13,78.60625,0,0.5463462391928252,0.38985187029985474,0.35567762453876806,0.3664273149454606,0.7449907022831127,1.3181486442048629,1.3043208222286897
2019-11-14,76.17375,0,0.3876337383213284,0.3530493792134365,0.3635593663295381,0.7407918442985696,1.3135261536157632,1.2982789941609216,1.1986518646978845
2019-11-15,72.38875,0,0.35088283421714345,0.3609139232047062,0.736992709766309,1.3076990168964642,1.2936979192112132,1.1929211222657987,1.034229663565676
2019-11-16,64.34875,0,0.35873635427826134,0.7335324427183336,1.3024897702045224,1.2879275703181665,1.1885596517691017,1.0289829742193284,0.6849682376467969
2019-11-17,62.665,0,0.730832564992172,1.297795600128307,1.2827675026780734,1.1830904176168928,1.0249632109598967,0.6807497614601145,0.6118253364165841
2019-11-18,67.64166666666667,0,1.2943047804681376,1.278116366186517,1.1781911195541768,1.0199625150580764,0.6774558439569878,0.6078221903179098,0.8280141046159565
2019-11-19,67.73041666666667,0,1.2746531314061138,1.173768166593263,1.0154689776738282,0.6734504049991903,0.6046802806247557,0.8233745065075889,0.8318694468485811
2019-11-20,72.75208333333333,0,1.1704511993224656,1.01140108110078,0.6698187740495204,0.6008832700101794,0.8197833067173521,0.8272184987504225,1.0500130364616784
2019-11-21,75.325,0,1.0083117078788446,0.6665050791563774,0.5974321409211092,0.8153702436079889,0.8236192866702762,1.0447198814294252,1.1617817608112369
2019-11-22,74.31125,0,0.6638991553803734,0.5942763921820133,0.811385604441462,0.8191952373601938,1.0406673166826648,1.1561595626477166,1.117743978407597
2019-11-23,74.2225,0,0.5917717131826993,0.8077630136177484,0.8152010839901758,1.0356216444098254,1.1518747167263508,1.1122514259021128,1.1138886361749725
2019-11-24,69.57041666666667,0,0.8049590850235854,0.8115701678680677,1.031089156859172,1.1465105477894701,1.1080581006443608,1.1084074336592793,0.9117999224320062
2019-11-25,70.7675,0,0.8087609026895357,1.0269871773743868,1.1417022376728174,1.1028194219720329,1.1042221206914367,0.9069136618694467,0.9638017920767478
2019-11-26,67.30208333333333,0,1.0238759567272415,1.1373589027064086,1.0981197881797649,1.0989944282198278,0.9031483358351211,0.9587624398678511,0.8132624430216422
2019-11-27,62.74166666666667,0,1.1340929712213368,1.0938715492274111,1.094304308631051,0.8984965162791431,0.9548890419607092,0.8086662732779681,0.6151557728992268
2019-11-28,54.975,0,1.0906665750652016,1.0900643949770918,0.8943051106902662,0.9500890376410405,0.8051057308411408,0.611142822114536,0.2777680770489002
2019-11-29,59.44166666666666,0,1.0868647573992514,0.8905015911986276,0.9457693019740882,0.8007347041335904,0.6079939910066242,0.27474838358677156,0.47180220255938826
2019-11-30,63.19958333333333,0,0.8875816858483899,0.9418534886688941,0.7967864690790132,0.6041874899651356,0.2723007218868991,0.46821127956411224,0.6350478908037067
2019-12-01,62.01136363636363,0,0.9388616020656423,0.793195733270283,0.600728142033613,0.26945564235435443,0.4653603702218481,0.6309763783346009,0.5834310617404562
2019-12-02,62.41458333333333,0,0.7904122240012876,0.5975652014874534,0.2668288988973625,0.4619623701648464,0.627786206820067,0.5795115073719719,0.6009471172531696
2019-12-03,68.25125,0,0.595055912480985,0.26439451967548905,0.4588567897997553,0.6239230211091402,0.576428607527165,0.5969759962430609,0.8544946946926211
2019-12-04,71.44166666666668,0,0.2623522444372713,0.4560034096446014,0.620414583461013,0.5727125093665407,0.593856693997022,0.8497771386731533,0.9930879128860739
2019-12-05,78.85666666666667,0,0.45369255138086606,0.6172086875020105,0.5693314515943478,0.5900906820051321,0.8461309061123176,0.9879623433838347,1.3151990413921042
2019-12-06,77.01583333333333,0,0.6146718637245492,0.5662370179850407,0.5866663981568986,0.8416423837933201,0.9840280821664885,1.3091251882357708,1.2352323654121287
2019-12-07,76.085,0,0.5637716424854581,0.5835341400484838,0.8375923958957718,0.9791446239840799,1.3045215058389468,1.2293939312928703,1.19479652246526
2019-12-08,70.99041666666666,0,0.5810445187355817,0.8339126223887197,0.9747526161046924,1.2987201583232137,1.2249564380829947,1.1890771300229652,0.9734853981539968
2019-12-09,76.70375,0,0.8310720392268017,0.9707735618004267,1.293533245442284,1.2193829639699716,1.1847236718161775,0.9684175377547799,1.2216753169039798
2019-12-10,83.44166666666666,0,0.9677411371994802,1.2888586183200463,1.2143933926431447,1.1792654238646878,0.9645240150819029,1.21587679425117,1.5143736232127583
2019-12-11,85.19833333333334,0,1.2853803258532315,1.2098914470622535,1.174375640005463,0.9596964163144184,1.2114674757133232,1.5077134072035558,1.5906840591411373
2019-12-12,69.41,0,1.2065238448759177,1.1699610123429438,0.9553527834696831,1.2059326338272423,1.5026957941111276,1.5837991879349433,0.9048313460960414
2019-12-13,48.180416666666666,0,1.166649381656515,0.9514160592037331,1.2009765185493115,1.496326877803312,1.5786229841652462,0.8999656007732451,-0.017391856225310014
2019-12-14,47.19833333333333,0,0.9484107685035921,1.1965038483134787,1.4906484424096282,1.572036613292961,0.8962147570469718,-0.019542609389207787,-0.060054023560032206
2019-12-15,49.470416666666665,0,1.1931550118627876,1.4855437139562508,1.5661698592048234,0.8915827951777396,-0.021376860706199628,-0.06207918082750941,0.03864635763480858
2019-12-16,50.23333333333333,0,1.481789723018093,1.5609003445635066,0.8874085866233421,-0.023380851153639696,-0.06382477032611346,0.03633062997141227,0.07178782067675839
2019-12-17,54.99583333333334,0,1.557040724330985,0.8836201152062664,-0.025279199698283395,-0.06570719046794297,0.03437991832784911,0.06937452573022841,0.2786730869626619
2019-12-18,63.06458333333333,0,0.8807098557949116,-0.027076205019130238,-0.06750025742747569,0.03221624113192779,0.06735493848655152,0.27565072918368094,0.6291834265625317
2019-12-19,70.79208333333334,0,-0.028709918373288866,-0.06920513726327196,0.03017960162949724,0.06509682122717117,0.2732011866645809,0.625129178866629,0.9648697037749867
2019-12-20,83.83624999999999,0,-0.07077979742795812,0.028261586337620884,0.06297839530881436,0.27035352821167963,0.62195119506069,0.9598272076722043,1.5315145109794028
2019-12-21,81.26708333333333,0,0.026550304602212048,0.0609888137194719,0.2677245513735865,0.618104720753674,0.9559515903983739,1.5248038328090168,1.419908688414322
2019-12-22,74.22083333333333,0,0.05923165740199939,0.26528821785631523,0.6146107554150826,0.9511485429526843,1.5197505970004181,1.4135265737981695,1.1138162353818715
2019-12-23,76.67708333333333,0,0.26324468989876204,0.6114175232902576,0.9468261718960326,1.5133328359410485,1.4087052806167153,1.1083352460115266,1.2205169042143649
2019-12-24,82.58916666666667,0,0.6088888171340899,0.9429080525222692,1.5076121003093077,1.4026055520157226,1.1041500835092222,1.2147217918871258,1.4773406175416337
2019-12-25,77.78,0,0.9399146877102015,1.5024703575010967,1.3971602369413831,1.098922597351242,1.2103148807978905,1.47078942537803,1.2684281290489043
2019-12-26,75.80208333333333,0,1.4986926400587257,1.3922594978416243,1.0942326564329532,1.204783339929866,1.4658487754083942,1.2624919677875013,1.1825064878363774
2019-12-27,71.16608695652174,0,1.3886362657476992,1.0899928991226258,1.1998300833797448,1.459585388521571,1.2579854861283581,1.1768232768169378,0.9811165991398634
2019-12-28,78.6225,0,1.0867933617623322,1.195359914642021,1.4539983430825487,1.2523174172166547,1.1724953601352606,0.9760262727575878,1.3050267299614238
2019-12-29,83.90791666666667,0,1.1920126816720795,1.4489735843968479,1.2472459254710355,1.1670721339222137,0.9721168906898849,1.2989828237265109,1.534627745082743
2019-12-30,81.78125,0,1.445270854733896,1.2426722963349544,1.1622126793783432,0.9672675460174456,1.2944002817378049,1.5279079016623847,1.4422443330859585
2019-12-31,93.30583333333334,0,1.2392587444033947,1.1578245910473255,0.9629050809148508,1.28862792128688,1.5228481958356435,1.4357964631298896,1.9428777171806038
2020-01-01,87.04208333333334,0,1.1545299722894722,0.9589518776902294,1.283466111609528,1.516421563290247,1.430928751329899,1.934956000428143,1.6707774365090393
2020-01-02,71.38583333333334,0,0.9559360238427878,1.2788134507675613,1.510693144827518,1.424765374974505,1.9290478570478433,1.663656773261411,0.9906624863171926
2020-01-03,61.43291666666667,0,1.2753492388660765,1.5055446792431386,1.4192649400545878,1.9214578735295804,1.6583141169900735,0.9855440571841176,0.5583030501167229
2020-01-04,65.51541666666667,0,1.5017626524462537,1.414315968944412,1.9147219768520962,1.6514995116662288,0.9816148365623013,0.5544574717166977,0.735648792817447
2020-01-05,59.9075,0,1.4106618197372884,1.9086919286137858,1.645435103350634,0.9767382898864484,0.5514267936726621,0.7312811148870321,0.4920382242310979
2020-01-06,58.4075,0,1.9043448001246857,1.639992633566615,0.9723522674684122,0.5477823004079757,0.7278818715071612,0.488387727111003,0.4268775104402623
2020-01-07,62.747083333333336,0,1.6360221476729073,0.9683784506758125,0.544463253477231,0.7237320130093937,0.48549476265081026,0.42341884413353775,0.6153910754768049
2020-01-08,59.61416666666667,0,0.9653493833626849,0.5414230817679588,0.7199753127180561,0.48203909793463484,0.42066129865773033,0.6113774319697324,0.4792956846453347
2020-01-09,57.32958333333334,0,0.5389924885901426,0.7165521772826382,0.47888357916812063,0.41739131620723074,0.6082281118488215,0.47568270110652106,0.3800522975022371
2020-01-10,58.384166666666665,0,0.7138761012238499,0.47598650096787276,0.4143966008800036,0.6044209402880403,0.4728162185810526,0.376731482949454,0.42586389933684926
2020-01-11,69.04416666666667,0,0.4736476318997971,0.41164023194839466,0.6009610116774313,0.4693968650634982,0.3740712510604812,0.42240821706499937,0.888939372010388
2020-01-12,77.99041666666666,0,0.4093915586724704,0.5977975630144683,0.46627279230288904,0.37093470194923256,0.41965277810672685,0.884120412091519,1.2775687291778963
2020-01-13,77.18416666666667,0,0.5952879483009726,0.46340323058184163,0.368055541760182,0.41638568404702664,0.880402595550882,1.2716056583162842,1.2425448455153225
2020-01-14,74.38916666666667,0,0.4610819998020089,0.36540028807245334,0.4133934701066329,0.8758159195231119,1.2670801803829428,1.236684883715897,1.1211287154850655
2020-01-15,72.09333333333333,0,0.36321643049494456,0.41063928998586946,0.8716809291408516,1.2613860643756376,1.2322321934866627,1.1156261984345535,1.0213966229885365
2020-01-16,63.6825,0,0.40839201975560085,0.8679267751509605,1.256292015480896,1.2266378816971582,1.1114258389128902,1.0161877136551551,0.6560260206047008
2020-01-17,63.201249999999995,0,0.865038513491136,1.2516986479612975,1.2216302646510335,1.1061775150784285,1.0121946204123706,0.6518927492709571,0.6351202915968076
2020-01-18,60.01291666666666,0,1.2482724435644499,1.2171125283633284,1.101469528440842,1.007230493601207,0.6486589803667281,0.6310485659823535,0.4966175743947315
2020-01-19,55.18375,0,1.2137348042047622,1.0972139804237007,1.002768625560974,0.644736015281935,0.6278582440022815,0.49295359583136356,0.2868362763847916
2020-01-20,61.785833333333336,0,1.0940043210911767,0.9987284408966662,0.6411758078598818,0.6239948519777261,0.49005111442587934,0.28378988646780223,0.5736339180558445
2020-01-21,68.49083333333333,0,0.9956568312349072,0.6379246113335592,0.6204862356591109,0.48658240037269945,0.28132337895926945,0.5697432061283402,0.8649023087008794
2020-01-22,66.12208333333334,0,0.6353587495219025,0.6172801833564765,0.48341558069781315,0.2784524586447516,0.5666806670065895,0.8601541130376094,0.7620026815061851
2020-01-23,56.706250000000004,0,0.6147432593614685,0.4805086137628526,0.27580333670912555,0.5629924868310621,0.8564862510556566,0.7575574186690291,0.35297440088248977
2020-01-24,55.68130434782609,0,0.4781634059349396,0.27334937544736654,0.559635606424463,0.851968071152558,0.7541034058332515,0.34973330268992947,0.308450274020846
2020-01-25,74.03750000000001,0,0.2712945479614077,0.5565623289511527,0.8478923993723458,0.7498784491746995,0.3471293449122457,0.3053402532670304,1.10585214814077
2020-01-26,71.76583333333333,0,0.5541105147077942,0.8441901514682194,0.7460567128256947,0.3440699570980668,0.3028288268888582,1.1003946047587259,1.007169867144204
2020-01-27,73.16166666666668,0,0.841335162033944,0.7425766683082939,0.34125761967156437,0.2998963152286062,1.096225993465624,1.002002840871742,1.067805531366232
2020-01-28,62.49916666666667,0,0.7398641130624577,0.3386608385021368,0.2971938543260717,1.0910212018067817,0.9980393141072147,1.0624599958646614,0.6046214575030417
2020-01-29,55.77875,0,0.33651446228714427,0.2946932193920522,1.0863509146421837,0.9931157279240572,1.0583704542118868,0.6006395193665124,0.312683359521823
2020-01-30,53.915416666666665,0,0.2926084737003996,1.0821283551313567,0.988688968634735,1.0532740803648364,0.5975125809944096,0.30956087671553006,0.23173927283498483
2020-01-31,51.242916666666666,0,1.0789398417012148,0.9846795054940801,1.0486976845417333,0.593736098585872,0.30704065300985783,0.22885508652796757,0.11564460109764604
2020-02-01,55.155833333333334,0,0.9816275885802742,1.0445572836094281,0.5903027472103675,0.3040960787299552,0.22650308329400942,0.11310219335645039,0.2856235631003509
2020-02-02,50.66416666666667,0,1.041421434500148,0.5871625546626378,0.3013831714300786,0.22378916765080195,0.11099146161300531,0.28258074336794375,0.09050342569334865
2020-02-03,56.568333333333335,0,0.5846678473092338,0.29887339549175945,0.22127601395661747,0.10860836987314366,0.2801167561571759,0.08803503267431174,0.34698323525338787
2020-02-04,62.845416666666665,0,0.29678279034158056,0.2189410301986743,0.10638171430662227,0.2772492915959359,0.08597655008900865,0.3437597748383902,0.6196627222697596
2020-02-05,61.62916666666666,0,0.2169624682658568,0.1042974275623042,0.2746031623909855,0.08366510075665361,0.3411682680839929,0.6156365031871439,0.5668282435043569
2020-02-06,55.88125,0,0.10247956446583645,0.27215181988505943,0.0815004885171238,0.33812595272257484,0.6124783055994788,0.5629575672395823,0.3171360082975301
2020-02-07,57.34375,0,0.27009867104301005,0.07947049209895558,0.33532840027896244,0.6086589615346143,0.559909171878423,0.3140004170523235,0.38066770424359475
2020-02-08,58.365833333333335,0,0.07768742954562625,0.332744556545068,0.6051884913652077,0.5562403851839774,0.31147093971605155,0.37734507795535205,0.4250674906127392
2020-02-09,59.5425,0,0.3306064733320761,0.6020158184279671,0.5529002998032594,0.30851367714799444,0.3746835671093045,0.4216141529397194,0.4761824505419945
2020-02-10,63.12583333333333,0,0.5995002908792083,0.5498417186313402,0.3057897816130999,0.37154526433221335,0.41886036910236707,0.472578632253153,0.6318441557089908
2020-02-11,66.78833333333334,0,0.5473993248373842,0.30327039054142374,0.368664585444014,0.4155955444925807,0.4697186197458274,0.6277820749215423,0.7909448985482814
2020-02-12,67.19041666666666,0,0.3011736220121145,0.36600800283541485,0.412605295927556,0.46630813771429974,0.624598561507074,0.7864144308581869,0.8084115898838801
2020-02-13,65.92625,0,0.36382329340875796,0.40985283558674257,0.46319174778467875,0.6207445051742096,0.7829002694235114,0.8038297008785348,0.7534955883168257
2020-02-14,58.504999999999995,0,0.4076066677494892,0.46032890883979966,0.6172439736951807,0.778592838891955,0.8002792396327671,0.749075370058082,0.43111295683666645
2020-02-15,57.16458333333333,0,0.45801198741448085,0.6140449959418863,0.7746996790153335,0.7959220359383281,0.7456390369230436,0.4276418215270728,0.3728846189852449
2020-02-16,61.51666666666667,0,0.6115126067908725,0.7711571361311124,0.7919857718064534,0.7414383221158436,0.42487547381728036,0.36958490582193254,0.5619411899700446
2020-02-17,67.59166666666667,0,0.7684045189209289,0.7884055110210553,0.7376375795491903,0.42159342201951183,0.3669395700212421,0.558084901016273,0.8258420808229288
2020-02-18,62.137499999999996,0,0.7856287163276979,0.7341759054085285,0.41858825446873105,0.36382344595921784,0.5550466620789425,0.8212088770750069,0.58891048540014
2020-02-19,61.80125,0,0.7314751257244453,0.4158227394346606,0.36096197414848885,0.5513918015544226,0.8176221912509162,0.5849747998041678,0.5743036253920281
2020-02-20,59.20333333333334,0,0.4135682034322465,0.3583221984803105,0.5480637764316509,0.8132153175504089,0.5818805124538557,0.570410941870053,0.461448889145956
2020-02-21,52.48208333333333,0,0.35614826243993836,0.5450157484548799,0.8092360384985249,0.5781488001027087,0.567347010942074,0.457888445935471,0.16947459076818616
2020-02-22,53.67875,0,0.5425801193453351,0.8056181379837659,0.5747542202231212,0.5636569223654827,0.4550590531651703,0.16677370946061174,0.22145836021465307
2020-02-23,54.87625,0,0.802817215916008,0.5716479542434967,0.5602983892568686,0.4516905559570482,0.16455110658951064,0.2186044405470787,0.2734783300576701
2020-02-24,52.13916666666666,0,0.569174994097756,0.5572236656049641,0.44861052547175495,0.16201462066683786,0.2162738034195458,0.2704712654574217,0.15457812758767012
2020-02-25,49.41791666666666,0,0.5547709243492972,0.44577950245595144,0.15965512359241657,0.21358918431158938,0.2680325188406879,0.15192110093548564,0.03636573265212925
2020-02-26,50.93875,0,0.4434829753014135,0.1574545953578395,0.21110140182671466,0.26519966339063356,0.14972945634887036,0.034056719067200904,0.10243145635672658
2020-02-27,52.404583333333335,0,0.15556222051530003,0.20878861886449007,0.2625835061600614,0.14723541945526739,0.032110747088091224,0.09992794764157546,0.1661079538889933
2020-02-28,52.25333333333333,0,0.20682428782332313,0.26015839029837334,0.14491268383377198,0.029953568771468563,0.09784467585885297,0.16341698384010966,0.15953758191508383
2020-02-29,52.165416666666665,0,0.2581220529498055,0.14274432330144213,0.027922557389413058,0.09549923635619782,0.1612013776165351,0.15686595480654839,0.15571844007900992
2020-03-01,48.63833333333333,0,0.1408725682191639,0.026009466921939065,0.09330518815375406,0.15867448527758893,0.154664003330566,0.15305805638759146,0.0025002616791698924
2020-03-02,53.75375,0,0.02430134203925553,0.09124943412224334,0.15632329638086412,0.15215583395340881,0.15086404196874947,0.00029094683085710283,0.22471639590419468
2020-03-03,49.794999999999995,0,0.08944986072807296,0.15413003812516676,0.1498208594034788,0.14836675563549717,-0.0015846448927567915,0.22185288469595177,0.05274641209121424
2020-03-04,43.9175,0,0.1522423233985551,0.14764178933236918,0.14604120595381423,-0.0036453200096351326,0.2195154766191996,0.05038917437125805,-0.2025749847792099
2020-03-05,37.52166666666667,0,0.1457631693481328,0.1438703830092832,-0.005592758270883403,0.2168215733979594,0.0484091595641293,-0.20418056542877644,-0.4804130283040227
2020-03-06,31.66208333333333,0,0.14199704950064235,-0.007432719004573085,0.2143257507411203,0.04620530278905201,-0.2056299635154223,-0.48120066367991265,-0.7349561166486122
2020-03-07,33.16458333333333,0,-0.0090939671297246,0.2120059323154638,0.04413386720906463,-0.20710625527949295,-0.4820726502636936,-0.7349943862666054,-0.669686801668125
2020-03-08,34.427083333333336,0,0.21003709148468927,0.04218540399489112,-0.2085476093832073,-0.4827572134782852,-0.7353373736344392,-0.669917221817511,-0.6148432008941717
2020-03-09,39.52125,0,0.040454604892236186,-0.20994472677976378,-0.48351291958392845,-0.7352965897095308,-0.6703958538680374,-0.6152350786448111,-0.39355017678118376
2020-03-10,38.097500000000004,0,-0.21132210870350546,-0.48431006829337153,-0.735424135046648,-0.6705410616792477,-0.6158276883405283,-0.3945935332885639,-0.45539855428765186
2020-03-11,34.11708333333333,0,-0.4853028653811343,-0.7356716186325162,-0.6708296784613841,-0.6161291787253491,-0.39564604090180727,-0.4562598313813412,-0.6283097484109444
2020-03-12,35.27166666666667,0,-0.7363120758799943,-0.6712181058313389,-0.6165531384022188,-0.3965781288922262,-0.45718380380857226,-0.6286619811268206,-0.5781540989902761
2020-03-13,36.52791666666666,0,-0.6719489091972886,-0.6170599960732781,-0.3975481949159635,-0.45793964838182055,-0.6292266042324316,-0.5786539881461105,-0.5235820011904515
2020-03-14,36.32625,0,-0.6178667142309552,-0.3985329168976839,-0.4587570851411012,-0.6294897202823461,-0.5793228462533135,-0.5242425486524837,-0.5323424971556636
2020-03-15,38.0775,0,-0.39964594998726183,-0.45960825057533844,-0.6298804472484297,-0.5797288860693913,-0.5250248201591093,-0.5329772540305648,-0.4562673638048631
2020-03-16,41.365,0,-0.4606356728255327,-0.6303582250039703,-0.580243387016104,-0.5255863688726907,-0.5337413192070676,-0.4571260831543742,-0.31345679941328164
2020-03-17,44.13791666666666,0,-0.6311463026979361,-0.5808294718225887,-0.5262355426998062,-0.534277903971597,-0.4580482499951468,-0.3147359479620962,-0.1929999798916122
2020-03-18,44.02708333333334,0,-0.5816869752221243,-0.526939471518776,-0.5349054586696529,-0.45880161880485276,-0.3159549080769798,-0.19463374901347674,-0.19781463263282356
2020-03-19,45.428333333333335,0,-0.5278725138942385,-0.5355904699091723,-0.4596169115182762,-0.3171152305189587,-0.1961030461675503,-0.19943422758903354,-0.13694366583321807
2020-03-20,42.30125,0,-0.5365113859614677,-0.46046620082893164,-0.31828295077015295,-0.19760662290899392,-0.20089351878481643,-0.1387424627409182,-0.272785653888835
2020-03-21,40.069583333333334,0,-0.4614924204685638,-0.31944062789457545,-0.19907160618475905,-0.20238337566996284,-0.14032825783794767,-0.27418453683699495,-0.3697303158509784
2020-03-22,34.83833333333333,0,-0.32066452664533945,-0.20048940002662385,-0.20383647735826954,-0.14199157290627962,-0.27548802096796565,-0.37084379717791277,-0.5969783051965177
2020-03-23,36.765,0,-0.20188003572093444,-0.20524387434861827,-0.14359489180745363,-0.2767642400907706,-0.37194580795322585,-0.5974227765618229,-0.5132829883718443
2020-03-24,37.736666666666665,0,-0.20662784557606434,-0.14513373470625593,-0.27803232848865317,-0.37294577312743077,-0.5980525136290924,-0.5139738557596563,-0.4710733259940031
2020-03-25,34.615833333333335,0,-0.14660196383620344,-0.27927783164825115,-0.3739746217417519,-0.5984049119017527,-0.5147775309890917,-0.4718884571198095,-0.6066438110754915
2020-03-26,31.560000000000002,0,-0.28055802760594967,-0.37501078077834143,-0.5988729585215602,-0.5153684278163313,-0.47277985375801895,-0.6070598275368134,-0.7393906652260438
2020-03-27,30.02916666666667,0,-0.37615678544082803,-0.5994183939837714,-0.5160430175203786,-0.47349103143069077,-0.6076694774547324,-0.7394158796914605,-0.8058907936892467
2020-03-28,28.484166666666667,0,-0.60024984082113,-0.516769186220975,-0.4742697860292985,-0.6079943328579842,-0.7397496510450792,-0.8057202341523515,-0.8730063288938074
2020-03-29,27.056250000000002,0,-0.5177164845424747,-0.4750871030672465,-0.6084385269676308,-0.7396962304104234,-0.805915802909128,-0.8726381836191407,-0.9350357083830277
2020-03-30,29.738333333333333,0,-0.476092828218551,-0.6089630905549939,-0.7398128321801448,-0.8056728832066686,-0.8726942708220005,-0.9344849508312999,-0.8185247320853587
2020-03-31,33.757083333333334,0,-0.6097811583498499,-0.7400507397185638,-0.8056253761330732,-0.8722600983858949,-0.9344121266843018,-0.8183169786852045,-0.643948319720745
2020-04-01,34.308749999999996,0,-0.7406850586412982,-0.8057196820456646,-0.8720469637698338,-0.9338011950469542,-0.8184862912055642,-0.6442545130414122,-0.6199836572043378
2020-04-02,33.43875,0,-0.806261951151631,-0.871996339135727,-0.9334349844902162,-0.8182073697749266,-0.6447866355907708,-0.6203604016352557,-0.6577768712030223
2020-04-03,31.320416666666663,0,-0.8724457065757776,-0.9332504124495469,-0.8181286847011582,-0.6450051878969231,-0.6209423282777604,-0.6580423537621855,-0.7497982792343025
2020-04-04,32.639583333333334,0,-0.9336139185063466,-0.8181957086499968,-0.6453573220375778,-0.6212291703949557,-0.6585457373937467,-0.749792854055917,-0.6924930514949175
2020-04-05,36.70478260869565,0,-0.8187204897940406,-0.645801329568645,-0.6216404444671705,-0.65872488379685,-0.7501049959884186,-0.6926563308596239,-0.5158988605051865
2020-04-06,35.018750000000004,0,-0.6465677602724945,-0.6221362017403705,-0.6590428918742783,-0.7500219177696619,-0.6930875662656153,-0.5165820268588965,-0.5891409193433419
2020-04-07,31.859583333333333,0,-0.6229358044522223,-0.6594570377716678,-0.7501128356567193,-0.693167785283839,-0.5173802657030169,-0.5896084636925886,-0.726376622666152
2020-04-08,30.260833333333334,0,-0.6602043269240717,-0.7503282687980641,-0.693400120862225,-0.5179637083291562,-0.5902544886543689,-0.7264401500079057,-0.7958270834482176
2020-04-09,34.33625,0,-0.7509481814484409,-0.6937392999881562,-0.5186318425907857,-0.5906292203773175,-0.726800967542017,-0.7956861511147207,-0.6187890441181724
2020-04-10,34.14541666666667,0,-0.6944385348268529,-0.5193523625279888,-0.5911166080774615,-0.7267846317820893,-0.7959026345813079,-0.6191693054473354,-0.6270789349282285
2020-04-11,39.14125,0,-0.5202960399459485,-0.5916789677378173,-0.7269333495720459,-0.7956883924732141,-0.6197537147712204,-0.627434791115024,-0.41005755760819557
2020-04-12,36.65958333333334,0,-0.5925212631246207,-0.7271993598782849,-0.795665720597464,-0.6200439610632865,-0.6280019721347844,-0.4110523169761885,-0.5178623385354778
2020-04-13,40.07458333333333,0,-0.7278516929050628,-0.7957817582748785,-0.620458183198555,-0.6282685955163839,-0.412070518446721,-0.5185397244800168,-0.36951311347167576
2020-04-14,40.580416666666665,0,-0.7963379576198552,-0.6209565201416799,-0.6286623598807652,-0.41295556692983537,-0.5193338827641608,-0.3706272342346547,-0.3475394727655439
2020-04-15,37.70708333333334,0,-0.6217577764430545,-0.6291427954780467,-0.41388489608228657,-0.519911730254396,-0.3717296964065825,-0.34871828314169834,-0.4723584400715443
2020-04-16,34.72217391304348,0,-0.6299325768703087,-0.4148339717159518,-0.5205750190500712,-0.37273028052167295,-0.3498664116044715,-0.47316978786742037,-0.6020243256895954
2020-04-17,36.45125,0,-0.4159241552048514,-0.5212912990159548,-0.37375966514745834,-0.3509296119058205,-0.4740585137423267,-0.6024539417508507,-0.526912437673094
2020-04-18,30.12375,0,-0.5222322585776172,-0.37479629321494334,-0.35201322302474325,-0.47476602934809214,-0.6030731920243052,-0.5275631804491093,-0.801782048680769
2020-04-19,27.01625,0,-0.3759425985300705,-0.353097301384486,-0.4755416125455361,-0.6034112111340729,-0.5283385305409776,-0.8016235851423835,-0.9367733274174502
2020-04-20,27.241666666666664,0,-0.35427402272507746,-0.4763561544840193,-0.6038668051976883,-0.5288905888276466,-0.8018276928184533,-0.9362174543773657,-0.9269811201505497
2020-04-21,23.11375,0,-0.4773601007738674,-0.6044013441885164,-0.5295315438123097,-0.801596481414413,-0.9361410190574507,-0.9264540750188078,-1.1062997844632743
2020-04-22,24.97083333333333,0,-0.6052258062985891,-0.5302282808242158,-0.8015591138910169,-0.9355251358930184,-0.9263979901629352,-1.1052448315904044,-1.0256272007505647
2020-04-23,27.315833333333334,0,-0.5311567131925238,-0.8016622923047142,-0.9351546372445662,-0.9258100109167615,-1.1048160812127805,-1.024809745081915,-0.9237592848575582
2020-04-24,26.44125,0,-0.8022102487564635,-0.934966312956733,-0.9254636774518242,-1.103717114687148,-1.0245486509302368,-0.9232417246938108,-0.9617516010372704
2020-04-25,25.17,0,-0.9353274137924087,-0.9252964986401949,-1.1029282590908174,-1.0236795693651926,-0.9231923355543883,-0.9611221928520607,-1.0169753059750035
2020-04-26,23.250833333333333,0,-0.9256711538990801,-1.1023738561890752,-1.0230897973602235,-0.9226135372646841,-0.9609938469214647,-1.0161833211754625,-1.1003448192307228
2020-04-27,21.15375,0,-1.102500297638837,-1.022709600350238,-0.9222751546364671,-0.96030678555519,-1.0159402076556,-1.0993073975627417,-1.1914431171499662
2020-04-28,24.23125,0,-1.0229477092015606,-0.9221149331164539,-0.9598746455883443,-1.015095780569165,-1.098891022975635,-1.1901375053476257,-1.0577550526891017
2020-04-29,27.76125,0,-0.9224940480561732,-0.9596323827475329,-1.0145273596875235,-1.0978090257459492,-1.1895318074970715,-1.056843013772193,-0.9044101729013351
2020-04-30,30.24875,0,-0.9599589085295506,-1.0141658457415406,-1.0970348657972644,-1.1881902161442894,-1.0565151505379358,-0.9039495758318913,-0.7963519891981994
2020-05-01,27.22458333333333,0,-1.0144159305897098,-1.0964933221592397,-1.187191244053957,-1.055554517300232,-0.9039403986075543,-0.7962095115609281,-0.9277232282798342
2020-05-02,26.26375,0,-1.0966280065022285,-1.1864529810411932,-1.0548854602661701,-0.9034167376350745,-0.7964249041523633,-0.9271939984082734,-0.9694622855025193
2020-05-03,27.314999999999998,0,-1.1864615666558773,-1.054435885769564,-0.9031261046948013,-0.7962091662704626,-0.9271363712806341,-0.9688101773377273,-0.9237954852541088
2020-05-04,24.330833333333334,0,-1.0546295230844787,-0.9030076660103922,-0.7961851990336738,-0.926546277319768,-0.9686658068273124,-0.9232778185176873,-1.0534291053013212
2020-05-05,23.43625,0,-0.9034135640895031,-0.7963001032197576,-0.9261981124823278,-0.9679567730595995,-0.9232283541454958,-1.0525298018189666,-1.0922902309982445
2020-05-06,24.410833333333333,0,-0.7968555759875197,-0.9260293311484722,-0.9675056046857714,-0.9226494526989772,-1.0522109289006174,-1.0912765217502494,-1.0499538672324766
2020-05-07,23.297083333333333,0,-0.9264029591775023,-0.9672466912481711,-0.9223109807355162,-1.0512626229022182,-1.0908768864542682,-1.0490647947268352,-1.098335697222172
2020-05-08,27.801666666666666,0,-0.9675625438614509,-0.922150681043687,-1.05060424142982,-1.0898178416157562,-1.0487531441543199,-1.097304190337603,-0.9026544536686376
2020-05-09,30.235833333333332,0,-0.9225297458746329,-1.0501640084652153,-1.0890635587588722,-1.0478147412100902,-1.0968919911691817,-0.9021990253738874,-0.7969130953447316
2020-05-10,27.3625,0,-1.0503636337785534,-1.0885394083498874,-1.0471649359211206,-1.0958157191426876,-0.9021934969388519,-0.796768965831012,-0.9217320626507323
2020-05-11,25.438333333333333,0,-1.0886852418949617,-1.0467322074508432,-1.0950465173000474,-0.9016748390718639,-0.7969831923145261,-0.9212204705567342,-1.0053187782857542
2020-05-12,28.3025,0,-1.0469366432064293,-1.0945093121978056,-0.9013885388909271,-0.7967658555020042,-0.9211752944523813,-1.0045611098872715,-0.8808980153418087
2020-05-13,30.351666666666663,0,-1.0946467775777193,-0.9012738915395897,-0.7967405035689327,-0.920602272944276,-1.00434222131906,-0.8805066372241893,-0.7918812402242172
2020-05-14,29.580416666666665,0,-0.9016822198942113,-0.7968541960918699,-0.9202688930897257,-1.0035310107268183,-0.8805463236833847,-0.7917519243121967,-0.8253847072316718
2020-05-15,28.802083333333332,0,-0.797408892173644,-0.9201130491914035,-1.0029913557937604,-0.8800896630617695,-0.7919766081506161,-0.8251567583097766,-0.8591958776098053
2020-05-16,30.307083333333335,0,-0.9204949702224341,-1.0026550131725007,-0.8798570533625059,-0.791773610135277,-0.8253118142203913,-0.8588683898103058,-0.7938179614396669
2020-05-17,32.56916666666667,0,-1.0029212330457105,-0.8797893872725306,-0.7917606758011282,-0.8250133445734505,-0.8589531783145783,-0.7936829438895823,-0.6955519850034316
2020-05-18,33.262499999999996,0,-0.8802278309999761,-0.791885234206477,-0.824917730470935,-0.8585583602031146,-0.7939036027748546,-0.6957062589771771,-0.6654332550734456
2020-05-19,33.013333333333335,0,-0.792446895407756,-0.8249699408606586,-0.858379306982658,-0.7936950858699524,-0.6961311372141793,-0.6656761975120378,-0.6762571736420342
2020-05-20,31.39,0,-0.8254852263921398,-0.858358504896321,-0.793677372100247,-0.6962026394815978,-0.6661636694129337,-0.676468250851072,-0.7467755461223385
2020-05-21,30.330416666666668,0,-0.8588269888334303,-0.7937977483134446,-0.6964274262318616,-0.66632099814982,-0.6769332281540061,-0.74677901976224,-0.7928043503362538
2020-05-22,33.7475,0,-0.7943567286953458,-0.6967599998393483,-0.6666201118231322,-0.6770597130034275,-0.7470974436309616,-0.7926723168210439,-0.6443646242810752
2020-05-23,31.53833333333333,0,-0.6974550004866913,-0.6670177243814565,-0.6773321154387691,-0.747022979006196,-0.7928950822238512,-0.6446695920159904,-0.7403318755363562
2020-05-24,29.96875,0,-0.6677544155282827,-0.6777063546241362,-0.7471213563861314,-0.7926894537097483,-0.6452008493885042,-0.7403543191122464,-0.8085153224391554
2020-05-25,28.615,0,-0.6784280632477105,-0.7473433168741048,-0.7926742413268764,-0.6454182153912925,-0.7406861344138683,-0.8083370363833883,-0.8673228666353846
2020-05-26,28.790833333333335,0,-0.747967413607062,-0.7927968063509194,-0.6457693221766407,-0.7406300317020418,-0.808527150764405,-0.8669714532705508,-0.8596845829632365
2020-05-27,27.413749999999997,0,-0.7933571897784764,-0.646212430731825,-0.7407443107554178,-0.8082767521929114,-0.8670393520181597,-0.8593556564326367,-0.9195057382628788
2020-05-28,26.08791666666667,0,-0.6469782851847802,-0.7409801858266232,-0.8082227683141224,-0.8666213752018936,-0.8594394292945263,-0.9190007003883376,-0.9771005691746673
2020-05-29,24.94125,0,-0.7416132019212487,-0.8083114067700603,-0.8664222662191481,-0.85904321856607,-0.9189601510992846,-0.9764259741756414,-1.026912314828106
2020-05-30,23.440833333333334,0,-0.808850042989954,-0.8663839145601393,-0.8588629593198187,-0.9183934737352565,-0.9762657295509457,-1.0260910758295259,-1.092091128817217
2020-05-31,20.331666666666667,0,-0.8668411490776164,-0.858841101913967,-0.9180655879982152,-0.9755349296954229,-1.0258273109145446,-1.0910780057189293,-1.227154808346999
2020-06-01,22.219166666666666,0,-0.8593089093826352,-0.9179145516665714,-0.9750649115851008,-1.0249545672825942,-1.0906787842031782,-1.2257440626016642,-1.1451609101601976
2020-06-02,22.995416666666667,0,-0.9182995543871673,-0.9747895038943433,-1.0243616238764615,-1.0896203067271448,-1.2250641476243902,-1.1439915515216872,-1.11144024077344
2020-06-03,23.086250000000003,0,-0.975094783556432,-1.023978651767011,-1.0888665152141028,-1.2236207920743363,-1.1434820387664313,-1.1103701545808489,-1.1074943975494393
2020-06-04,21.97875,0,-1.0242149817568773,-1.0883427947501056,-1.22253369076575,-1.1422723334006861,-1.1099307211500122,-1.1064359277783244,-1.1556047245650063
2020-06-05,19.754166666666666,0,-1.0884889038934338,-1.2217183112565906,-1.1413875764198693,-1.1088171063567545,-1.10600469471932,-1.1544046197100197,-1.2522416831564707
2020-06-06,21.624166666666667,0,-1.2216774645662982,-1.1407492560737473,-1.1080155651557688,-1.1049023240188172,-1.1538734023008774,-1.2507570825479883,-1.171007993297229
2020-06-07,22.353333333333335,0,-1.1408219057552453,-1.1074500618561673,-1.1041105203594328,-1.152633936194217,-1.250025031261726,-1.169762541769415,-1.1393326463155726
2020-06-08,25.6725,0,-1.1075693878601038,-1.1035535377877654,-1.1517234059954926,-1.2485101880393867,-1.1691993128170195,-1.1381804458775915,-0.9951464668550738
2020-06-09,27.782916666666665,0,-1.1036783256480045,-1.1510625330804802,-1.247361177406675,-1.1679159534858896,-1.1376830455981612,-0.9944187453780117,-0.9034689625910232
2020-06-10,27.45125,0,-1.1511207263808474,-1.2464916248290896,-1.1669674111408224,-1.1364899484795126,-0.9942209972179182,-0.9030111364111058,-0.9178767204181077
2020-06-11,25.547083333333333,0,-1.2464160527588188,-1.1662732761181402,-1.1356195744729878,-0.9934387736904847,-0.9030039152387654,-0.9173764783139007,-1.0005946265359187
2020-06-12,24.250416666666666,0,-1.1663101481354183,-1.1349938397892272,-0.9929242219610044,-0.9024829363434564,-0.9173393144994575,-0.9998508658714053,-1.056922443568441
2020-06-13,22.195416666666663,0,-1.1350745569832457,-0.9926098456200155,-0.9021946261195286,-0.9167772791920712,-0.9996417951795619,-1.0560128558230364,-1.1461926214618858
2020-06-14,20.809166666666666,0,-0.9928901460585555,-0.9020782199023332,-0.9164534135410121,-0.9988440465515815,-1.0556867229424687,-1.1450202255021638,-1.206411981123583
2020-06-15,19.940416666666668,0,-0.902485420809553,-0.9163058949410843,-0.9983160498678719,-1.054728462311493,-1.1445085686129883,-1.2050623015205044,-1.244150894527442
2020-06-16,20.539166666666667,0,-0.9166931525564839,-0.9979899086685885,-1.0540614599880442,-1.1432959232780369,-1.2044254949199265,-1.2426901129116197,-1.2181409096059335
2020-06-17,20.479583333333334,0,-0.9982626677367292,-1.053613683443204,-1.1424086202427648,-1.203041248224446,-1.2419748761492517,-1.2167567004564481,-1.2207292379592916
2020-06-18,20.610833333333332,0,-1.0538084732599071,-1.141768071999889,-1.2020053360106995,-1.2404830884749007,-1.2160955184386808,-1.2193374088636086,-1.2150276755025935
2020-06-19,21.302083333333332,0,-1.1418392935813448,-1.2012347489520567,-1.239354044269234,-1.2146778489353787,-1.2186708477028503,-1.2136526316030805,-1.1849994465639835
2020-06-20,22.812916666666666,0,-1.2012226145889324,-1.2385019630925043,-1.2136129921025605,-1.2172458024873283,-1.212997919603456,-1.183712804697632,-1.1193681276179919
2020-06-21,21.05333333333333,0,-1.2384375903330924,-1.2128170773755627,-1.2161745581845607,-1.2115891215861805,-1.1831204982799781,-1.1182747020097739,-1.1958052649342972
2020-06-22,20.3825,0,-1.2127887077698514,-1.2153730541727252,-1.2105319475843506,-1.181797268840135,-1.1178187926025036,-1.1944868111247282,-1.2249465841574207
2020-06-23,20.4475,0,-1.2153411017897144,-1.209742755633521,-1.1808141984232432,-1.1166825864669219,-1.1938720477254974,-1.2235423393452056,-1.2221229532264843
2020-06-24,20.673750000000002,0,-1.2097186953823236,-1.1800898499937116,-1.1158614808474898,-1.1925180259765964,-1.222867013566847,-1.2207270210828487,-1.2122945455630334
2020-06-25,20.832916666666666,0,-1.1801073549700638,-1.1152788579202038,-1.191508288989356,-1.221429950582463,-1.22005756346048,-1.2109275479004145,-1.2053802698218947
2020-06-26,20.763333333333332,0,-1.115387210102762,-1.1907606062727751,-1.2203482987237637,-1.2186285467076088,-1.210278515974857,-1.2040336275400279,-1.2084030029338586
2020-06-27,22.115416666666665,0,-1.190763153780262,-1.2195376876953747,-1.2175538629979454,-1.2088775062970587,-1.2033989650733692,-1.2070474618337048,-1.1496678595307304
2020-06-28,23.215,0,-1.219499897640261,-1.2167493493711974,-1.2078270771061543,-1.2020176583470954,-1.206406517430826,-1.1484852325942951,-1.1019014362823927
2020-06-29,22.527916666666666,0,-1.2167154678004102,-1.2070437871274262,-1.2009842921878042,-1.205016597110561,-1.1479663533592859,-1.1008594319894256,-1.1317486632382505
2020-06-30,20.513333333333332,0,-1.2070235100886217,-1.200215933025915,-1.2039757714583919,-1.146743804970165,-1.1004398223932474,-1.1306187897754922,-1.2192631218989978
2020-07-01,19.8,0,-1.2002052267628331,-1.203200884949874,-1.1458479257514642,-1.0993533894205483,-1.1301371507611888,-1.2178756089966156,-1.2502506613461952
2020-07-02,18.3675,0,-1.203185994604212,-1.1451998730142612,-1.0985753880563696,-1.1289656649951287,-1.217212094763006,-1.248771922234788,-1.3124791430164433
2020-07-03,22.70375,0,-1.1452662841534689,-1.0980304830302603,-1.128114006722232,-1.215791227398462,-1.2480440087508262,-1.3108172054782674,-1.1241103795661025
2020-07-04,19.99153846153846,0,-1.0981630126959925,-1.1275046490339047,-1.2147236011730782,-1.2465348391532716,-1.3099599668642177,-1.1230029929375782,-1.2419301394313655
2020-07-06,18.134999999999998,0,-1.127595864015954,-1.2139252631197872,-1.2453907419589827,-1.3082734707029426,-1.1225372280375556,-1.240475895639204,-1.3225790536540227
2020-07-07,16.76,0,-1.2138953401420998,-1.2445254888312722,-1.3069758062241343,-1.1213875083593052,-1.2397652741178637,-1.3208873823397744,-1.3823097079622886
2020-07-11,16.97,0,-1.2444526727435394,-1.3059761757448738,-1.1205546998229028,-1.2382798147173109,-1.320009153783145,-1.380442191735784,-1.3731872080315717
2020-07-12,16.674999999999997,0,-1.3058172226756366,-1.1199618363877326,-1.2371562508852691,-1.3182938768706902,-1.3794398291101349,-1.371346548118939,-1.3860021484104361
2020-07-15,21.543333333333333,0,-1.120063624320973,-1.236308965248785,-1.3169712878587927,-1.377554343454144,-1.370363144151104,-1.384123761771174,-1.174519431762624
2020-07-18,19.16,0,-1.2362476664698963,-1.315949847442893,-1.3760843512895666,-1.3685036540123074,-1.3831137254030763,-1.1732636426854228,-1.2780525658969517
2020-07-19,17.545416666666664,0,-1.3157769140258722,-1.3749339273774146,-1.3670561743292302,-1.3812177177520304,-1.1726931161544245,-1.2764919789718399,-1.3481908342134763
2020-07-20,17.235416666666666,0,-1.374678314484255,-1.3659254497146875,-1.37973861339256,-1.1713997506123108,-1.275706286721207,-1.346423762732306,-1.3616573817302489
2020-07-21,16.929166666666667,0,-1.3656824642324292,-1.378580215955185,-1.170442542748571,-1.2741178926902974,-1.3454923069915363,-1.3598506652143154,-1.3749610274625446
2020-07-22,19.126250000000002,0,-1.3783194919671369,-1.1697408250597454,-1.2729051860285792,-1.3437040466329895,-1.3588912228834393,-1.3731151454888813,-1.2795186819572455
2020-07-23,19.728333333333335,0,-1.169772836526002,-1.2719798969462495,-1.3423182529359277,-1.3570645881899863,-1.3721280551153598,-1.2779537788388327,-1.253363895449535
2020-07-24,20.163333333333334,0,-1.2718685973205321,-1.3412415059602711,-1.3556455617821384,-1.3702635102926646,-1.2771650396610512,-1.2518759910881556,-1.2344672884501928
2020-07-25,20.53375,0,-1.3410331205860575,-1.3545397348909631,-1.3688116531826289,-1.275572467779164,-1.251141607586051,-1.233035015024691,-1.2183762121835113
2020-07-26,20.519583333333333,0,-1.3543127090530385,-1.3676770981491067,-1.2743561430400618,-1.2496235665024698,-1.232339903028058,-1.2169913103116445,-1.2189916189248693
2020-07-27,21.34375,0,-1.367431657336951,-1.2734276879991877,-1.2484717864771926,-1.2308757098015226,-1.216329639280878,-1.2176049053175428,-1.1831894267364602
2020-07-28,20.043333333333333,0,-1.273314358968147,-1.247599810573314,-1.2297705627736386,-1.2149112992582831,-1.2169419553297014,-1.1819081135038134,-1.2396801455534596
2020-07-29,19.520833333333332,0,-1.2475226851310672,-1.2289393925576653,-1.2138458617463785,-1.2155218616412642,-1.1813195687246147,-1.238232525662888,-1.2623777941906007
2020-07-30,19.650000000000002,0,-1.2288884238951425,-1.2130494389025774,-1.214454905430211,-1.180001497125485,-1.2375265801475044,-1.260863353233372,-1.2567667327252787
2020-07-31,21.02541666666667,0,-1.2130207435898388,-1.2136571536655392,-1.1790228934707956,-1.236047532339715,-1.2601102367717607,-1.2552688105325345,-1.1970179782187376
2020-08-01,19.902916666666666,0,-1.2136276065036524,-1.1783024536320592,-1.2349295210366882,-1.2585665096414276,-1.2545273551501341,-1.1956959542245864,-1.2457799123722129
2020-08-02,18.743750000000002,0,-1.1783224640470824,-1.2340870940792235,-1.2573924851403822,-1.252999617326012,-1.1950786705275906,-1.2443143349860564,-1.2961346639739084
2020-08-03,18.983333333333334,0,-1.2340289097533288,-1.2565010444543419,-1.2518394397877943,-1.1937211930254117,-1.2435957127490789,-1.2945208439980864,-1.2857270499656501
2020-08-04,18.595416666666665,0,-1.2564114419275143,-1.25096011573322,-1.1927084633074958,-1.242099283018086,-1.2936975729792866,-1.28414386963363,-1.3025783345598914
2020-08-05,17.638749999999998,0,-1.250878280066272,-1.1919581618350819,-1.2409662187264368,-1.292057652119652,-1.2833422280359474,-1.3009455446480802,-1.3441363897998242
2020-08-06,15.611666666666666,0,-1.1919590306986596,-1.2401106198179914,-1.2908003225035316,-1.281731964760414,-1.3001088821963802,-1.3423812544581526,-1.4321938544088286
2020-08-07,16.757083333333334,0,-1.2400439921637758,-1.2898359865991547,-1.2805003190269575,-1.2984505994238065,-1.3414582247875224,-1.4301794810374215,-1.3824364093502153
2020-08-08,19.165,0,-1.2896996576411153,-1.2795584575196546,-1.2971773681342456,-1.3396815179921733,-1.4290734476559486,-1.3805685201193514,-1.277835363517649
2020-08-09,18.729166666666668,0,-1.279436534833973,-1.2961991176466365,-1.3383057298424448,-1.4270458119099012,-1.3795658941790103,-1.2762754160285816,-1.2967681709135417
2020-08-10,19.9425,0,-1.2960538693269288,-1.3372377381101703,-1.425452715779025,-1.3776800474741695,-1.2754901751745635,-1.295152485915923,-1.244060393536066
2020-08-11,20.52,0,-1.3370349649185795,-1.4241945711045483,-1.3762097426362379,-1.2739024000845394,-1.294327898323664,-1.2425998783519288,-1.2189735187265942
2020-08-12,17.075,0,-1.4238699083216195,-1.37505904512273,-1.2726902294342854,-1.2926861722197796,-1.2418848296714837,-1.2175868584056047,-1.3686259580662132
2020-08-13,16.486842105263158,0,-1.3748032568488635,-1.2717654093828512,-1.2914272792368884,-1.2403932998891682,-1.2169239460341479,-1.3667987263105166,-1.3941758168947251
2020-08-14,16.577391304347824,0,-1.2716544104097744,-1.290461575325733,-1.2392644790216116,-1.2155039039241178,-1.3658248016715882,-1.39227336726747,-1.3902423165976947
2020-08-15,16.531666666666666,0,-1.2903243694641588,-1.2384125932744219,-1.2144369923806864,-1.363978309291389,-1.3912463441320326,-1.3883514470547802,-1.3922286166171158
2020-08-16,17.62666666666667,0,-1.2383483457869435,-1.2136392797019226,-1.362542085849062,-1.3893270447581871,-1.3873325986397274,-1.3903318994779095,-1.3446612955498058
2020-08-17,18.135416666666668,0,-1.2136097575944227,-1.3614212108833241,-1.3878277694409815,-1.385424508186176,-1.389308923073526,-1.3429046149043598,-1.3225609534557474
2020-08-18,17.59375,0,-1.3611845391065163,-1.3866517216304353,-1.3839349399507288,-1.3873951724504265,-1.3419804943585776,-1.3208693354278362,-1.3460912112135492
2020-08-19,15.767916666666666,0,-1.3863796836088103,-1.3827673862145686,-1.38590070242898,-1.3402022917894216,-1.3199911444875914,-1.3443303209474764,-1.4254062800556164
2020-08-20,15.343571428571428,0,-1.3825007929641036,-1.3847288594392684,-1.3388252082786545,-1.3182759191535436,-1.3434032287073148,-1.4234118890606022,-1.443840039127635
2020-08-21,12.795454545454545,0,-1.3844595167421925,-1.3377560830550492,-1.316953374809268,-1.3416209514439952,-1.422319961823336,-1.4417913798045048,-1.5545314490785518
2020-08-22,13.934347826086958,0,-1.3375525832862438,-1.3159319734792763,-1.3402403391910882,-1.4203116679799632,-1.4406611429664575,-1.5521569181992543,-1.505057383013489
2020-08-23,14.867083333333333,0,-1.3157590651166422,-1.3391681261807544,-1.4187353222073462,-1.4386003201995927,-1.5507966390942693,-1.502828502017102,-1.4645389087266683
2020-08-24,14.343333333333334,0,-1.3389626471153993,-1.4174918347483527,-1.4369784836444885,-1.5484203895833617,-1.5015710414263745,-1.4624293126709578,-1.487290857958635
2020-08-25,16.595384615384617,0,-1.4171765673604397,-1.435695189980093,-1.5465253890559172,-1.4993357734386075,-1.4612560588102912,-1.485114280977256,-1.3894606786039496
2020-08-26,19.294166666666666,0,-1.435354406488916,-1.545003066282835,-1.4975628648821673,-1.4591362524506986,-1.4838937433212083,-1.3875721101753624,-1.272224302052327
2020-08-27,16.59173913043478,0,-1.5445090631778136,-1.4961473773361356,-1.4574633352792654,-1.4817091029038505,-1.3865548861842474,-1.2706808733277444,-1.389619040204913
2020-08-28,17.271875,0,-1.4957218564855292,-1.4561353440872724,-1.479980038531533,-1.3846490230898694,-1.2699072935529372,-1.3877300055654302,-1.360073614381166
2020-08-29,19.064615384615387,0,-1.4557659091152952,-1.4786029163532401,-1.3831613837786214,-1.268335507769124,-1.3867124524624022,-1.3582715604197242,-1.2821961189790356
2020-08-30,16.684615384615384,0,-1.4782019880171702,-1.3819955179262187,-1.2671371840816976,-1.3848061381000876,-1.3573154095224964,-1.2806233335816888,-1.3855844515271616
2020-08-31,15.099166666666667,0,-1.3817300066230487,-1.2662244806617295,-1.3833181079844945,-1.3554932879396673,-1.2798290300725619,-1.3837072945726003,-1.454457098287364
2020-09-01,16.365416666666665,0,-1.2661212485485325,-1.3821519001630778,-1.3540781699487465,-1.2782288285539887,-1.3826981262749154,-1.4523771827213887,-1.3994505957289338
2020-09-02,19.583333333333332,0,-1.3818861696549725,-1.3529757630745174,-1.277005896442798,-1.3808033088948033,-1.4512248811869173,-1.397532617341245,-1.259662764449316
2020-09-03,21.356666666666666,0,-1.3527509294954296,-1.2760716596941546,-1.3793252353266103,-1.4491338040000974,-1.396494631999426,-1.2581563164426441,-1.182628320589928
2020-09-04,20.736250000000002,0,-1.2759546245411417,-1.3781677398717267,-1.4474857666941316,-1.3945603015918806,-1.2574088424387155,-1.1813486592337297,-1.2095795158217486
2020-09-05,23.53,0,-1.3779075940618335,-1.4461795463528697,-1.393048009189246,-1.2558728520694524,-1.180761280562452,-1.2082205111096866,-1.0882176863863173
2020-09-06,22.7175,0,-1.4458240666742894,-1.3918605709222605,-1.2547055277117107,-1.1794448078939435,-1.207577121641812,-1.0872159665641579,-1.1235130730230198
2020-09-07,21.282083333333333,0,-1.3915812315248877,-1.2538199499118634,-1.1784675889355367,-1.2061838487250836,-1.0868247949547007,-1.122407444843618,-1.1858682560811946
2020-09-08,23.025833333333335,0,-1.2537341055430422,-1.1777483607599473,-1.205140119677483,-1.0857773552577934,-1.1219429212842857,-1.1845790564706649,-1.110118926299348
2020-09-09,26.165000000000003,0,-1.1777691478609582,-1.2043626925849478,-1.085033122615865,-1.1207949036934706,-1.1839849444665524,-1.1090527300093613,-0.9737520324937493
2020-09-10,26.150833333333335,0,-1.2043461737041496,-1.08451776653617,-1.119963569188595,-1.1826592392631672,-1.108616042574597,-0.9730872954670771,-0.9743674392351072
2020-09-11,25.9275,0,-1.0846692373182538,-1.1193719955883872,-1.181674024800418,-1.1075061930050598,-0.9729340098735235,-0.9737008904729755,-0.9840691455106317
2020-09-12,25.742500000000003,0,-1.119474610316389,-1.1809478002473046,-1.106707912540482,-0.9722127520233201,-0.973546325922347,-0.9833740352718426,-0.9921056335448346
2020-09-13,25.69875,0,-1.1809641026130948,-1.1061452625121613,-0.9717509974230725,-0.9728233144063013,-0.9831993083390946,-0.9913868641723964,-0.9940061543637341
2020-09-14,26.132916666666663,0,-1.1062664174863275,-0.9714828206252867,-0.9723600411069048,-0.982448650796826,-0.9911954355649076,-0.993281789925906,-0.9751457477609424
2020-09-15,26.5675,0,-0.9717927353489165,-0.9720905353882485,-0.9819614356520245,-0.9904218772098723,-0.9930864115980392,-0.9744769076863176,-0.9562672409598751
2020-09-16,26.745416666666667,0,-0.9723995982627301,-0.9816709798867043,-0.9899148296408921,-0.9923074375102551,-0.9743207256311535,-0.9556539785347907,-0.948538456296351
2020-09-17,26.73,0,-0.9819666136099101,-0.9896070197324397,-0.9917956998409623,-0.9735954962436011,-0.9555370303687138,-0.9479479471371858,-0.9492081636325346
2020-09-18,25.84875,0,-0.9898915293079468,-0.9914837859121746,-0.9731303022364575,-0.9548655972598002,-0.9478470611673123,-0.9486156828788986,-0.9874900829846506
2020-09-19,28.251666666666665,0,-0.9917656647770773,-0.9728591158237592,-0.9544469915824279,-0.9471976520382442,-0.9485134051027968,-0.9867849016281596,-0.883106239531387
2020-09-20,26.25708333333333,0,-0.9731671013596124,-0.9542165717717269,-0.9467981194354761,-0.9478620875726648,-0.9866030651987313,-0.8827083604806479,-0.9697518886749232
2020-09-21,25.316666666666666,0,-0.9545506890329173,-0.9465843893074721,-0.9474609022678818,-0.9858426593375147,-0.882743457740928,-0.9690989279287385,-1.010604036182122
2020-09-22,21.854583333333334,0,-0.9469292047917871,-0.9472457259612834,-0.9853470020121506,-0.8822805045536427,-0.9689539555561707,-1.0098308081732215,-1.1609985836510255
2020-09-23,19.3775,0,-0.9475896144332903,-0.9850491590102268,-0.8820424454044921,-0.9682440965339437,-1.009600935620721,-1.1597825994675988,-1.2686042623972804
2020-09-24,21.479166666666668,0,-0.9853400574543447,-0.8819700108337463,-0.9677922134781632,-1.0087746641335966,-1.1592401723758603,-1.2670714909401073,-1.1773068622970098
2020-09-25,25.614583333333332,0,-0.8824053979260134,-0.9675326746660357,-1.0082219662549077,-1.1579853359038745,-1.2663054344422104,-1.1760428671239032,-0.997662394415331
2020-09-26,26.228333333333335,0,-0.9678481264091281,-1.007874210548525,-1.1570614947537867,-1.2647439643398237,-1.175466547669684,-0.9969272661374193,-0.971000802355914
2020-09-27,27.090416666666666,0,-1.0081331145408159,-1.1563889742382036,-1.2635545741768022,-1.174165239052872,-0.9967242892998732,-0.9703441648524731,-0.9335514921244589
2020-09-28,34.244166666666665,0,-1.1564397013313317,-1.262649687938425,-1.1732011523753405,-0.9959348963738484,-0.9701965969493712,-0.9330051040523688,-0.6227891879369987
2020-09-29,36.13125,0,-1.26255146670257,-1.1724934154566897,-0.9954141358449067,-0.969483179017052,-0.932935364448904,-0.6231576729856744,-0.5408133899484723
2020-09-30,36.78958333333333,0,-1.172521568547393,-0.995094326562712,-0.969028213895352,-0.9323286622409412,-0.6237337690885735,-0.5414232088176353,-0.5122150766736057
2020-10-01,35.99916666666667,0,-0.9953711444414995,-0.9687659781555754,-0.9319661144292093,-0.6240126165526633,-0.5421696695261681,-0.5129090879553034,-0.546551152801721
2020-10-02,35.11291666666667,0,-0.969079701145985,-0.9317847474329921,-0.6244169671434644,-0.5426821155961595,-0.5137149825514274,-0.54714407990204,-0.5850502745331395
2020-10-03,35.68666666666667,0,-0.932150307949502,-0.6249066661009313,-0.5432887658471081,-0.5143089225046878,-0.5478786162166698,-0.5855298615945588,-0.560126301508145
2020-10-04,34.651666666666664,0,-0.6257023853828433,-0.5439554848817044,-0.5149861475984345,-0.5483747119316004,-0.5861843878592478,-0.5606792638556785,-0.6050871940238217
2020-10-05,33.01416666666667,0,-0.5448646754810201,-0.5157146223676002,-0.5489672025463673,-0.5865707763022082,-0.5613855878818949,-0.6055077931101297,-0.6762209732454838
2020-10-06,36.17208333333333,0,-0.5166633988979158,-0.5496215313481418,-0.5870682588849296,-0.5618429997914762,-0.6061206780371201,-0.6764321570271957,-0.5390395705174996
2020-10-07,38.54,0,-0.5505227797068709,-0.5876394519604833,-0.562401989689725,-0.6064499691833852,-0.6768972095628989,-0.5396546114476932,-0.43617614371935554
2020-10-08,41.28458333333333,0,-0.588487409638683,-0.5630270040605331,-0.606898004708526,-0.6770237975691346,-0.5404047585619121,-0.43709401090298916,-0.31695013768040164
2020-10-09,43.193333333333335,0,-0.5639094616292306,-0.6074259296839731,-0.6772962893397202,-0.5409222593158025,-0.4380579319306139,-0.3182190019661661,-0.23403312938156312
2020-10-10,42.59916666666667,0,-0.6082461521560862,-0.6776706066969032,-0.5415332869937094,-0.4388685527722365,-0.31943070211883123,-0.23554609837734136,-0.2598440121220441
2020-10-11,41.577083333333334,0,-0.678392365429251,-0.5422038364472853,-0.43973342654610686,-0.32058106992823365,-0.2369301191876368,-0.2612809948011929,-0.30424379849118854
2020-10-12,45.284166666666664,0,-0.5431154823764985,-0.4406261012145926,-0.3217401693283772,-0.2383167676801117,-0.26261137464711787,-0.3055500697855602,-0.14320633443644856
2020-10-13,41.52333333333333,0,-0.4416801312234715,-0.3228903028725643,-0.23968048945674805,-0.26392447233102234,-0.3067881766401805,-0.14498669427153033,-0.3065787240686935
2020-10-14,44.350833333333334,0,-0.32410936612669355,-0.24100967554527825,-0.26522449807865217,-0.30797475249138967,-0.14655947409950495,-0.30787812142558607,-0.18375077857296834
2020-10-15,42.263333333333335,0,-0.24234351294492018,-0.2664979476624382,-0.3091652085621942,-0.1482049430389692,-0.30911137576659925,-0.18541177701306408,-0.2744327719318812
2020-10-16,42.03333333333333,0,-0.26779605750663343,-0.31034278041376595,-0.14979280694292285,-0.31029129800328836,-0.18690029613964346,-0.27582680582336977,-0.2844240813798095
2020-10-17,46.16083333333333,0,-0.3115794318473647,-0.1513181261175726,-0.3114759919508518,-0.1884302294471316,-0.27712686686334637,-0.28578870121324795,-0.10512351726536023
2020-10-18,44.709583333333335,0,-0.1527776864297189,-0.3126485217202973,-0.18991803787775108,-0.27839839235110225,-0.2870679980089521,-0.1070159915535896,-0.16816650785799347
2020-10-19,48.445,0,-0.3138819411380106,-0.19135580461858104,-0.2796624159953806,-0.28831105221597103,-0.1086679162546605,-0.16987338583428696,-0.005898230320537579
2020-10-20,50.62583333333333,0,-0.1927592431044998,-0.28090436233735466,-0.28955041933289205,-0.11042190616273086,-0.17139429266796513,-0.008082820308460407,0.08883820745202728
2020-10-21,53.5275,0,-0.2821822783458627,-0.2907707902536748,-0.11210375074342338,-0.1729686349839941,-0.009940958029642425,0.08637471677599871,0.21488798824074393
2020-10-22,55.27708333333334,0,-0.2920348762407196,-0.11371130666841102,-0.1744949022371764,-0.011977700765611433,0.08431969489807435,0.21205341151351773,0.2908907207984436
2020-10-23,55.96666666666667,0,-0.11522358141019247,-0.17596632194475584,-0.013904413250240485,0.08201299077917548,0.209736429133577,0.28783239474195565,0.32084654894395265
2020-10-24,56.32125,0,-0.17739133225763082,-0.015726238122638923,0.07985248796087188,0.20707053298740957,0.28535746116328337,0.3177000339996514,0.33624981767617507
2020-10-25,57.195,0,-0.01737586101235759,0.07782608744623556,0.20459896484932963,0.28247498728556786,0.3151628453045464,0.33305795605904653,0.3742059334593369
2020-10-26,58.848333333333336,0,0.07604532989648344,0.2023003700716928,0.2798158598026084,0.31219500916302717,0.33048875582068826,0.3709023303934201,0.44602752021545805
2020-10-27,63.181666666666665,0,0.2003451337729011,0.2773531432974674,0.30946195676561766,0.3274770264546995,0.3682542485966574,0.4425124769641374,0.6342695822778719
2020-10-28,62.2875,0,0.2752927036288858,0.3069345530828107,0.32470596191094747,0.3651343593109125,0.43971513335347456,0.630200361121259,0.5954265567792238
2020-10-29,63.699999999999996,0,0.3048326484042262,0.32214529612047055,0.3622696267637757,0.4363905809482291,0.6270118071112609,0.5914716881019145,0.6567862289322605
2020-10-30,64.22166666666666,0,0.3200220701587969,0.3596269978243166,0.4333486072769004,0.6231508392718408,0.5883638588531639,0.6526507195723608,0.6794476771728511
2020-10-31,70.34083333333334,0,0.3574512328137147,0.4305508854546748,0.6196443223314606,0.5846135782754495,0.6494153707799807,0.6752454533189681,0.9452671890429103
2020-11-01,69.3,0,0.4282757046376127,0.6164401070665002,0.5812029180519331,0.645490239402088,0.6719630088131296,0.9402824020431502,0.9000528937513802
2020-11-02,71.41791666666667,0,0.6139043606276674,0.5780825811454448,0.6419281559399098,0.6679733012695075,0.9364475233137889,0.8952012160215643,0.9920562015843853
2020-11-03,71.85458333333334,0,0.5756006014204889,0.6386753178054531,0.6643552939445551,0.9317003352830234,0.8914603030208126,0.9869336694033578,1.0110252093768286
2020-11-04,79.01958333333333,0,0.6361084037095546,0.6610535202533383,0.9274263392610239,0.8868419578510633,0.9830015523199311,1.0058468331145756,1.3222762189177197
2020-11-05,74.1575,0,0.6584552380652805,0.9235505499255761,0.8826795415488803,0.9781210341067289,1.0018752940601388,1.3161815308036007,1.1110650052440363
2020-11-06,78.985,0,0.9205843190143139,0.8789013888115046,0.973731572281797,0.9969407216762621,1.311563140400417,1.1055921153969226,1.3207739024608756
2020-11-07,82.72875,0,0.8759977437582409,0.9697547458742847,0.9925044481834489,1.3057416257274954,1.10141267058507,1.3146836371127315,1.4834041839638366
2020-11-08,90.80874999999999,0,0.9667237493733806,0.9884866597443994,1.3005372478063544,1.0961930243449738,1.3100683688694656,1.4768351408773222,1.834403228917137
2020-11-09,96.44666666666666,0,0.9854294062462245,1.295847338094106,1.0915098729052328,1.304251135204336,1.4718818894188614,1.8268008571826007,2.079317011779303
2020-11-10,87.61458333333333,0,1.292359249362088,1.0872760566529145,1.2990504646958227,1.4656012237656488,1.8211181487949182,2.0709936226181793,1.6956471089392078
2020-11-11,73.61874999999999,0,1.0840803275594006,1.294363799113935,1.4599992146732486,1.8138372746705984,2.0648019269311306,1.6884532302644764,1.087661448874161
2020-11-12,62.04125,0,1.2908777898960138,1.4549613622083826,1.807369071051905,2.0568231453799055,1.6830588890807654,1.0822574582608493,0.5847293395985615
2020-11-13,60.251666666666665,0,1.4512502393258835,1.8015732646599705,2.049750544167603,1.6761734150255208,1.0781266514342218,0.5808059631464472,0.5069889880064397
2020-11-14,92.98625,0,1.7973762871104157,2.0434258663551255,1.670047633397265,1.0729736960745475,0.5777203651809665,0.5032944763719436,1.9289948651035005
2020-11-15,71.28125,0,2.038889877899015,1.6645514595757156,1.0683482998700837,0.5740005674418671,0.5003704407781114,1.9211140189715548,0.9861193365501091
2020-11-16,46.56708333333333,0,1.6605465489546698,1.0641650216967518,0.5706163057829672,0.49687217229764474,1.9152347273582062,0.9810142822876331,-0.08747582394700892
2020-11-17,49.812083333333334,0,1.0610016879252522,0.5675190686480803,0.4936797580753386,1.9076843044782137,0.9770945033783393,-0.08942025241385942,0.053488520220499
2020-11-18,50.69625,0,0.5650518960656693,0.4907503949151196,1.900982667866822,0.9722309028826764,-0.09110885308986802,0.05112909776072388,0.0918971409605415
2020-11-19,53.38291666666667,0,0.48839083092362257,1.8949825985199134,0.9678560920377683,-0.09291313194489226,0.04914754068182852,0.08942464489355194,0.20860721943923824
2020-11-20,51.725833333333334,0,1.8906546867454188,0.9638920858080654,-0.09463852745705834,0.04694156919205881,0.08736326584663838,0.20579113307096747,0.13662273089864013
2020-11-21,53.929545454545455,0,0.9608693071460017,-0.09628419214230238,0.044868302239568426,0.08504784497693417,0.2034872035764661,0.1340185642928066,0.2323530341037723
2020-11-22,57.667391304347824,0,-0.09782089491112482,0.04291823650316875,0.08287979333050849,0.20083920513757353,0.1318642351596664,0.2294670409055079,0.3947268365125956
2020-11-23,66.79291666666667,0,0.041186410170658765,0.08084678729742772,0.19838313666433596,0.12942136404593854,0.22711376213414633,0.39136282064125066,0.7911440007293089
2020-11-24,76.55333333333333,0,0.07906179555632183,0.19609810469675962,0.12714293870549112,0.22439809751404244,0.38867209167737654,0.7866129468895068,1.2151411453266208
2020-11-25,72.8409090909091,0,0.19415156227015587,0.1250133513938529,0.22188342918140208,0.3854937259331803,0.7830983716746012,1.209361859041485,1.053871669639444
2020-11-26,61.737500000000004,0,0.12316645026318973,0.21954712005585278,0.38257835195509127,0.7787903737805664,1.2049661200184614,1.0485671549289748,0.5715342950559176
2020-11-27,51.61708333333333,0,0.2175677085515587,0.3798914097923347,0.7748967225601027,1.1994498979373551,1.0445065710529622,0.5676497643435108,0.1318985791488045
2020-11-28,49.166666666666664,0,0.3776872396431321,0.7713537497308939,1.194509907670975,1.0394499032015114,0.564591588722368,0.12930832027694036,0.02545131309216433
2020-11-29,54.986250000000005,0,0.7686008569224566,1.1900513474479142,1.034907893325981,0.5609093916420681,0.12716380902016808,0.023174431168475524,0.27825678240233165
2020-11-30,64.85333333333334,0,1.186711555630825,1.0307975814362729,0.5575576926796237,0.12473439987070173,0.021251141869250378,0.27523565020910273,0.7068875777581034
2020-12-01,80.04875,0,1.0276810196494153,0.5544889491716363,0.12246763277960261,0.019125065332128426,0.2727869728668474,0.7026045718172567,1.3669837086575432
2020-12-02,79.67958333333333,0,0.5520400412371359,0.12034824688994071,0.0171209885261535,0.26994050071731013,0.6992651008724381,1.3607574032909173,1.3509469329856874
2020-12-03,89.28166666666668,0,0.11850788495420853,0.015231466861176534,0.2673125512345236,0.6951972004636036,1.3560461004178916,1.3447678393136853,1.7680660022384123
2020-12-04,82.79695652173913,0,0.013538449773678357,0.26487711669313535,0.6915114770236624,1.3500971870793532,1.3400898645573722,1.7606589249291547,1.4863671077249776
2020-12-05,77.93374999999999,0,0.26283416498647644,0.6881504490959856,1.3447824801318125,1.334186649687553,1.7551140805908532,1.4797893418967683,1.2751071022124645
2020-12-06,75.62833333333333,0,0.6855141844576773,1.3399960282269148,1.3289115182531257,1.7480222413286728,1.474829932799706,1.2691512782926908,1.1749587051556056
2020-12-07,77.28750000000001,0,1.3364460551597261,1.3241596964626763,1.741717744544698,1.4685408239855,1.2646309161876483,1.169297714538715,1.2470336946875804
2020-12-08,73.03833333333334,0,1.3206319215821116,1.7360651880054196,1.4629315029975813,1.258943814843713,1.1649854838893956,1.2411605178765672,1.0624478726767632
2020-12-09,71.16458333333334,0,1.7319600347831523,1.4578872523395219,1.253855840745567,1.1595837658721226,1.236698498783964,1.0571181099309586,0.9810512810330444
2020-12-10,64.94208333333333,0,1.4541720281628505,1.2492677889094503,1.1547429377266363,1.2310913955494907,1.0530397027280112,0.9759611469449416,0.7107429199907275
2020-12-11,63.44166666666666,0,1.2458449919091952,1.150371148219236,1.226072700933104,1.0479585960894722,0.9720519006233221,0.7064485640600896,0.6455641060016166
2020-12-12,62.72833333333333,0,1.1470869771406402,1.221545271340226,1.043395421882488,0.9672027420816564,0.7031010808253616,0.6414616341706861,0.6145765665544193
2020-12-13,62.421666666666674,0,1.218161333693756,1.0392665903789378,0.962840438170915,0.6990221942158079,0.638249607536728,0.6105653209325139,0.6012548206238488
2020-12-14,59.91958333333333,0,1.0361381573681234,0.9588873759954396,0.6953269565723756,0.6343564547712573,0.6074176935489078,0.5972827937460103,0.4925631299810795
2020-12-15,70.63791666666667,0,0.9558716125616544,0.6919576033463042,0.6308220652347342,0.6036128430164475,0.5941628520214342,0.48891108755721013,0.9581726304131508
2020-12-16,70.24249999999999,0,0.6893160021236271,0.6275934603632096,0.6001549244488297,0.590395963196623,0.4860170322218655,0.9531498502550759,0.9409955422499551
2020-12-17,68.08958333333334,0,0.6250420799870706,0.5969932346517246,0.586970919998815,0.4825598717318832,0.9492881510435295,0.9360233308257381,0.8474718177618312
2020-12-18,69.06625,0,0.5944847473856308,0.583837997429965,0.47940305760433033,0.9445041876084788,0.932197329563131,0.8427749368411378,0.889898682518975
2020-12-19,71.39541666666666,0,0.5813479501924889,0.4765048459127517,0.940198343571976,0.9274623140364487,0.8391432994375081,0.8850768984242426,0.9910787908775225
2020-12-20,72.98166666666667,0,0.4741652502674615,0.936294685984156,0.923198859573247,0.8346747895404779,0.8813570882152243,0.9859591361586956,1.0599862457113314
2020-12-21,79.82208333333334,0,0.9333105912951706,0.9193322945120765,0.830642132680275,0.8767676785318762,0.9820290503600345,1.0546637299073653,1.3571372007958173
2020-12-22,89.57458333333334,0,0.9163719764360777,0.8269775245055094,0.8726303207656486,0.9771513173808175,1.050590438532717,1.3509398831965451,1.7807904416259002
2020-12-23,91.74374999999999,0,0.8241466624456345,0.8688740952226359,0.9727642676074748,1.0455163465575477,1.3462490436367154,1.7733459040216981,1.875020073846758
2020-12-24,88.32916666666667,0,0.8659845056803158,0.9687895518389922,1.040959247147159,1.340328188951657,1.7677746153650569,1.8672981275718874,1.7266889489812312
2020-12-25,81.69708333333334,0,0.9657599082749703,1.0368357313270906,1.3350377811904972,1.7606465164826626,1.8615310080172713,1.7194036842384635,1.4385880930343617
2020-12-26,87.0125,0,1.0337107057128685,1.3302725920195273,1.754310618360405,1.854134391947347,1.7139448309552467,1.4321509869183766,1.6694923224314977
2020-12-27,85.55083333333333,0,1.3267362485387082,1.7486305844278338,1.8475659541848315,1.7069708999317705,1.4272908736280654,1.6623754425137998,1.6059968268819833
2020-12-28,82.18083333333333,0,1.7445078179717104,1.8416824390154454,1.7007685133317432,1.4211379161109121,1.6570354570057655,1.5990668754346473,1.4596024232319056
2020-12-29,77.01625,0,1.8374292394221161,1.6952053071780504,1.4156465040506436,1.650224513748827,1.5938588482036196,1.4531034516786085,1.235250465610404
2020-12-30,79.43041666666666,0,1.6911574282837993,1.410705428293875,1.6441632768343961,1.5872288419989007,1.448199665765833,1.2294119782048085,1.3401230144170986
2020-12-31,87.58875,0,1.4070563400728666,1.638723582149842,1.5813242991025307,1.4419868257179993,1.2249744473785482,1.3339757859746508,1.694524896646144
2021-01-01,94.1925,0,1.6347548751175904,1.5760217177830835,1.4364435545485608,1.219400921687118,1.3293203058162995,1.6873343217243093,1.9813949391102974
2021-01-02,94.58083333333333,0,1.5721409015394063,1.431457100052656,1.214411305692669,1.3234479348339454,1.6819423127564406,1.9733598290325995,1.9982643239028137
2021-01-03,80.46041666666666,0,1.4277789236886789,1.20990932102587,1.3181995146374883,1.6750600365624382,1.9673716379859747,1.990179550958988,1.3848667045534724
2021-01-04,72.87375,0,1.2065416937851474,1.3134710662199962,1.6689370243267478,1.9596718956173342,1.984156301441961,1.3785877522858436,1.0552982943580462
2021-01-05,68.905,0,1.3099582738626834,1.6634432738314915,1.9528409462401828,1.9764084879978734,1.373839284424881,1.0499895797153753,0.8828939057864603
2021-01-06,70.87958333333333,0,1.6594399165824218,1.9467277231897435,1.9695359083969954,1.3678394116200963,1.045926030984326,0.8780927435041653,0.9686707454127851
2021-01-07,61.623333333333335,0,1.942327278965727,1.9633862572803418,1.3624805730619955,1.0408652978166038,0.8743874908359685,0.9636170591792228,0.5665748407285038
2021-01-08,62.840833333333336,0,1.958962462367913,1.357655504280038,1.0363197673203193,0.8698180419961805,0.9597335424646365,0.562704910472448,0.6194636200887321
2021-01-09,64.53458333333333,0,1.354080777478781,1.0322063747504113,0.8656979705996762,0.9549196635534491,0.5596570417406724,0.615437987155824,0.6930409260775505
2021-01-10,63.39958333333333,0,1.029087838222347,0.8619568713030422,0.9505879122961723,0.5559889771439266,0.6122802033483891,0.6887986841845449,0.6437359859758183
2021-01-11,62.479166666666664,0,0.8590769778083784,0.9466615848817383,0.5526495171099169,0.608461426646003,0.6854879897739082,0.6396388960649296,0.6037526479858305
2021-01-12,66.30416666666666,0,0.9436629586484618,0.5495914831407092,0.6049914478204387,0.6814595468465299,0.6364306686858112,0.5997732675934794,0.7699124681524612
2021-01-13,71.83749999999999,0,0.547149440108167,0.6018192048281856,0.6778079941374372,0.6325427253394609,0.5966481348078351,0.7654439191860155,1.0102831012475435
2021-01-14,78.0675,0,0.5993039528776806,0.674476866929346,0.6290128472327621,0.5928741281628398,0.7619734679901888,1.0051069097251093,1.2809172658588144
2021-01-15,80.65333333333334,0,0.67185976889687,0.6257881900379411,0.5894429208331924,0.75772597156772,1.0011369129424392,1.2749443370248486,1.3932470963549053
2021-01-16,76.4725,0,0.6232393401548596,0.5863046044090445,0.7538847154678907,0.9962044552732551,1.2704119000603649,1.3869434725132235,1.2116297068612258
2021-01-17,74.76416666666667,0,0.5838110996662027,0.7503875904087135,0.9917700131529447,1.2647082420477402,1.3821775882662137,1.2058607581254772,1.1374188939327743
2021-01-18,80.915,0,0.7476640863958856,0.9877538272361215,1.2596059296429243,1.3761538346589266,1.2014723166810566,1.1318684191789197,1.404614020871751
2021-01-19,80.74708333333334,0,0.9846976009678017,1.255005331230354,1.3707743149918288,1.195966100810934,1.1276342049111603,1.3982769332104037,1.3973196409668325
2021-01-20,73.51291666666667,0,1.2515744917719653,1.365931149434488,1.1910347760632267,1.1223394605102794,1.3934874258738956,1.3910040276993152,1.0830639985122523
2021-01-21,70.33666666666666,0,1.362344822452185,1.186583798506309,1.1175912730128712,1.3874312810269296,1.3862296797657812,1.0776735426285509,0.9450861870601576
2021-01-22,76.54125,0,1.1832488672402413,1.1133005476785702,1.3820237100932005,1.3801943210168894,1.0735522903635994,0.9401019329237679,1.2146162395766396
2021-01-23,72.8425,0,1.1100683393980084,1.3771559985856636,1.374804751134836,1.0684124359193365,0.9362674303582521,1.208838498595278,1.0539407794874038
2021-01-24,81.165,0,1.3735539374485075,1.3699527912482052,1.063798385290867,0.931520758111558,1.2044438504474064,1.0486360613200114,1.4154741398368904
2021-01-25,75.69916666666667,0,1.366360827028893,1.0596250349381557,0.9272472087657787,1.198929124140107,1.0445753338178032,1.4091050803733147,1.1780357388623954
2021-01-26,69.47458333333334,0,1.05646806498088,0.9233718102894104,1.1939904292347656,1.0395184690306163,1.4042930032060756,1.1723656895682064,0.907636876828703
2021-01-27,72.59791666666666,0,0.9204058299220154,1.1895330025030355,1.0349762886059835,1.3982059113148302,1.1680470641335134,0.9027628721236642,1.0433159630998423
2021-01-28,81.09958333333334,0,1.186193937263161,1.0308658274791722,1.3927715398078866,1.1626365777870282,0.8990061978577855,1.0380425240122968,1.4126324087076791
2021-01-29,72.39958333333333,0,1.027749170030111,1.3878803767555767,1.1577881561457977,0.8943662413354478,1.0340038773278204,1.4062717151990198,1.0347002687208318
2021-01-30,72.69208333333333,0,1.3842632829863954,1.1534097220340451,0.8901851092996366,1.02897728906562,1.4014655438041552,1.0294521939297208,1.0474066079100448
2021-01-31,74.59625,0,1.1501212917097088,0.8863905795668278,1.0244613285351154,1.3953865497228297,1.0254314526442907,1.0421211261103265,1.1301245140278557
2021-02-01,83.16958333333334,0,0.8834764367255331,1.0203738108362739,1.3899591910325437,1.0204294157038851,1.0380739781229416,1.1245955136678312,1.5025541937390319
2021-02-02,78.27125,0,1.0172718603122106,1.3850741644677829,1.015934716961464,1.0330357331407292,1.1203764588030458,1.4959287737079214,1.2897682628154028
2021-02-03,69.91083333333333,0,1.3814610042373148,1.0118658041548092,1.0285096777276472,1.1151025005002393,1.4909357241146053,1.2837692769626208,0.9265877844228705
2021-02-04,61.71458333333334,0,1.0087757795188195,1.0244133266136077,1.110372314054507,1.484600488506647,1.2792184455860915,0.9216579889229431,0.5705387841507799
2021-02-05,56.79624999999999,0,1.0213057137981483,1.1060973403411118,1.478951221070145,1.2734895657323793,0.917861930302439,0.5666571841869106,0.3568840437099394
2021-02-06,56.9975,0,1.1028752289783936,1.4738720157146623,1.2683654108603937,0.913167971187834,0.5636010774669182,0.3536314356685769,0.36562643947687695
2021-02-07,58.8675,0,1.4701343852910254,1.2637456994388332,0.9089400721517634,0.5599217171990105,0.35101935275183,0.3623480941347206,0.44686012933611857
2021-02-08,65.80666666666667,0,1.260302608385344,0.9051046194733254,0.5565724749557774,0.34794882400171057,0.3597178425042353,0.4433426349132938,0.7483008314118345
2021-02-09,73.23541666666667,0,0.9021642446891467,0.5535058811727276,0.34512683836885094,0.356622401383471,0.44054356094894154,0.7438959063318235,1.0710092664609476
2021-02-10,74.8575,0,0.5510583512294961,0.34252161464330505,0.3537788412891737,0.437216635936968,0.7404703690991512,1.0656542992777196,1.1414733383464264
2021-02-11,73.97708333333334,0,0.3403698266807834,0.3511547390700854,0.4341726075550262,0.7362844572947982,1.0615580995248795,1.1359109274530732,1.1032276193908612
2021-02-12,74.28416666666666,0,0.3489908498387835,0.4313730877810346,0.7324965343356657,1.0564525962997666,1.1316682871151742,1.097777802527689,1.1165674655197069
2021-02-13,69.59125,0,0.429096754462184,0.7290460778505872,1.0518682943075652,1.1263619891510959,1.093614645610347,1.1110783766261307,0.9127049323457677
2021-02-14,69.30416666666666,0,0.7263524887754894,1.0477209751695522,1.121603796106354,1.088417332820539,1.1068874964333744,0.9078160074663557,0.9002338957341324
2021-02-15,68.14375,0,1.0445806914338245,1.1173043155286713,1.0837535224611345,1.10165217035751,0.9040488006128026,0.895381685140946,0.8498248435376111
2021-02-16,62.57666666666666,0,1.1140664950654866,1.0795366304069611,1.0969554399606736,0.8993944021364679,0.8916403959763488,0.8451210353931016,0.6079880943822347
2021-02-17,59.27333333333333,0,1.0763517498628918,1.092709741592337,0.8952007631664899,0.8870215350225282,0.8414845078594801,0.6039962449870145,0.4644897224561947
2021-02-18,60.223749999999995,0,1.0895063959652638,0.8913952893794536,0.8828586720441248,0.8370092927695227,0.6008623099673852,0.4609203271410858,0.5057762747219989
2021-02-19,60.569583333333334,0,0.8884741313098804,0.8790801284476697,0.8329708291184567,0.5970762339751209,0.4580846148181804,0.502085333272085,0.5207994392904418
2021-02-20,60.62416666666667,0,0.8761762328505389,0.8293011397756569,0.5936345744219199,0.45470745243766014,0.49916381797601783,0.5170642701807786,0.5231705652644972
2021-02-21,60.690416666666664,0,0.8264670206455099,0.5904871118953106,0.4516199177918668,0.495669005248829,0.5141115332855337,0.5194284156446809,0.526048496790259
2021-02-22,60.223749999999995,0,0.5879877444259788,0.44878232834352677,0.4924795837571985,0.5105739104804252,0.5164707510030597,0.5222978746428522,0.5057762747219989
2021-02-23,61.67416666666667,0,0.4464815920520218,0.4895528393528126,0.5073474148625147,0.5129263714266169,0.5193342289960873,0.502085333272085,0.5687830649180824
2021-02-24,60.88375,0,0.487194954005225,0.5043882291545257,0.5096940243502212,0.5157816484529104,0.49916381797601783,0.5649066337289067,0.5344469887899668
2021-02-25,61.51666666666667,0,0.50200954866597,0.5067297183882902,0.5125421992246127,0.495669005248829,0.5618541757982158,0.53067164178217,0.5619411899700446
2021-02-26,55.24541666666667,0,0.5043477557750755,0.509571678603317,0.4924795837571985,0.5581798186357999,0.5276905421329732,0.558084901016273,0.289515105729526
2021-02-27,51.79458333333333,0,0.5071857323426155,0.4895528393528126,0.5548349091519033,0.524114029208887,0.5550466620789425,0.2864608294346536,0.13960926361405318
2021-02-28,50.26083333333333,0,0.487194954005225,0.551772106701925,0.5208538542039702,0.5513918015544226,0.2839887547012072,0.13699630476260685,0.07298243376292386
2021-03-01,48.79208333333333,0,0.5493270070342043,0.5178651977213831,0.5480637764316509,0.2811102007824338,0.13483576892601565,0.07056562191814875,0.009179234842730642
2021-03-02,49.48583333333334,0,0.5154676262252489,0.5450157484548799,0.2784544680387482,0.132384387375111,0.06854355199309148,0.006950257336047387,0.039316064970992486
2021-03-03,55.905833333333334,0,0.5425801193453351,0.2759947220626118,0.13009859187702957,0.0662820305588404,0.0050607851665340035,0.036998365713125425,0.3182039199957687
2021-03-04,59.71625,0,0.27393618652742,0.1279625553905787,0.06416065657742998,0.0029810776174238854,0.035046262263333856,0.31506518485667634,0.48373023322276654
2021-03-05,54.42250000000001,0,0.12611152028610864,0.06216849531816248,0.0010171570036486934,0.03288067666634865,0.3125334881537159,0.4801041945313763,0.25376721413594266
2021-03-06,51.281666666666666,0,0.060409685411167195,-0.0008372264300764836,0.0308423844619032,0.30957318245963794,0.47722849599169276,0.2508181783567388,0.11732791953724264
2021-03-07,54.477916666666665,0,-0.0025077196239235173,0.0289229229914325,0.306846651535044,0.4737965057643909,0.2484203959827815,0.11478055616670158,0.2561745405065482
2021-03-08,51.29291666666666,0,0.02721071424371544,0.3043249543947985,0.47066148943638586,0.24564370941809416,0.11266632609949322,0.253218417644517,0.11781662489067378
2021-03-09,53.18541666666667,0,0.3022267076566734,0.46778235166788945,0.24307619522790627,0.11027843756776828,0.2508156322914144,0.11526782278903243,0.2000277254567783
2021-03-10,49.72666666666667,0,0.4654549825633131,0.24069364391998152,0.10804762791239864,0.2480320857985785,0.11315257707944118,0.19723689681226797,0.0497779795740764
2021-03-11,48.27125,0,0.23868459079853951,0.10595970617864073,0.24545863081466138,0.11076329593072368,0.19495079748404398,0.04742948081339597,-0.013446013001309298
2021-03-12,44.80916666666667,0,0.10413951302420907,0.24307088108097857,0.10853128024955938,0.19232724721013209,0.04545563509333367,-0.015608382586683388,-0.16384056047021292
2021-03-13,43.45041666666666,0,0.2410584957261043,0.10644230319628667,0.18989235118973397,0.043260237177026054,-0.01745083427550745,-0.16556017388106073,-0.2228653070457452
2021-03-14,46.574999999999996,0,0.10462143357341389,0.18762584594252843,0.04119612708705063,-0.01946606881570233,-0.1670900710306467,-0.22441115371148163,-0.08713192017977953
2021-03-15,53.36333333333334,0,0.1856911792952246,0.03925407396178179,-0.021374154901947304,-0.16867674058598026,-0.2258183838310453,-0.08907736108703392,0.20775651012030247
2021-03-16,61.66833333333333,0,0.037527383778547085,-0.023179680950728393,-0.17021368340082632,-0.2272368562007208,-0.09076667647434898,0.20494292820987292,0.5685296621422287
2021-03-17,65.92125,0,-0.024818856161189524,-0.1716944446404071,-0.22862813790014602,-0.09257193531910873,0.20264076668544548,0.5646539769617718,0.7532783859375232
2021-03-18,65.43791666666667,0,-0.17312544295170543,-0.22998143999388465,-0.09429817951609329,0.19999519243168815,0.5616020456604646,0.748858807114824,0.7322821559382539
2021-03-19,60.272083333333335,0,-0.23133073595012585,-0.09594458683358847,0.1975412233366857,0.5579284105957485,0.7454229253764001,0.7279243892665297,0.5078758977219261
2021-03-20,58.84458333333333,0,-0.09748176563575839,0.19525802840678327,0.5545841264585601,0.7412228295100858,0.7245321425341854,0.5041787750569148,0.4458646184309808
2021-03-21,56.70166666666666,0,0.19331266353635482,0.5515218712112933,0.7374226229548967,0.7203918776201444,0.5012528962602395,0.4423500547566936,0.3527752987014618
2021-03-22,53.49625,0,0.5490771223049866,0.7339614178451304,0.7166434855065034,0.4977521004378234,0.4395530496934917,0.34953478665860904,0.2135304733701015
2021-03-23,50.69333333333333,0,0.7312609388136877,0.7132276200499652,0.4945574975020381,0.43622896149391044,0.34693124266115527,0.21069989311815387,0.09177043957261469
2021-03-24,51.275,0,0.7105562041071046,0.49162621913232935,0.43318738983117994,0.34387242220945485,0.2083857319670545,0.08929831650998445,0.11703831636483888
2021-03-25,50.12916666666666,0,0.48926542747588353,0.43039001978212593,0.3410605761267947,0.205723704201422,0.08723720077776276,0.11449180557569058,0.06726277110795047
2021-03-26,55.58541666666667,0,0.4281150644545442,0.33846422490235467,0.20325548613499386,0.08492214095690846,0.11237817737063505,0.06486279774568232,0.3042848675221152
2021-03-27,65.3475,0,0.3363181242856159,0.20095982280045369,0.08275440198383696,0.10999111409342423,0.0628526145981433,0.30118710957621225,0.7283544129125283
2021-03-28,70.19565217391305,0,0.19900646558066515,0.08072166955211188,0.10776101912000696,0.06060739194054599,0.2986843398729719,0.7240082093759435,0.9389604503917055
2021-03-29,59.08583333333333,0,0.07893685319171294,0.10567372276077633,0.058500132927695216,0.29576369797397856,0.7206241253990469,0.9339942302052104,0.4563446332323402
2021-03-30,53.71416666666667,0,0.10385393047653202,0.05652032281534158,0.2930715164507212,0.7164950529993536,0.930172458332623,0.4527992167689026,0.22299687706804794
2021-03-31,50.49208333333333,0,0.054769430094546254,0.2905798763736933,0.7127563537596918,0.9254432420129339,0.4499804318190454,0.22013842806182454,0.0830280438056778
2021-04-01,46.82583333333333,0,0.2885008964589472,0.7093489699451798,0.921184809744104,0.44662647972173464,0.21780459354160478,0.08058165804384143,-0.07623560081808982
2021-04-02,48.67739130434782,0,0.7066829908042351,0.9173226392984976,0.4435590455058521,0.21511559026904212,0.07853871102535809,-0.07821312010024671,0.0041969585261873305
2021-04-03,48.56304347826087,0,0.9143651382070218,0.44073904471609204,0.21262401103629533,0.07624856357514866,-0.07992508055106176,0.0019826486629756688,-0.0007703654526499398
2021-04-04,49.37347826086956,0,0.43844958289860597,0.21030790577189457,0.07410239906351482,-0.08176138959691508,0.00010353081218382007,-0.002970051691538004,0.0344353071578186
2021-04-05,51.00416666666666,0,0.20834144510785738,0.07208854512533214,-0.08351452370235818,-0.0019619792197283037,-0.0048388462980129485,0.032131976676576204,0.1052731874859379
2021-04-06,53.86363636363637,0,0.07031583003371351,-0.08518446073644244,-0.00391360458502371,-0.0068902014209764485,0.030190016566653693,0.10276131281587036,0.2294899118311448
2021-04-07,50.86416666666667,0,-0.08673672227941101,-0.005757229197737373,-0.008829568437132004,0.02803833919927865,0.10067213526077327,0.2266123475625588,0.0991915208654602
2021-04-08,50.14666666666667,0,-0.00742082589931254,-0.010662466517192899,0.02601209171621555,0.09831859794819839,0.22426501901929902,0.09669755040464056,0.06802297943551044
2021-04-09,46.16583333333333,0,-0.012319187423598265,0.024103169845794352,0.09611753692909683,0.22155751316541422,0.09462101195475277,0.06562076804708632,-0.10490631488605734
2021-04-10,44.522083333333335,0,0.02239771706791936,0.09405564641003714,0.2190499104384395,0.09228480498697428,0.06360900501139613,-0.10679942861033126,-0.17631159708184793
2021-04-11,44.21,0,0.09225213947715348,0.21671978399287584,0.09009875228887286,0.06136161606069927,-0.1084518047080168,-0.17799449620647012,-0.1898686455899968
2021-04-12,46.19625,0,0.21474433563702477,0.08804999463488612,0.059252481007723484,-0.11020641355697273,-0.17949847566710014,-0.19151163324817053,-0.10358500041196536
2021-04-13,36.611250000000005,0,0.0862549059759366,0.05727102928723572,-0.11188879414912954,-0.1810496076999196,-0.1929874380367715,-0.10548200403884374,-0.5199619615354047
2021-04-14,35.85,0,0.05551908428219863,-0.11349681910501265,-0.18255577452319102,-0.19449993784264896,-0.10713712613260153,-0.5206331662648462,-0.553031023784254
2021-04-15,34.47416666666667,0,-0.1150093944994346,-0.1840096055721906,-0.1959726486170243,-0.10889550020527812,-0.5214229610483823,-0.55360487437591,-0.6127978784890704
2021-04-16,43.643750000000004,0,-0.18542334141104663,-0.19739720432096536,-0.1105811415338427,-0.52199482544339,-0.5543259440248706,-0.6131957775957961,-0.2144668150460371
2021-04-17,38.13333333333333,0,-0.19879217442417657,-0.11219201976100654,-0.5226529327949104,-0.5548035746700478,-0.6137926379429677,-0.2160373865721635,-0.45384193723598204
2021-04-18,38.58291666666667,0,-0.11370642412565822,-0.5233646787954712,-0.55538007427613,-0.6140999566877945,-0.21746207069415904,-0.4547077969546575,-0.43431182329700646
2021-04-19,41.38791666666667,0,-0.5243027320482755,-0.5560204103228565,-0.6145289638059529,-0.21890447544474387,-0.45563500439096,-0.43523517897335595,-0.31246128850814386
2021-04-20,41.516666666666666,0,-0.5569126892111439,-0.6150402381846112,-0.22031648292078834,-0.4563952847072216,-0.43620297448858947,-0.313743367805496,-0.3068683272410973
2021-04-21,38.47708333333333,0,-0.6158497874879864,-0.2216879208758182,-0.45721656288199636,-0.4370189079061468,-0.31496439682152993,-0.30816687201659704,-0.4389092736589156
2021-04-22,37.02875,0,-0.22304884206749226,-0.45807108970431776,-0.4378883824450856,-0.3161275560759011,-0.3093995244954574,-0.43981909460565505,-0.5018255628636222
2021-04-23,36.696666666666665,0,-0.45910066663176896,-0.43878508296209073,-0.3172977330463067,-0.31057862147763243,-0.4407773355592125,-0.5025501605027852,-0.5162514208889825
2021-04-24,38.24,0,-0.4398416935728006,-0.3184575598956667,-0.31176260074324347,-0.4415801680613582,-0.5033776469036418,-0.5169335493175187,-0.44920828647752253
2021-04-25,43.33416666666667,0,-0.31968283663769975,-0.3129345051381617,-0.4424382970243029,-0.504001192862596,-0.5177310554598877,-0.4500877874984821,-0.22791526236453466
2021-04-26,47.399166666666666,0,-0.3141675236856877,-0.44332506972068736,-0.5047040571713847,-0.5183134934283576,-0.4510246247292297,-0.2294462421422349,-0.051329727991370235
2021-04-27,50.967083333333335,0,-0.44437531651717327,-0.5054549672517167,-0.5189807576423929,-0.45179810911771723,-0.23084297729050873,-0.05338056927330426,0.10366226983944248
2021-04-28,50.231249999999996,0,-0.506418125000003,-0.5197005162540846,-0.45263082220373013,-0.23224705928459433,-0.05514428986926211,0.10115513765337215,0.07169731968538232
2021-04-29,46.26913043478261,0,-0.5206437056561641,-0.4534953550184881,-0.23362587871747484,-0.05705157080332933,0.09906930795650014,0.06928429117053757,-0.10041903964408444
2021-04-30,44.35791666666666,0,-0.45453134586893673,-0.23496827584289393,-0.0588661675566777,0.09672036112216001,0.06726489200878344,-0.10232536374635157,-0.18344307520228967
2021-05-01,41.91913043478261,0,-0.2363105816252434,-0.060589886800108406,0.09452327552141862,0.06500703264143876,-0.10398706543641589,-0.18510497951011523,-0.2893851096375078
2021-05-02,37.35208333333333,0,-0.06217662317918818,0.09246486364816693,0.06288883006119206,-0.10575446124526175,-0.18659413811523198,-0.2907351243810008,-0.48777980900204226
2021-05-03,34.477619047619044,0,0.09066358655570035,0.06089944390138937,-0.10744791552353951,-0.18812494825564136,-0.2920041110163479,-0.48854575683875395,-0.6126479054176474
2021-05-04,33.2375,0,0.05914241285585041,-0.10906563038582091,-0.18961351603583526,-0.2932330282547337,-0.48940243355402246,-0.6130462460397372,-0.6665192669699596
2021-05-05,31.26,0,-0.11058441708950431,-0.19105194723710045,-0.29446015255907904,-0.4900660043569113,-0.6136434180655236,-0.6667590122283288,-0.752422807984211
2021-05-06,32.33052631578947,0,-0.19245581164759326,-0.29566981054230745,-0.4908035307403907,-0.6139511641742952,-0.6672442271461516,-0.7524096562869537,-0.7059186354050675
2021-05-07,29.347368421052632,0,-0.29692702944875177,-0.49158477148529595,-0.6143805413956075,-0.6673984611786101,-0.7527163438436952,-0.706042390330405,-0.8355084339196134
2021-05-08,30.702222222222222,0,-0.49256737143766827,-0.6148921396289316,-0.6676948947946008,-0.7526257867559043,-0.7064457242781078,-0.8352506811080443,-0.7766529400753218
2021-05-09,30.550434782608693,0,-0.6157018965257967,-0.6680901621984477,-0.7527102278377682,-0.7064876856915046,-0.8353846975808366,-0.7765684557348704,-0.783246658681789
2021-05-10,27.585652173913044,0,-0.6688253500820714,-0.7529199935224595,-0.706686889648986,-0.8350573793163908,-0.7768247874914924,-0.7831427626693374,-0.9120382260266319
2021-05-11,26.83181818181818,0,-0.7535362732867635,-0.7069970773169796,-0.8349367819075989,-0.7766651841093539,-0.7833853911586828,-0.9115551722413185,-0.9447851333630962
2021-05-12,26.080476190476194,0,-0.707677728393998,-0.8349671309318573,-0.7766898301345347,-0.7832069982860852,-0.9115301421641355,-0.9442056738525496,-0.9774237870010106
2021-05-13,25.442500000000003,0,-0.8354684031492566,-0.77684727281711,-0.7832153723497125,-0.9109847442568586,-0.9441125881529636,-0.9767482404602517,-1.0051377763030018
2021-05-14,28.508095238095237,0,-0.7774300131090733,-0.7833585764325433,-0.910675286827008,-0.9434738745099562,-0.9765873241144033,-1.0043806407678895,-0.8719668603642869
2021-05-15,27.91736842105263,0,-0.7839321896656035,-0.9105403759814767,-0.9430836043477189,-0.9758556032158962,-1.0041621283635236,-0.8716017752478336,-0.8976283144002101
2021-05-16,26.325294117647058,0,-0.9109357152705717,-0.9428779792157189,-0.9753847874694663,-1.003351433555353,-0.8716600227059205,-0.8971876828798947,-0.966788779745513
2021-05-17,25.753888888888888,0,-0.9432279900687688,-0.9751086818160668,-1.0028122252985154,-0.8712288123440531,-0.8971925999209063,-0.9661445422861521,-0.9916108947919784
2021-05-18,22.04105263157895,0,-0.9754135140783928,-1.0024762735363353,-0.871018242925714,-0.8966882645631828,-0.9660057279370082,-0.9908935819127529,-1.1528982686018518
2021-05-19,20.207647058823532,0,-1.0027427439534122,-0.870969862939464,-0.896414367875604,-0.9653043126034311,-0.9907031814864419,-1.1517061314565258,-1.2325422791277445
2021-05-20,21.604545454545455,0,-0.8714206692171513,-0.8963105740637598,-0.9648597419001268,-0.9899310329412014,-1.151180538686779,-1.231115672860912,-1.1718603480887353
2021-05-21,25.453,0,-0.896725859625975,-0.9646066016810485,-0.9894252062872232,-1.1499487849093113,-1.2304245614774125,-1.1706123872588676,-1.004681651306466
2021-05-22,29.964347826086954,0,-0.9649261549746239,-0.9891184647269216,-1.149044933695543,-1.228965853766177,-1.170047386916727,-1.0039258585870474,-0.808706554968759
2021-05-23,37.019090909090906,0,-0.9894036591223321,-1.1483899051523465,-1.2278654572712706,-1.1687615987115159,-1.0037082941155722,-0.8085277059312571,-0.5022451583690938
2021-05-24,34.29947368421053,0,-1.1484518447428527,-1.227038443956567,-1.1678109529275205,-1.0028988990832615,-0.8087174228869934,-0.5029685207340797,-0.6203866247764649
2021-05-25,31.369999999999997,0,-1.22699013990176,-1.1671149773139,-1.002360816450499,-0.8084664793784159,-0.503795135118749,-0.6207621828852475,-0.7476443556395499
2021-05-26,28.56952380952381,0,-1.1671506694973313,-1.002025849653199,-0.8084120235764898,-0.5044174853964469,-0.6213432720682435,-0.747645271535273,-0.8692983739899954
2021-05-27,27.654782608695655,0,-1.002292951440821,-0.8085002490813132,-0.5051193142285432,-0.6216289658872168,-0.7479618898175362,-0.8689411448020896,-0.9090351670432281
2021-05-28,25.41333333333333,0,-0.8090386205961648,-0.5058693182264635,-0.6220392455171098,-0.7478849494292282,-0.8690049379900132,-0.90856095415627,-1.0064047901822681
2021-05-29,25.30458333333333,0,-0.5068318951685126,-0.6225341326145695,-0.7479811827633065,-0.868581331759026,-0.9085421651279326,-1.0056439246035627,-1.011128941932104
2021-05-30,28.247083333333332,0,-0.6233331775366541,-0.748201267127698,-0.8683773476243909,-0.9080053247511607,-1.0054227790522783,-1.010354168619429,-0.8833053417124145
2021-05-31,30.427916666666665,0,-0.7488241612500931,-0.8683347300177138,-0.9077032782624251,-1.0046084737556085,-1.0101232051917766,-0.8829068765119679,-0.7885689039398497
2021-06-01,26.092916666666667,0,-0.8687892300278416,-0.9075748522788398,-1.0040661387652292,-1.0092954379308452,-0.8829415599920178,-0.7884493394275088,-0.9768833667953645
2021-06-02,26.275000000000002,0,-0.9079743484174861,-1.003727450989492,-1.0087414446911176,-0.8824780394422541,-0.7886809070643012,-0.9762094112323831,-0.968973580149088
2021-06-03,27.69875,0,-1.0039921675994994,-1.0083925554934043,-0.8822394889492612,-0.7884873478974672,-0.9760496180043021,-0.9683229107153963,-0.90712520264262
2021-06-04,27.422083333333333,0,-1.0086507329084806,-0.882166624433528,-0.7884825877381488,-0.975319437089665,-0.9681795558473643,-0.906656612622619,-0.9191437342973741
2021-06-05,24.816666666666666,0,-0.8826017359275412,-0.7886142988646535,-0.9748499549908071,-0.967471914696644,-0.9066417929405993,-0.9186397621495738,-1.0323242741124006
2021-06-06,26.29041666666667,0,-0.7891805450187003,-0.974575016330945,-0.9670219523486105,-0.9061103952070496,-0.9185999651882119,-1.0314871024990433,-0.9683038728129044
2021-06-07,27.625,0,-0.9748805966456742,-0.966764094230525,-0.9058130621234729,-0.9180343193923264,-1.031212090285081,-0.9676551749736835,-0.910328937737336
2021-06-08,28.885833333333334,0,-0.9670806233122459,-0.9056887605528704,-0.9177073270077256,-1.030323924709398,-0.9675132119118799,-0.9098509160356777,-0.8555577377564836
2021-06-09,27.360833333333332,0,-0.9060909004739751,-0.9175570723942409,-1.02971762568428,-0.9668074791622233,-0.9098294382535924,-0.8552409605107305,-0.9218044634438333
2021-06-10,25.430833333333336,0,-0.9179425762025709,-1.029322966888351,-0.9663591695162049,-0.9092889111419803,-0.8553333099082979,-0.9212926582044869,-1.0056445818547082
2021-06-11,22.78833333333333,0,-1.0295518056165913,-0.9661027575767137,-0.9089836718893053,-0.8549488590566678,-0.921247331634596,-1.0048859543021587,-1.1204360393162305
2021-06-12,19.41722222222222,0,-0.9664202136707428,-0.9088524521129948,-0.8547787840282379,-0.9206741038128621,-1.0046663886390255,-1.1193394698141268,-1.2668787101617085
2021-06-13,19.27125,0,-0.909250157407652,-0.8547658382094001,-0.9203405452878237,-1.0038542496354552,-1.1188813410401681,-1.2653510186686672,-1.2732198129574648
2021-06-14,23.16208333333333,0,-0.8552393580782379,-0.9201845450458697,-1.0033137906852008,-1.1177420917785656,-1.2645885482660975,-1.2716734534843446,-1.1042001614633472
2021-06-15,22.007368421052632,0,-0.9205663658593535,-1.0029767445175979,-1.116918350769434,-1.2630319953051907,-1.270897804808387,-1.1031513898055751,-1.1543615267361023
2021-06-16,21.462352941176473,0,-1.003242513411847,-1.1163334217735787,-1.261846863455469,-1.2693231822121818,-1.102727002928559,-1.1531650818111077,-1.1780372585332926
2021-06-17,21.85666666666667,0,-1.116440295747321,-1.2609457034069835,-1.268122401805544,-1.101634019498154,-1.152636448053641,-1.1767711130997618,-1.1609080826596494
2021-06-18,21.452777777777776,0,-1.2608498706893276,-1.2672075486606382,-1.1008503453459781,-1.151400524569155,-1.1761932757137894,-1.1596923649079078,-1.1784532081877745
2021-06-19,21.16913043478261,0,-1.2671029385561723,-1.1003004764095587,-1.150493062330785,-1.1748898857565484,-1.159150125898092,-1.1771858382133218,-1.1907749837440673
2021-06-20,22.493684210526315,0,-1.1004298241681787,-1.1498348740005033,-1.1739239966090929,-1.157895547318142,-1.1766071363880808,-1.189471338902603,-1.133235737422863
2021-06-21,26.68136363636364,0,-1.149894788141642,-1.1732146824590974,-1.1569719295061642,-1.1753025611388173,-1.1888670295872874,-1.1321014860668348,-0.9513209504130252
2021-06-22,30.1265,0,-1.1732418245316079,-1.156299604420121,-1.1743356455118907,-1.1875273421504904,-1.131616756569569,-0.9507222496905922,-0.8016625873721525
2021-06-23,31.831304347826087,0,-1.1563504567851826,-1.173625433152403,-1.1865300188780317,-1.130441033230165,-0.9506155810565117,-0.8015044755235916,-0.7276050752534405
2021-06-24,27.64333333333333,0,-1.1736519994652814,-1.1857931986450876,-1.1295857051594798,-0.9499582429195835,-0.8017088314677994,-0.7276649860746669,-0.9095325290132259
2021-06-25,28.235833333333332,0,-1.1858027090934375,-1.128973136255241,-0.9495518436851025,-0.8014779604812461,-0.7280232506011135,-0.9090568519103978,-0.8837940470658459
2021-06-26,28.68941176470588,0,-1.1290622928216245,-0.9493321049870664,-0.8014408877641555,-0.7280034142371191,-0.9090370292492327,-0.8833941431342989,-0.8640903841669373
2021-06-27,24.989166666666666,0,-0.9496730689288428,-0.8015443241448452,-0.7281491004549898,-0.9084987715875343,-0.883427810971966,-0.863748487115002,-1.0248307920264546
2021-06-28,28.667916666666667,0,-0.8020924459555469,-0.7284124580176496,-0.9081954977102284,-0.8829628978052096,-0.8638231037063462,-1.0240156809566348,-0.8650241414544301
2021-06-29,30.90375,0,-0.7290630906140949,-0.908065997713868,-0.8827231412864222,-0.8634143381867891,-1.0237562419258768,-0.8646794954544013,-0.7678984775095345
2021-06-30,29.017916666666665,0,-0.9084648054015403,-0.8826492214511741,-0.8632232063158356,-1.0228894298107465,-0.8647521714828482,-0.7678397659941018,-0.8498199749032351
2021-07-01,27.166666666666668,0,-0.8830836564767462,-0.8631918349401535,-1.0223016231811466,-0.8643407451242879,-0.7681142915420518,-0.8495200894263261,-0.9302391558400913
2021-07-02,27.132916666666663,0,-0.8636535438763393,-1.0219231459511111,-0.8641473089295395,-0.767979634916163,-0.8496243632177963,-0.929702519167681,-0.9317052719003853
2021-07-03,22.1075,0,-1.0221623571954488,-0.864113921180841,-0.7680258851811962,-0.8492562627212271,-0.9296396633625891,-0.9311643190346741,-1.1500117632979596
2021-07-04,26.31375,0,-0.8645743376054301,-0.7682022324145856,-0.8491003473289789,-0.9290424000031315,-0.9310984163024335,-1.1488281239211207,-0.9672902617094915
2021-07-05,28.689166666666665,0,-0.7687970906782537,-0.8490997917429629,-0.9286880263662299,-0.9304969750919984,-1.1483085299748048,-0.9666445479051453,-0.8641010313423932
2021-07-06,29.73125,0,-0.8495812538523874,-0.9285138120911686,-0.9301389833777127,-1.1470850015959484,-0.9665046913608766,-0.8637591029455539,-0.8188324354560377
2021-07-07,29.358333333333334,0,-0.9288839575604462,-0.929961603144107,-1.1461882736924291,-0.9658018470020194,-0.863833697409613,-0.8186237761881537,-0.8350321129123703
2021-07-08,25.124583333333334,0,-0.9303297192080613,-1.1455394783229749,-0.9653560387428344,-0.8634249015498164,-0.818792449229976,-0.834775762372829,-1.0189482275870039
2021-07-09,24.18041666666667,0,-1.1456054134288352,-0.9651018156141886,-0.8632337434037912,-0.8185126509664171,-0.8349107687504778,-1.0181504345767247,-1.0599632768786797
2021-07-10,25.675416666666667,0,-0.9654206747538734,-0.8632023490363985,-0.8184332065430743,-0.8345848078125355,-1.017903220870946,-1.0590447370286513,-0.9950197654671471
2021-07-11,21.782083333333333,0,-0.8636640432347097,-0.8184995660314777,-0.8344653858674811,-1.0170531717381337,-1.058712284595479,-0.9942924169944444,-1.164148018150916
2021-07-12,18.755416666666665,0,-0.8190239212509475,-0.8344967634682645,-1.0164798820856915,-1.057745358792105,-0.9940949321490428,-1.162922762144843,-1.295627858422202
2021-07-13,17.1975,0,-0.8349986950116299,-1.0161141077757414,-1.0570708523081562,-0.9933130696704591,-1.1623737898021926,-1.2940155304638172,-1.363304499773295
2021-07-14,16.620416666666667,0,-1.0163614616957595,-1.0566165093307796,-0.9927988306143329,-1.1611099786873658,-1.2931933127037851,-1.36149293420069,-1.3883732743844914
2021-07-15,17.60291666666667,0,-1.0568070900105158,-0.9924847278746998,-1.1601783653710458,-1.2915548360395501,-1.36053006877882,-1.3864879072350762,-1.345693006851494
2021-07-16,19.644166666666667,0,-0.9927652036939468,-1.1594990439074786,-1.2902987571168465,-1.3586987404503177,-1.3854729431206019,-1.3439332888848363,-1.257020135501132
2021-07-17,20.525000000000002,0,-1.1595454115373192,-1.289335515617892,-1.3572756492888656,-1.383570178698222,-1.3430070242051346,-1.255521467299669,-1.2187563163472912
2021-07-18,17.895833333333332,0,-1.2891998881826807,-1.3561662655800666,-1.3820852228802665,-1.3412258816667721,-1.254779485287885,-1.2173702954623464,-1.332968567464006
2021-07-19,17.57875,0,-1.3559369597929511,-1.3809217051889493,-1.3398462521015495,-1.2532510253660631,-1.2167078344875042,-1.3312463097922924,-1.3467428183514576
2021-07-20,17.555416666666666,0,-1.3806576990762425,-1.338774898981191,-1.252090222481137,-1.2152884113183595,-1.3303464894309307,-1.344980009777251,-1.3477564294548707
2021-07-21,18.805833333333332,0,-1.338569971112343,-1.2512103512238513,-1.2142220357863927,-1.328601606512782,-1.3440515633472456,-1.3459906368457895,-1.2934377344308992
2021-07-22,19.50375,0,-1.2511281647954895,-1.2134247921385244,-1.3272533782858424,-1.3422674292612693,-1.345060083898249,-1.291831854119297,-1.2631199023198851
2021-07-23,20.453333333333333,0,-1.2133955706836648,-1.3262095025587763,-1.3408852089739693,-1.3432730614214734,-1.2910141879417953,-1.2616032766228373,-1.2218695504506312
2021-07-24,20.199166666666667,0,-1.3260221879237848,-1.3398115888709494,-1.34188833974734,-1.2893819522648235,-1.2608486178894596,-1.2204743643157143,-1.2329106713985227
2021-07-25,19.399166666666666,0,-1.3396052078476726,-1.3408125308334746,-1.2881312781243848,-1.259302776044434,-1.2198054333227293,-1.231482980598007,-1.2676630520869685
2021-07-26,19.494583333333335,0,-1.3406047467645419,-1.287172766020293,-1.2581269201708858,-1.218377138667558,-1.2307911036104455,-1.2661330515193219,-1.2635181066819403
2021-07-27,18.820833333333333,0,-1.2870401701658734,-1.257233876962619,-1.2173030803046028,-1.2293313461269235,-1.2653689510734216,-1.2620003086854774,-1.2927861272929906
2021-07-28,16.23375,0,-1.2571432472059365,-1.216499113880566,-1.2282300405145337,-1.2638101630482057,-1.2612448223916395,-1.2911821652895223,-1.405170258383907
2021-07-29,16.194166666666668,0,-1.2164655830711928,-1.2274022316866444,-1.2626230956015294,-1.259697845821657,-1.2903658533018645,-1.4032354415137116,-1.406889777220054
2021-07-30,16.344166666666666,0,-1.2273534177013787,-1.2617202418303661,-1.2585210072604243,-1.2887354744475494,-1.4021855693943739,-1.404949898147839,-1.4003737058409704
2021-07-31,17.160833333333333,0,-1.2616233234226195,-1.2576271041621825,-1.2874864083415034,-1.4002349402101748,-1.403896452471969,-1.3984530098500927,-1.3648973172215155
2021-08-01,17.270833333333332,0,-1.2575359232089924,-1.2865293033300982,-1.398708532838981,-1.4019409233390925,-1.3974131060726611,-1.3630810624512504,-1.3601188648768543
2021-08-02,18.910833333333333,0,-1.2863976094336,-1.3975087434250812,-1.4004102725438061,-1.3954761451663522,-1.3621148867875397,-1.3583166776995697,-1.2888764844655405
2021-08-03,19.515416666666667,0,-1.3972214868415087,-1.3992067699686508,-1.3939615747149945,-1.3602790195592098,-1.3573604327613806,-1.2872840323108743,-1.2626130967681788
2021-08-04,20.326363636363638,0,-1.398917133218341,-1.392772143066703,-1.3588519976470197,-1.3555381822325336,-1.2864758454622798,-1.2610979630885681,-1.2273851745068656
2021-08-05,22.103333333333335,0,-1.3924915258956083,-1.3577391743783207,-1.3541229525725578,-1.2848566075439052,-1.260344357613958,-1.2259737505717865,-1.150192765280712
2021-08-06,23.31625,0,-1.3575076638051748,-1.3530204479835588,-1.2836171896442166,-1.258799959964332,-1.2252933568405273,-1.1490085930405025,-1.0975030881015113
2021-08-07,23.376666666666665,0,-1.3527955517685042,-1.2826685271889295,-1.2576253547842005,-1.223849344838019,-1.148488622930341,-1.0964740323884465,-1.0948785593516028
2021-08-08,22.604583333333334,0,-1.2825422450399604,-1.2567334059813564,-1.222761675032425,-1.1472645787674134,-1.0960635635737146,-1.0938572301574099,-1.1284182267556078
2021-08-09,23.877499999999998,0,-1.2566434777475017,-1.2219457980662551,-1.146367404187674,-1.0949896641539485,-1.0934522157184379,-1.1272981579788661,-1.073122121024774
2021-08-10,26.495416666666667,0,-1.2219046325019502,-1.14571821795914,-1.0942225170219215,-1.092385795167706,-1.1268234403793203,-1.072164842007712,-0.9593985752614903
2021-08-11,26.03625,0,-1.1457839025211334,-1.0936871098714456,-1.0916251248408724,-1.1256614450401725,-1.0718050424629706,-0.9587760943000967,-0.9793449937607961
2021-08-12,25.775833333333335,0,-1.0938257277531478,-1.09109538514705,-1.124818005609728,-1.0708006191576116,-0.9586526384994923,-0.9786637912559764,-0.9906576176828161
2021-08-13,26.09875,0,-1.091237635914825,-1.1242158397284647,-1.0700936393124512,-0.9579722823261448,-0.9784988821995964,-0.9899431112173418,-0.9766299640195113
2021-08-14,25.305833333333336,0,-1.1243116647176683,-1.069610880879991,-0.9575459491501623,-0.9777616866215892,-0.989754691920617,-0.9759567544652487,-1.011074641337278
2021-08-15,25.794583333333335,0,-1.06978324702059,-0.9573087674773851,-0.977286129726136,-0.9889852598381523,-0.9757974878665513,-1.010300027883614,-0.9898431087604306
2021-08-16,24.00782608695652,0,-0.9576385503296749,-0.977005875382792,-0.988481785678934,-0.975068029049614,-1.0100691773051154,-0.9891310001801235,-1.0674606937903381
2021-08-17,25.397333333333332,0,-0.9773080483009289,-0.988177102643118,-0.9745991722974644,-1.0092415647794055,-0.9889442736207035,-1.0665200818127856,-1.0070998377960372
2021-08-18,24.327272727272728,0,-0.9884636165695618,-0.9743247808403138,-1.008687705542544,-0.9881771625665597,-1.0661720480189343,-1.006336926021989,-1.053583779722946
2021-08-19,24.635416666666668,0,-0.9746307119164569,-1.0083389336025543,-0.9876756984503325,-1.0651837575423104,-1.0061143360015377,-1.0526840208846202,-1.0401978603621265
2021-08-20,19.329166666666666,0,-1.0085971861807908,-0.9873727742803745,-1.0644907489524909,-1.005298050094034,-1.0523648265171668,-1.0393375091921535,-1.2707038853972075
2021-08-21,18.166666666666668,0,-0.9876604156542202,-1.0640202159122842,-1.004753999866969,-1.0514160797578338,-1.0390461338509114,-1.2691649327249368,-1.321203438585105
2021-08-22,20.503333333333334,0,-1.064200418629317,-1.0044138111923664,-1.050757316580302,-1.038135531668126,-1.268394512726432,-1.3195158170324723,-1.2196975266576033
2021-08-23,20.020416666666666,0,-1.004677565713924,-1.0503167496088475,-1.0375098022274274,-1.266827059528818,-1.3186404473210689,-1.218308734883132,-1.2406756564585975
2021-08-24,21.677142857142858,0,-1.0505161608210625,-1.0370981410615379,-1.2656324879216416,-1.3169290903675561,-1.2176443178562932,-1.2392251058194883,-1.1687066823736638
2021-08-25,22.2775,0,-1.03731608113156,-1.2647230677179417,-1.3156098960949323,-1.2162222126099778,-1.2385170914029542,-1.1674680058229887,-1.142626882401665
2021-08-26,25.150833333333335,0,-1.2646219401732282,-1.3145914262080372,-1.2151535143616654,-1.2370352067827726,-1.1669095595252004,-1.1414649838503412,-1.0178079150956643
2021-08-27,25.3475,0,-1.3144203969244064,-1.2143542382465835,-1.2359147387605343,-1.1656327580201202,-1.1409607373889226,-1.017013479124619,-1.0092646215097547
2021-08-28,22.98875,0,-1.2143237139636152,-1.2350701620781321,-1.1646898948441389,-1.139758253000176,-1.016768635251067,-1.0084953366897957,-1.1117298439458438
2021-08-29,20.346666666666668,0,-1.2350105997609684,-1.1640007293154682,-1.1388797494864427,-1.015921835557904,-1.0082682477497522,-1.1106589051718598,-1.2265032012090906
2021-08-30,20.754117647058823,0,-1.1640407868190563,-1.138246901167434,-1.0153513599656494,-1.0074457930647556,-1.1102188698788704,-1.2250943737718896,-1.208803336731005
2021-08-31,18.689333333333334,0,-1.1383230584630717,-1.0149880480679006,-1.0068964005900964,-1.1091044298310986,-1.2244158129844593,-1.2074466170624552,-1.2984985498686539
2021-09-01,18.935499999999998,0,-1.0152369804142813,-1.0065515372409024,-1.1083021739481604,-1.2229743142570622,-1.2068048406736593,-1.2968777706972134,-1.287804952727647
2021-09-02,19.561666666666667,0,-1.0068122952578096,-1.1077360452740317,-1.2218888209828689,-1.2054137795603896,-1.2960495869785913,-1.286215655124134,-1.260603974759628
2021-09-03,18.535833333333333,0,-1.107854970407781,-1.2210748485663956,-1.2043719659655214,-1.2944029299789852,-1.2854096951655047,-1.2590947558634296,-1.3051666629132495
2021-09-04,20.455000000000002,0,-1.221034903834025,-1.2035962149686865,-1.2931397667714284,-1.2837935106888323,-1.2583453258075046,-1.3035262530552407,-1.2217971496575302
2021-09-05,21.978333333333335,0,-1.2035807704789419,-1.2921703262474724,-1.2825567371123676,-1.2568066533610702,-1.3026842114605497,-1.2204021766679614,-1.1556228247632816
2021-09-06,22.45782608695652,0,-1.2920307251865288,-1.2816103885428314,-1.2556370062869835,-1.301018552975756,-1.2197333961405146,-1.154422666621958,-1.1347934313742016
2021-09-07,19.173750000000002,0,-1.2814855896135555,-1.2547493960199225,-1.2997389342162458,-1.2183053077989718,-1.1538914115964312,-1.133654594222833,-1.277455259353869
2021-09-08,16.305416666666666,0,-1.2546622488229926,-1.298755094443799,-1.2172314281065049,-1.1526518939113637,-1.1331666274784502,-1.2758964308778797,-1.402057024280567
2021-09-09,17.8675,0,-1.298606263346792,-1.2164276180261,-1.151741319045017,-1.1319864653272946,-1.2751119799679371,-1.4001313726603437,-1.3341993809467219
2021-09-10,18.1175,0,-1.2163941874342734,-1.1510804070440968,-1.1311272931835452,-1.2735252880244627,-1.399087970559149,-1.332473499804089,-1.3233392619815825
2021-09-11,17.337083333333332,0,-1.1511385752900771,-1.1305113605657449,-1.2723140553942713,-1.3971462128609768,-1.3315711215285777,-1.3216453526411782,-1.3572409333510922
2021-09-12,17.539166666666667,0,-1.1305983609642214,-1.2713900561469043,-1.3956274883207709,-1.329822731278744,-1.3207655441963977,-1.3554472187013984,-1.3484623371876048
2021-09-13,17.72791666666667,0,-1.2712795833159483,-1.3944344216830395,-1.3284714656535068,-1.3190481009908432,-1.354496954768353,-1.3466944664113787,-1.3402629473689245
2021-09-14,17.599565217391305,0,-1.394151474453981,-1.3274249320846998,-1.3177236359388207,-1.35268290520624,-1.3457624464248408,-1.338519215303381,-1.3458385954028385
2021-09-15,15.368636363636364,0,-1.327235913751412,-1.3167005539147867,-1.351274777698166,-1.343973412390187,-1.3376042355390447,-1.344078448828687,-1.4427512064210002
2021-09-16,12.635714285714286,0,-1.3165265682135243,-1.3501784877685319,-1.3425869486787947,-1.3358385665228218,-1.343151881582414,-1.4407057525824574,-1.5614706419757578
2021-09-20,22.509999999999998,0,-1.349957575200964,-1.341509615414519,-1.3344723372442064,-1.341370324174255,-1.4395777785897768,-1.559075682360491,-1.1325269717640856
2021-09-21,20.280416666666667,0,-1.3413008542245046,-1.3334127098962345,-1.3399903353259857,-1.4375200585655332,-1.557700982013013,-1.1313948069888342,-1.2293811327348525
2021-09-22,20.331666666666667,0,-1.3332152983433994,-1.3389186678189762,-1.4359009090289383,-1.5553049585465397,-1.1309115504699951,-1.2279638327700608,-1.227154808346999
2021-09-23,21.127083333333335,0,-1.3387135384257134,-1.4346199666103303,-1.5533928334969893,-1.1297378468324284,-1.227279290977487,-1.2257440626016642,-1.192601529839581
2021-09-24,22.942083333333333,0,-1.4342806902869358,-1.5518555261004936,-1.1288842678517845,-1.225829591283356,-1.2250641476243902,-1.1912925077116694,-1.11375706615267
2021-09-25,24.0675,0,-1.551351917729295,-1.128273229469415,-1.2247369958572607,-1.2236207920743363,-1.190684402412504,-1.1126801593089366,-1.064868430611268
2021-09-26,23.35875,0,-1.1283633671128361,-1.2239168087814227,-1.22253369076575,-1.1893395100416655,-1.1122359109808775,-1.0639354501638996,-1.0956568678774377
2021-09-27,23.184583333333332,0,-1.223872880401565,-1.2217183112565906,-1.1883376792235234,-1.1111156941515066,-1.0635928036905138,-1.0946332473707516,-1.1032227507564847
2021-09-28,20.665416666666665,0,-1.2216774645662982,-1.1875969147126506,-1.110308435494902,-1.062611900138807,-1.094226615427244,-1.1021768565609131,-1.2126565495285382
2021-09-29,20.09958333333333,0,-1.1876038968465852,-1.109737929199082,-1.0619252887292896,-1.0931579770050055,-1.101754500968663,-1.2112884861391782,-1.2372366187863033
2021-09-30,22.090416666666666,0,-1.10985404824152,-1.061460353470857,-1.092395385970425,-1.100664302772243,-1.21063870188593,-1.2357961925512333,-1.1507538714272443
2021-10-01,23.834999999999997,0,-1.0616441444117952,-1.0918639655825604,-1.0998830406716562,-1.209236660639989,-1.2350953252477639,-1.1495680473105863,-1.0749683412488475
2021-10-02,22.598333333333333,0,-1.092005139011707,-1.0993352823742666,-1.208185338096644,-1.2336232405249374,-1.149046911092504,-1.0740056270254066,-1.1286897297297362
2021-10-03,21.514166666666668,0,-1.0994659830697688,-1.2074012663997566,-1.2325112593508838,-1.147821267998955,-1.0736419906094412,-1.127568861657939,-1.1757864456418903
2021-10-04,24.829583333333332,0,-1.207380488273218,-1.231674108990993,-1.1469227087229328,-1.0726323063065548,-1.127093579812625,-1.1745269265210958,-1.0317631679658683
2021-10-05,26.308333333333334,0,-1.231619307007304,-1.1462723108312525,-1.071920770363948,-1.12593081079737,-1.1739537668431788,-1.0309276482289595,-0.9675255642870695
2021-10-06,28.956666666666667,0,-1.1463372187072576,-1.0714340251688763,-1.1250867013525954,-1.172656790812566,-1.0306538021229183,-0.9668791577603416,-0.8524807040496941
2021-10-07,32.877916666666664,0,-1.0716038357620308,-1.1244839491827125,-1.1716964562152843,-1.0297672354778564,-0.9667388122030737,-0.8521729854812392,-0.6821397380814849
2021-10-08,37.405833333333334,0,-1.1245793983561156,-1.170992002512902,-1.0291623211490213,-0.9660352973249239,-0.8522717296641803,-0.6823334972309822,-0.4854448834245373
2021-10-09,38.339166666666664,0,-1.171022260172089,-1.0287688740162388,-0.9655889083866525,-0.8518960471417627,-0.6827862492089372,-0.4862177051987281,-0.4449004392880175
2021-10-10,38.345,0,-1.0289984894304671,-0.9653341771412034,-0.8517335656090769,-0.6828959710760406,-0.4870792344276037,-0.4457926224571943,-0.44464703651216414
2021-10-11,40.60458333333333,0,-0.9656527105738609,-0.8517272643945915,-0.6831538565342243,-0.4877494588450126,-0.4467384123874652,-0.44553996569005966,-0.34648966126558045
2021-10-12,44.43958333333333,0,-0.8522050435091697,-0.6835153927995059,-0.4884927473517331,-0.44752417243685017,-0.44648628224971426,-0.34767156224928364,-0.17989543634034402
2021-10-13,47.08208333333334,0,-0.6842289587474,-0.4892790301787646,-0.44836751641690487,-0.4472727643967991,-0.34882187246236085,-0.18156778477023083,-0.06510397887882169
2021-10-14,47.274166666666666,0,-0.49026486214702236,-0.44924135167775614,-0.4481167337235621,-0.34988806431132347,-0.18306431618671967,-0.0671142692582627,-0.05675978747393987
2021-10-15,46.97541666666667,0,-0.45028330547224144,-0.4489911161871248,-0.3509742661523236,-0.18460523569492696,-0.06884936378557689,-0.058794642854759695,-0.06973762963728122
2021-10-16,45.64434782608696,0,-0.450033420743024,-0.3520606114947277,-0.1861025583290376,-0.07071739355181651,-0.06054707853535211,-0.0717342787144381,-0.12755989347522387
2021-10-17,32.935833333333335,0,-0.35323878598974834,-0.18754865036826204,-0.07249799824480449,-0.06243888594727967,-0.07345974344730713,-0.12938631587348715,-0.6796238105212274
2021-10-18,24.507499999999997,0,-0.18895742543854974,-0.07419197311228123,-0.06424008241402078,-0.07531456914132091,-0.13099161261266407,-0.6798249764715744,-1.045754621232623
2021-10-19,32.53541666666667,0,-0.07575964310307567,-0.06595207588506491,-0.07708373892307069,-0.1326816677212849,-0.680282957126982,-1.0448779111571764,-0.6970181010637254
2021-10-20,44.27708333333334,0,-0.06753129594813206,-0.07876770779811089,-0.13430814387137266,-0.6803998483926768,-1.0445749875858772,-0.6971680588441699,-0.18695451366768429
2021-10-21,44.4475,0,-0.08032896386590789,-0.1358672502643688,-0.6806639426503219,-1.043648550832102,-0.6975898901540235,-0.18860608042612265,-0.17955153257311463
2021-10-22,43.252916666666664,0,-0.13734846845984305,-0.6810309118568093,-1.0430091084314421,-0.6976572145704643,-0.1900879414526364,-0.18122489344340534,-0.2314448010282051
2021-10-23,42.629583333333336,0,-0.6817479603644558,-1.0425854478918102,-0.6978783832433442,-0.19160874538206216,-0.18272213957120065,-0.23296538997018112,-0.2585226976479521
2021-10-24,40.31666666666667,0,-1.0427956962651128,-0.6982077908922866,-0.19308864764358338,-0.18426403906914346,-0.23435478992346742,-0.25996357022970534,-0.3589968982737656
2021-10-25,45.00375,0,-0.698900762134306,-0.19451949617870526,-0.18576221038807256,-0.23574881412816223,-0.26129669607170264,-0.36014197839856904,-0.1553877678756798
2021-10-26,50.555416666666666,0,-0.19591850003817657,-0.18720904505954813,-0.23711892337474802,-0.2626135589793277,-0.3612662956899212,-0.1571322660059287,0.08577927394351305
2021-10-27,53.95083333333333,0,-0.1886182961631833,-0.23845369874811584,-0.2639168454633653,-0.3622968468595555,-0.15867973000710023,0.08332478865844549,0.2332777896883794
2021-10-28,55.975833333333334,0,-0.2397911189250571,-0.26519314831843205,-0.3633521833737369,-0.1602904866785645,0.08127612394951032,0.2303890740427131,0.3212447533060077
2021-10-29,53.09583333333333,0,-0.2664930871328571,-0.36441152035374397,-0.16184828927289588,0.0789781365814168,0.2280338734160681,0.31809706606229143,0.19613618282760323
2021-10-30,56.595416666666665,0,-0.36557238226754885,-0.16334730363149172,0.07682518259123529,0.22531557360825438,0.31555904980672633,0.19335681074555808,0.3481597481412778
2021-10-31,55.31625,0,-0.16479000234138305,0.0748053875950434,0.22279862316619786,0.31259007894025015,0.19107879894001265,0.3449328241143721,0.2925921394363151
2021-11-01,57.17090909090909,0,0.07302886423664505,0.22046031710607847,0.30985604385515614,0.1884663380236342,0.34233887229497895,0.2895288044641447,0.3731594129045144
2021-11-02,51.431538461538466,0,0.21847962555039074,0.3073277802823741,0.18604104554197126,0.33929320433709725,0.28705033494532456,0.36985889075772144,0.12383842162454942
2021-11-03,62.513333333333335,0,0.305225324407282,0.18378294376497611,0.3364927484980533,0.2841630126973387,0.3672129838719201,0.12127189156846732,0.6052368642443997
2021-11-04,56.71727272727273,0,0.18185366381081466,0.3339063641801418,0.2814996864579089,0.3640960767558966,0.11914413117709262,0.6012531143724107,0.35345323340049806
2021-11-05,75.386875,0,0.3317666524320138,0.27903329587742015,0.36123392680945143,0.11673769028907921,0.5981248970432332,0.35021072554211224,1.164469640255109
2021-11-06,74.04541666666667,0,0.2769705010964879,0.358593557746125,0.11449081403366455,0.594346660968853,0.3476057726400735,1.158839529070537,1.106196051907999
2021-11-07,74.59291666666667,0,0.3564192413346092,0.11238883339947596,0.5909117908941998,0.34454502034257867,1.1545490971160652,1.100737496085551,1.129979712441654
2021-11-08,81.9425,0,0.11055962837487122,0.5877702694255995,0.3417315012544391,1.1491772687857256,1.0965681700811427,1.1244511383723257,1.449249109818473
2021-11-09,84.30791666666666,0,0.5852747102230476,0.3391336860850829,1.1443623255272022,1.091362398432565,1.1202323844386168,1.442780618049967,1.5520039354269655
2021-11-10,81.99666666666667,0,0.33698664706767834,1.140013186303462,1.0866912625831486,1.1149588387630676,1.4378983487091548,1.5452329371230418,1.4516021355942537
2021-11-11,79.33624999999999,0,1.1367435342419638,1.0824679604400704,1.1102290096583112,1.4317150115102009,1.540137119567131,1.4451267166019313,1.336032369606896
2021-11-12,73.79541666666667,0,1.079278970976581,1.10595434863218,1.4261972902205602,1.5336609717508876,1.4402395571311275,1.329897183876621,1.0953359329428598
2021-11-13,66.54375,0,1.1027324377045553,1.4212331928640056,1.5278896723710156,1.4340495147392462,1.3252502050211783,1.0899093489226401,0.78032008216072
2021-11-14,62.37958333333333,0,1.417569347609226,1.522703684314999,1.4285259866587425,1.3193894907588362,1.0857625927489627,0.7758208935504722,0.5994267005980499
2021-11-15,67.90583333333333,0,1.518897605306874,1.4235568081341539,1.3141511654449567,1.0805877681446643,0.7723288129335284,0.5954600556402532,0.8394896303224537
2021-11-16,66.36958333333334,0,1.419889705809102,1.3094315504426624,1.0759434328684623,0.7680516589269586,0.5923439131705167,0.8348162486763981,0.7727541992816731
2021-11-17,66.38541666666667,0,1.3059244203767457,1.0717435822701573,0.7641847189444654,0.588582233764826,0.8312012000983556,0.7682772843603111,0.7734420068161318
2021-11-18,64.81791666666668,0,1.0685696254386932,0.7606651194882139,0.5851617019968424,0.8267554362788707,0.7648009273921098,0.7689630670139621,0.7053490609047088
2021-11-19,63.73541666666667,0,0.7579272092030284,0.5820327271046958,0.8227424778399804,0.7605453331597212,0.7654852806231478,0.7010705843025111,0.6583247457856557
2021-11-20,60.37875,0,0.5795452103602773,0.8190951065506232,0.7566970642432341,0.7612277264112882,0.6977343107503795,0.6541847070871069,0.5125095484803853
2021-11-21,54.107499999999995,0,0.8162752934752869,0.7531938026965079,0.7573777601251642,0.6936707945061512,0.6509461609020399,0.5087987845130898,0.24008346423986665
2021-11-22,49.57541666666666,0,0.7504663651449667,0.7538730133139357,0.6899888678140821,0.6470166453595411,0.5058632759219694,0.23717471293147058,0.04320760760016694
2021-11-23,56.565416666666664,0,0.7511446236956996,0.6866311621885813,0.6434507651494908,0.5023492760273275,0.23480536854423423,0.0408784517798347,0.346856533865461
2021-11-24,59.07958333333334,0,0.6839970271731434,0.6401946047128578,0.499143238180304,0.23206767525533878,0.038918260807364574,0.34363344645482274,0.456073130258212
2021-11-25,65.345,0,0.6376255609940892,0.4962019538181587,0.22953392978740117,0.03674158585284594,0.34104220301511734,0.4525285130898301,0.7282458117228771
2021-11-26,69.24875,0,0.4938347482387155,0.22718092742589063,0.0346936901096653,0.33800024870254913,0.4497102923857412,0.7238999279043143,0.8978265693635269
2021-11-27,69.19125,0,0.2251908154208004,0.032765825168984214,0.3352030089322909,0.44635711396453737,0.7205160696257251,0.8929814458531677,0.8953287420015447
2021-11-28,67.97041666666667,0,0.03104822972812478,0.3326194387997522,0.44329034976298526,0.7163873066964747,0.8892451596677159,0.890490972005698,0.8422951610551146
2021-11-29,64.62541666666667,0,0.3304815309674672,0.44047093526184444,0.712648875462545,0.884633158642044,0.8867598768813143,0.8376135200268167,0.6969867693015512
2021-11-30,64.33749999999999,0,0.438181849260159,0.7092417261634808,0.8804762364573697,0.8821549936758266,0.8339926409091687,0.6927329109870694,0.6844795322933654
2021-12-01,74.86833333333333,0,0.7065758973488563,0.8767028912866727,0.8780042356229917,0.8295388824365784,0.6894140162046004,0.6802624948377832,1.141943943501582
2021-12-02,69.17041666666667,0,0.8738023279229741,0.8742362843075925,0.8255190005162744,0.6853743291844673,0.6769695929770395,1.1363801471634656,0.8944237320877833
2021-12-03,65.30952380952381,0,0.8713391784492597,0.821865570911184,0.6817130389337733,0.6729655466362346,1.1321365287995682,0.889588626408789,0.7267047091268717
2021-12-04,66.61375,0,0.8190418744059078,0.6783733909977478,0.6693351217123594,1.1268288897969043,0.8858594121036328,0.7223633622592919,0.7833609154709588
2021-12-05,61.36833333333333,0,0.6757508311089694,0.666022482138731,1.12206953539399,0.8812571078185018,0.7189827067471588,0.7788527747560869,0.5554975193840617
2021-12-06,56.29636363636364,0,0.6634172348311682,1.1177690385827004,0.8771085831467681,0.7148583353508584,0.7753543745865386,0.5516602003662788,0.33516874219737264
2021-12-07,54.14791666666667,0,1.1145305667054612,0.8733425861267666,0.7111237072458896,0.7710685554075705,0.5486353528618487,0.3319800632278295,0.24183918347256442
2021-12-08,53.81041666666667,0,0.8704467329877693,0.7077198858327027,0.7671941112645773,0.5449988542502678,0.3294131097135304,0.23892526338947476,0.22717802286962646
2021-12-09,54.305416666666666,0,0.7050561902201467,0.7636679453757893,0.5416867308009369,0.3264044609851313,0.2365522702129369,0.22430726471954512,0.24868105842060212
2021-12-10,54.599583333333335,0,0.7609258259536367,0.5386526174073978,0.32363606431662195,0.23380957381854967,0.22196474081449397,0.24574699610210854,0.2614597984029161
2021-12-11,57.84833333333333,0,0.5362259076595214,0.32107773302082926,0.2312714955912757,0.2192638229298838,0.24335978393221025,0.2584881159304671,0.40258704435490067
2021-12-12,60.29916666666667,0,0.31895600348934355,0.22891470189669347,0.2167619254764494,0.24059759089992702,0.2560743465930755,0.39919988831249364,0.5090524106098163
2021-12-13,65.1775,0,0.2269221596160925,0.21443679136731097,0.23804262831152792,0.25327573920535695,0.3964928240247543,0.5053518243328969,0.7209695320162336
2021-12-14,68.3,0,0.21246454313994406,0.23567106014373862,0.25068924127580877,0.39329205979662607,0.5024235004712259,0.7166450693051639,0.8566124178908231
2021-12-15,77.21818181818182,0,0.23366904730496177,0.24829007845700304,0.39035728841815537,0.49891935205234617,0.7132763328131644,0.8518886273699208,1.2440224798836097
2021-12-16,72.13041666666668,0,0.2462703772212098,0.38765337277502243,0.49572184572112926,0.709168304403581,0.8482379936920926,1.238158167981396,1.0230075406350325
2021-12-17,70.51291666666667,0,0.3854383224860613,0.4927880267674034,0.7054478295537051,0.8437434366994606,1.2337024068873137,1.017793888817654,0.9527425709305811
2021-12-18,65.33916666666667,0,0.49042560657582157,0.7020563927896389,0.8396882226901355,1.2281038844242087,1.0137974477166443,0.9477357766736204,0.727992408947024
2021-12-19,66.39041666666667,0,0.6994006358384713,0.8360038761318526,1.22309262087585,1.008828730427246,0.9438853623774395,0.7236472711371801,0.7736592091954345
2021-12-20,74.77499999999999,0,0.8331603616066898,1.2185716937567497,1.0043628869686527,0.9391168724645285,0.7202639394879745,0.7691796299572201,1.13788949908793
2021-12-21,89.84125,0,1.2151919242491596,1.000319223658537,0.9348244287146329,0.7161358986564239,0.7657013921697913,1.132337638889312,1.7923745685220487
2021-12-22,94.37095238095237,0,0.997245384156361,0.9309324968991995,0.7123980927692025,0.761443219017046,1.1281024465955543,1.7848959276621361,1.989146995457318
2021-12-23,89.66318181818181,0,0.9279559185262267,0.7089914906728497,0.7575927167194577,1.1228063611560881,1.779300564519382,1.9810890636026963,1.7846392019682422
2021-12-24,82.92625,0,0.7063260126196391,0.7540875008773338,1.1180570123005074,1.7721394554564232,1.9750847619959448,1.777183333751099,1.491983677946296
2021-12-25,90.18666666666667,0,0.7513588106064572,1.1137652707325993,1.76577497005607,1.9673629293323642,1.7716040464832334,1.4853893771360214,1.807379632892216
2021-12-26,89.50541666666668,0,1.110532411037983,1.7600699211424078,1.9605128494508086,1.7644649801559045,1.4804182955112832,1.7998568176588914,1.7777858087122118
2021-12-27,67.3875,0,1.7559311198787906,1.9543828864643622,1.7581195840729273,1.4741131816930901,1.7942302705333442,1.7703501166399596,0.816972983668065
2021-12-28,67.75041666666667,0,1.9499717118044384,1.7524312390550194,1.4684900001478502,1.7870264029708727,1.764785072303154,0.8123658902252964,0.8327382563657921
2021-12-29,53.47578947368421,0,1.748303145125213,1.4634336209626135,1.7806248881118616,1.7576655354363435,0.8087976364296359,0.8280847505234552,0.21264165837058596
2021-12-30,53.00181818181818,0,1.4597106223008143,1.774887436980504,1.751337052139342,0.8044160361486234,0.8244837328568504,0.20981369475824174,0.19205211990768267
2021-12-31,56.486250000000005,0,1.7707278656303056,1.7456635064674915,0.8004586442315312,0.8200572077832258,0.20750138076960484,0.18928477116096037,0.34341749619316725
2022-01-01,63.3125,0,1.7415448990395617,0.7968598958116703,0.8160609103673505,0.2048418857752278,0.1870152469796383,0.34020453318656796,0.6399530445362949
2022-01-02,68.11708333333333,0,0.7940712503933997,0.8124281181216606,0.2023758611241338,0.18441442402748728,0.3376204368599273,0.6358670914698491,0.8486664308479961
2022-01-03,75.36041666666667,0,0.8096176503325666,0.20008211711338952,0.1819992101856302,0.3345882824447142,0.6326667259151019,0.8439660330290575,1.1633202776646314
2022-01-04,74.45333333333333,0,0.1981299901958536,0.1797499276107755,0.33179952952264063,0.6287895624558422,0.8403319129440474,1.1576935501624621,1.1239161460194511
2022-01-05,72.04083333333334,0,0.17782630083732415,0.3292233857126134,0.6252690198821464,0.8358599988721465,1.1534055068484095,1.1184054228730338,1.0191159980058575
2022-01-06,64.60111111111111,0,0.3270902382138031,0.6220525316420881,0.83182439394889,1.1480369537469226,1.1141992704281496,1.0139138027509442,0.6959309244021626
2022-01-11,46.0525,0,0.6195089181258288,0.8281572061041994,1.1432248468823978,1.1089430035189896,1.009925449172613,0.6916801744573418,-0.10982956881692033
2022-01-12,47.64041666666666,0,0.8253246904548017,1.1388781896138127,1.1042281380676113,1.0049678212407482,0.6883634739639718,-0.11170818865751737,-0.040849713190011114
2022-01-13,50.75875,0,1.1356101285058706,1.099966570820645,1.00051158132089,0.6843267956842546,-0.1133503330986049,-0.04293140726109554,0.09461217070182631
2022-01-14,53.07958333333334,0,1.0967530531125678,0.9964763214809846,0.6806681110448455,-0.1150909126208209,-0.044716907743708685,0.09213168168427965,0.1954302750948695
2022-01-15,52.217083333333335,0,0.993407868671951,0.6773307431201174,-0.11676114361978712,-0.04665405257550544,0.09006466017968338,0.19265298117996918,0.15796286466513884
2022-01-16,54.38583333333333,0,0.6747096447372302,-0.1183585372087064,-0.048494511882005806,0.08774150254890933,0.19037643641342128,0.1552958734679265,0.2521743966877218
2022-01-17,58.732499999999995,0,-0.11986429780994358,-0.05024086186614262,0.08556675075918004,0.18776598705492095,0.15309719461740012,0.24923005010617813,0.44099566509494315
2022-01-18,62.468333333333334,0,-0.05184210473512674,0.08352788183990598,0.185342436610517,0.15059351256166342,0.2468355779740614,0.43749543544532166,0.6032820428306745
2022-01-19,70.90916666666666,0,0.08173913194079377,0.18308585918393208,0.1482624240948495,0.24406343030920166,0.43470854918956414,0.5993040478830867,0.9699558594903267
2022-01-20,66.76181818181819,0,0.1811575563508523,0.146086754497732,0.2414998468697519,0.4313983355815014,0.5961798931234408,0.964898389926834,0.7897930677489483
2022-01-21,61.18142857142857,0,0.14421031424513925,0.2391207351217272,0.42836877950909547,0.5924072275170309,0.9610122024489445,0.7852659910075749,0.5473782875863147
2022-01-22,54.317619047619054,0,0.23711388678631556,0.4255819235692814,0.5889771815455561,0.9561946614708507,0.7817542233428254,0.5435648712968645,0.24921113565580566
2022-01-23,54.27772727272727,0,0.42331370787172434,0.5858398813550151,0.9518597388124103,0.7774500750735411,0.5405568974277902,0.24627551280886997,0.24747821797158426
2022-01-24,61.49142857142857,0,0.5833470280262276,0.9479306362985114,0.7735597576819576,0.5369435354159801,0.24388719901628125,0.24454769677239813,0.5608448351030875
2022-01-25,59.54416666666666,0,0.9449302312037786,0.770019702082788,0.5336514485856715,0.24112349547350345,0.24216298438223685,0.556991773778874,0.4762548513350954
2022-01-26,54.5,0,0.7672686792426678,0.5306348680137009,0.23856722476188794,0.23940421896955486,0.5539558133196936,0.4726508199009057,0.25713385101513553
2022-01-27,51.18,0,0.5282193969478624,0.23619451193536564,0.23685222474767392,0.550304076972977,0.4697906569280419,0.25417490397724085,0.11291147115808602
2022-01-28,47.754999999999995,0,0.23419176536097802,0.23448325401613146,0.5469787574318824,0.46637996858288566,0.251770124955757,0.1103771096537845,-0.035872158664322175
2022-01-29,58.82909090909091,0,0.23248290615523495,0.5439330969443931,0.4632633999827766,0.2489838448073431,0.1082720579844067,-0.03796850647809462,0.44519162014965624
2022-01-30,60.71958333333333,0,0.5414989854148433,0.4604004046942657,0.2464080224394587,0.10589675458402201,-0.03976435146645942,0.4416790377582647,0.5273155106695253
2022-01-31,76.76541666666667,0,0.45808338305140006,0.2440182011526543,0.10367684382842626,-0.04171568036021753,0.43888343134063384,0.5235611584785251,1.2243541462487142
2022-02-01,64.9725,0,0.24200448791528445,0.10159845905620944,-0.04356842326277454,0.4355612609200087,0.5205948796848416,1.2185477372180211,0.7120642344648195
2022-02-02,61.21521739130435,0,0.0997843791721347,-0.04532552187159905,0.43252135008067893,0.5170386886531656,1.214132851455261,0.7077659886315771,0.5488460900004852
2022-02-03,53.28541666666666,0,-0.04693365469692807,0.429725433316748,0.5137961126913263,1.2085903759649244,0.7044157594007768,0.5450283525531686,0.20437177304283374
2022-02-04,42.969130434782606,0,0.42745140955681754,0.5108228560564735,1.203627649878934,0.7003331075675026,0.5420173282523136,0.20156815567743205,-0.243772609983923
2022-02-05,49.24,0,0.5084351559887026,1.1991491949287238,0.6966346091876625,0.5383997835840841,0.19927302841691574,-0.24525690629677524,0.028636947988605374
2022-02-06,53.19083333333333,0,1.1957966504288,0.6932624026903104,0.5351040745148118,0.1966370993252921,-0.24662068622119201,0.026350687669596237,0.20026302803435608
2022-02-07,55.62958333333333,0,0.6906189724974034,0.5320843243427527,0.19419148307560818,-0.24797958104555096,0.02442077788669003,0.19747150666746416,0.30620348853928964
2022-02-08,55.78041666666667,0,0.5296668215373311,0.1919155972104934,-0.2493192677573972,0.022285623549912814,0.195184918326241,0.30310008224165963,0.31275576031492386
2022-02-09,50.965833333333336,0,0.18997491751037948,-0.2506274222286729,0.02027368524246163,0.1925606975330364,0.3005933252016568,0.30963306436328275,0.10360796924461683
2022-02-10,52.219166666666666,0,-0.2519477781896232,0.018377284457684537,0.19012522083355196,0.29766721599150747,0.30711269019207227,0.10110099691755764,0.1580533656565149
2022-02-11,48.72291666666666,0,0.016679857798125627,0.187858207469543,0.2949702997003156,0.3041679095985411,0.0990152800698393,0.15538610802761735,0.0061746019290420655
2022-02-12,51.887499999999996,0,0.18592321511521198,0.2924745165170444,0.30145482362817644,0.09666648797072055,0.1531872410951682,0.003954469954308667,0.14364560782942998
2022-02-13,52.54583333333333,0,0.29039288083730724,0.2989448913462255,0.09446953637284523,0.15068330114739584,0.0020712421046308266,0.1410207661248221,0.17224392110429665
2022-02-14,53.143750000000004,0,0.2968541859784997,0.09241124175731741,0.1483519893424718,9.65711046513742e-08,0.1388518418344759,0.16953488698715397,0.19821770562925517
2022-02-15,53.58541666666667,0,0.09061003982801097,0.14617612431581453,-0.001956409217414527,0.13638895829878078,0.16730652880921648,0.1954322056184496,0.21740391580100107
2022-02-16,55.339,0,0.14429955879128825,-0.003804304390419129,0.13409320192098798,0.1647621513902525,0.19314986792868075,0.21456193227292528,0.2935804102621429
2022-02-17,51.85208333333333,0,-0.005470638556072514,0.1319484492770631,0.1623958201696615,0.19053147549548208,0.21223972121553192,0.2905141658559697,0.1421070909760354
2022-02-18,51.27375,0,0.13009182704435696,0.1601893117911673,0.18810104623728638,0.20956665567077312,0.28803364248255303,0.13948677861007655,0.11698401577001324
2022-02-19,50.91583333333333,0,0.15829310362746135,0.18583844958087636,0.20708887873323178,0.2851435040535377,0.13732105171241724,0.11443766483987607,0.1014359454515888
2022-02-20,48.785,0,0.18390628837224343,0.2047848510143892,0.28247773896194545,0.13486255234132835,0.11232414948397419,0.09893536748497528,0.008871531472051667
2022-02-21,50.27875,0,0.202826132155845,0.2800092142908823,0.1325705927114076,0.10993724094198477,0.09685416460340311,0.006643459833098217,0.07376074228875905
2022-02-22,50.056666666666665,0,0.2779450515404358,0.1304291623696589,0.10770727997143358,0.09451156191314024,0.004754627142122208,0.07134163913149091,0.06411333660806016
2022-02-23,53.307500000000005,0,0.128574669759823,0.10562010086992682,0.09231997042990782,0.0026757964259333375,0.06931795170189792,0.06172263506843825,0.2053310835514214
2022-02-24,53.24458333333333,0,0.10380038374884262,0.09026636612333462,0.0007126351617325566,0.06705421239614016,0.059718997171811186,0.20252464201015621,0.2025979536118611
2022-02-25,50.34458333333333,0,0.08846817072043323,-0.0011410838115573807,0.06493091770698271,0.05748274915705488,0.20022752108125866,0.19979955830749002,0.0766205736162456
2022-02-26,44.85333333333333,0,-0.0028111510808303663,0.06293707575367313,0.05538326231043631,0.19758885833405704,0.19750811745265973,0.07419305121772399,-0.1619219394530385
2022-02-27,41.39666666666667,0,0.06117718850804937,0.05341025314606689,0.19514087470040584,0.19487724304493506,0.07216342039937186,-0.16364720121561332,-0.312081184344364
2022-02-28,43.00958333333333,0,0.05166371988855888,0.1928629172821694,0.19243600422220952,0.06989153170528721,-0.16518108570196177,-0.31336438265479416,-0.24201531682094063
2022-03-01,44.965,0,0.19092090969955994,0.19016394877607434,0.06776117953184993,-0.1667732225684513,-0.3145862016149037,-0.24350478654208102,-0.15707108631527608
2022-03-02,46.395833333333336,0,0.18822572440585789,0.06576116200508342,-0.16831490015123196,-0.31575044401582464,-0.24487221852678923,-0.1588106288161796,-0.09491500543812904
2022-03-03,46.34291666666667,0,0.06399731616635969,-0.16979980449705598,-0.3169215590062927,-0.24623612094171887,-0.16035459449358783,-0.09683753322045309,-0.09721373061908359
2022-03-04,44.84041666666667,0,-0.17123345857334546,-0.3180822066597198,-0.24758014429704253,-0.1619605543731888,-0.09851067356241103,-0.09912949103660262,-0.1624830455995705
2022-03-05,44.94541666666667,0,-0.31930800954387367,-0.24889209350016447,-0.16351420287867194,-0.10029375369210394,-0.10079785409772253,-0.16420665548569685,-0.15792179563421216
2022-03-06,49.07,0,-0.25021488191526786,-0.16500958224782797,-0.10200079081161809,-0.10257438376970965,-0.1657393738641242,-0.15965883367727443,0.021252067092310596
2022-03-07,52.973749999999995,0,-0.16644995089975537,-0.10363039118869251,-0.10427574810122674,-0.16732991179999265,-0.16120103138460873,0.01898754759881677,0.1908328247329601
2022-03-08,52.81791666666666,0,-0.10515679660457768,-0.10590038456799084,-0.16887020468649055,-0.1628045670790745,0.017072985300807562,0.1880690655476698,0.18406335057802325
2022-03-09,50.04666666666666,0,-0.10742360807676399,-0.17035389736916795,-0.1643561162063225,0.014958874954140274,0.18580207534279797,0.18131952048278868,0.06367893184945436
2022-03-10,53.009166666666665,0,-0.17178677475946946,-0.16584965853780462,0.012965161036474956,0.18320472689970924,0.1790665988057391,0.061289509181921595,0.19237134158635497
2022-03-11,52.24875,0,-0.16728884963355672,0.011084707302143615,0.1807925220312994,0.1764885406869178,0.059286774078523764,0.18960305306241565,0.15933847973405646
2022-03-12,53.52166666666667,0,0.009397502832361862,0.17854587242533512,0.174093041509145,0.05705176394553863,0.18733286546485695,0.15666743877522854,0.2146345854648906
2022-03-13,58.16791666666666,0,0.17662393340647936,0.171861010032756,0.05495334912184865,0.18473113285716197,0.15446590107947625,0.21180075474638307,0.4164698964320037
2022-03-14,62.05625,0,0.16994844135452927,0.05298127801927015,0.18231513124088009,0.1519582990647975,0.20948429899582607,0.41304186976908136,0.5853809467364699
2022-03-15,60.805416666666666,0,0.05123534606704315,0.18006515933273962,0.14962381585870974,0.2068191249473585,0.41030595371439105,0.5814556519762218,0.5310441515142231
2022-03-16,56.09125,0,0.17814109069101358,0.14744517573258764,0.20434818215598688,0.40706562884799247,0.5783686998208973,0.5272788223377912,0.3262585082282471
2022-03-17,60.9275,0,0.14556683134660503,0.2020501345810614,0.40409659740342924,0.5746470452591411,0.5243047945688901,0.3230960606691687,0.5363475096088662
2022-03-18,60.67541666666667,0,0.20009524904368367,0.4013627028688946,0.5712611755658483,0.5207379783853447,0.3205476246750828,0.5325665675356794,0.5253968896523509
2022-03-19,52.455000000000005,0,0.39912843586532787,0.5681625313382751,0.5174862008933685,0.31756436658983106,0.5295815181661048,0.5216481858130777,0.16829807788029655
2022-03-20,50.643750000000004,0,0.5656944567979425,0.514504892561477,0.3148179585734363,0.5259995895092697,0.5186858943561568,0.16560066018463018,0.08961651597786248
2022-03-21,54.34625,0,0.512112031290044,0.31227886820415074,0.5227347244040403,0.5151351706356366,0.16338050237852492,0.08715073398934087,0.2504548778515748
2022-03-22,51.215833333333336,0,0.31016947226394026,0.5197419639011179,0.5118973294417319,0.16084736905231575,0.0850940946068808,0.2475155934720506,0.1144680882097561
2022-03-23,58.43625,0,0.5173417616943794,0.5089282159131224,0.158490775373326,0.08278517261647525,0.24512469489646624,0.11192914408046852,0.4281264241212534
2022-03-24,55.40833333333333,0,0.5065431716103426,0.15629278772276606,0.0806227490904246,0.24235744718028407,0.10982085740201929,0.4246640810572726,0.2965922832551415
2022-03-25,49.65958333333333,0,0.15440204141536262,0.07859466788174621,0.2397981071649266,0.10744111825862124,0.4219039400509311,0.2935171720024836,0.0468638476517639
2022-03-26,48.282916666666665,0,0.07681283299336561,0.23742270857815767,0.1052173660875314,0.4186303986903394,0.2910303892626776,0.0445239279913481,-0.012939207449602952
2022-03-27,50.99625,0,0.23541824040948336,0.10313561992723043,0.4156326012971926,0.2881316681867155,0.04255613850919857,-0.015103069052414366,0.10492928371870881
2022-03-28,55.25416666666666,0,0.10131938536589875,0.41287353543793476,0.2854584704028184,0.04036904471643924,-0.016946574000005866,0.10241842148904516,0.2898952098933055
2022-03-29,53.885,0,0.4106231334093276,0.2829834418366715,0.038312126113609714,-0.018963252735600452,0.10032995864525455,0.2868398145853552,0.23041795836089285
2022-03-30,53.967083333333335,0,0.2809151100362766,0.03637636581952167,-0.0208725895152621,0.09797740132241517,0.2843669499078332,0.22753766195648004,0.23398369742111372
2022-03-31,59.14083333333334,0,0.03465370939254707,-0.022679209969465937,0.09577718898813209,0.28148731284251,0.22518840471859417,0.2310929036083026,0.45873385940467115
2022-04-01,68.57666666666667,0,-0.02431908670275491,0.09371604110132353,0.27883064207876185,0.22247825429910734,0.22873623594266007,0.4551814091447433,0.8686309495455774
2022-04-06,34.14454545454546,0,0.09191301020178734,0.2763700752985584,0.21996836134133063,0.2260159245769682,0.4523576588321253,0.8638717768968757,-0.6271167807973494
2022-04-07,38.742666666666665,0,0.27431101362124577,0.21763623085466818,0.22349723209765274,0.44899689838507306,0.8601961659397054,-0.6274725255672583,-0.4273722072782827
2022-04-08,35.38933333333333,0,0.21565949789208042,0.2211574016871231,0.4459235680430834,0.8556673608847376,-0.6280396279345783,-0.4283159929362561,-0.5730426029973507
2022-04-09,39.34875,0,0.21917573301035373,0.44309840791347316,0.8515824875743884,-0.6283061434704175,-0.4292982105733267,-0.5735575402147672,-0.40104365886712984
2022-04-10,55.91,0,0.4408056389169416,0.8478721879732232,-0.6286998144388618,-0.4301339191521784,-0.5742370211889676,-0.4020649548309723,0.31838492197852086
2022-04-19,44.409285714285716,0,0.8450120373352858,-0.629180168311063,-0.4310205192574013,-0.5746576267472195,-0.4031018892610114,0.315245653976058,-0.18121157932921433
2022-04-20,44.29708333333334,0,-0.6299698973168801,-0.4319322053115165,-0.5751847418303918,-0.40401262379087766,0.31271358110925207,-0.18288005308116442,-0.186085704150473
2022-04-21,45.35041666666667,0,-0.43299842177409054,-0.575781864497283,-0.40496419741909695,0.3097527596311028,-0.18437384924911945,-0.18773982865308966,-0.1403284029106865
2022-04-22,41.597500000000004,0,-0.5766464432556252,-0.4059327378349239,0.3070257820302886,-0.18591101827029383,-0.1892234952660619,-0.14211723527335876,-0.30335688877570205
2022-04-23,44.21083333333333,0,-0.4070353984084044,0.30450369403096356,-0.18740509293017443,-0.19074677495902997,-0.1436959961064771,-0.304665771100589,-0.18983244519344636
2022-04-24,44.66458333333333,0,0.30240519674897137,-0.1888483428655204,-0.19222882126640836,-0.14534966601267535,-0.3059057211580523,-0.1914755394242942,-0.1701213292717186
2022-04-25,46.49583333333334,0,-0.19025529612397457,-0.1936615459251121,-0.14694463206853084,-0.307094824351211,-0.19295141944566427,-0.17182245232361099,-0.09057095785207327
2022-04-26,47.465833333333336,0,-0.1950617523951454,-0.1484761659025455,-0.3082874691354947,-0.194464022408356,-0.17333929658775762,-0.09250627435528867,-0.04843369626733295
2022-04-27,50.291666666666664,0,-0.14993970986217847,-0.30946695619655623,-0.19593682251797537,-0.1749080684358163,-0.09418844262953897,-0.05049306336319455,0.07432184843529105
2022-04-28,49.00333333333333,0,-0.31070483529510373,-0.19736145639373237,-0.17642951158582,-0.0959839015769436,-0.05226280258068063,0.07190109340157444,0.018356035368273314
2022-04-29,47.45583333333334,0,-0.19875647660571696,-0.17789671001534027,-0.09770165892574356,-0.054178336059889004,0.06987623986406036,0.01610004168870706,-0.048868101025938436
2022-04-30,45.99791666666667,0,-0.17931901445445067,-0.09934063992072724,-0.05600007963276124,0.06761090162768149,0.014191498012226087,-0.050926189249710895,-0.11220069479097573
2022-05-01,40.89458333333334,0,-0.1008730583894225,-0.05773005262146479,0.0654862222422413,0.01208564021069995,-0.05269502567396775,-0.11407233412141958,-0.33389192326601863
2022-05-02,41.07083333333333,0,-0.059320797702417966,0.0634911686257851,0.0100990731125585,-0.05460932127140495,-0.11570955081613087,-0.33511091154030676,-0.32623553939559563
2022-05-03,47.690909090909095,0,0.06173050469417337,0.008224873123500002,-0.056429992821348605,-0.11744337356701255,-0.3362874027570318,-0.32747706779045477,-0.0386562982535666
2022-05-04,35.960625,0,0.006541677355591645,-0.05815902774826123,-0.11910775310749361,-0.3373894931773584,-0.328669470737845,-0.04074444965985867,-0.5482254211421799
2022-05-05,41.029583333333335,0,-0.059749171523933386,-0.12070002644247074,-0.33850678368328735,-0.3297933788243886,-0.042534508564345194,-0.548813419256322,-0.32802745902484354
2022-05-06,45.79666666666666,0,-0.12220250491904908,-0.3396203328176284,-0.3309295637344338,-0.04447790376129715,-0.5495444760553809,-0.32926371207233496,-0.12094309055791323
2022-05-07,48.39541666666667,0,-0.3408159451657982,-0.33205964620783984,-0.04632377597144827,-0.5500358007676518,-0.33045239099765467,-0.1227889925875632,-0.008052153915290095
2022-05-08,44.98,0,-0.3332658565615875,-0.04807486245697638,-0.5506241596273814,-0.3315711928218921,-0.12440804056853615,-0.01023040282910429,-0.156419479177368
2022-05-09,41.45333333333333,0,-0.0496791414620953,-0.5512748729826701,-0.3327029556373569,-0.12611695094877298,-0.012084064200524684,-0.15816093998640524,-0.30961955737893254
2022-05-10,37.217083333333335,0,-0.5521738038106286,-0.3338291686058754,-0.12775975602781636,-0.01411466910604496,-0.1597062598536573,-0.3109100026312011,-0.4936442732432174
2022-05-11,36.367916666666666,0,-0.3350328985753389,-0.1293331508692511,-0.016036066143653136,-0.16131407655591504,-0.31213693741960963,-0.49439295630672575,-0.5305324773281406
2022-05-12,36.095416666666665,0,-0.1308235280770491,-0.017853239793004898,-0.16286933309579105,-0.31330819448390057,-0.4952374453133996,-0.5311725628367464,-0.5423700070001424
2022-05-13,39.01625,0,-0.019499881210705228,-0.16436611955763344,-0.3144853842709639,-0.49588430471237754,-0.5319403896517044,-0.5429752432443193,-0.4154876170907652
2022-05-14,42.90708333333333,0,-0.1658073901674824,-0.31565134760787295,-0.4966073587863211,-0.532482132256947,-0.5437184689437806,-0.41646639055764395,-0.2464679655966477
2022-05-15,42.086666666666666,0,-0.3168805578886192,-0.4973759356970489,-0.5331141537172053,-0.5442264792707587,-0.41747330711281094,-0.24794432687887444,-0.28210725600057973
2022-05-16,45.12375,0,-0.4983504180281276,-0.5338030735475202,-0.5448292881062132,-0.4183428820737857,-0.249302505232983,-0.2834786964851603,-0.15017491077241274
2022-05-17,45.951249999999995,0,-0.5347264950384865,-0.5454926457527254,-0.4192588109396297,-0.2506537193597581,-0.284762808178087,-0.1519347553677313,-0.11422791699780205
2022-05-18,45.35874999999999,0,-0.5463996816747843,-0.4201961608009083,-0.2519867544800638,-0.28601246442121886,-0.1534930528876536,-0.1160935882584966,-0.13996639894518217
2022-05-19,46.0875,0,-0.4212788279737953,-0.2532890885498288,-0.28725754899375894,-0.15511866414037195,-0.11772659191813813,-0.1417562970345954,-0.10830915216180097
2022-05-20,42.05583333333333,0,-0.2546057135858018,-0.28848292291076,-0.1566893310098463,-0.11945463788742099,-0.14333581019540476,-0.11019224805471,-0.28344667067294693
2022-05-21,42.29625,0,-0.2897502158593035,-0.15819960210993328,-0.12111401465423534,-0.14499051166974566,-0.11183755227209985,-0.28481416796858594,-0.2730028562681379
2022-05-22,37.61416666666667,0,-0.15964951648319672,-0.12270191036752148,-0.14658637107804162,-0.11358246438051495,-0.2860954960490559,-0.2744010997802533,-0.4763947842869211
2022-05-23,31.78333333333333,0,-0.12420158275278845,-0.14811868663021538,-0.11525644745973121,-0.28734133549005997,-0.2757041325146094,-0.4771942492296356,-0.7296889589505196
2022-05-24,33.83958333333333,0,-0.14958273167758254,-0.11685712426491872,-0.2885831146585703,-0.2769797326965287,-0.47807458665078695,-0.7297427348925937,-0.6403644804622491
2022-05-25,38.53791666666667,0,-0.11836498943463944,-0.2898055962183826,-0.278247285082947,-0.4787706002717619,-0.7300966686283319,-0.6406812244776519,-0.4362666447107316
2022-05-26,40.232083333333335,0,-0.2910710351423097,-0.2794923192116495,-0.4795362225894945,-0.730070894019899,-0.6412207950711515,-0.43718424546268,-0.36267123852363775
2022-05-27,36.57666666666667,0,-0.28077221451670753,-0.48034204837050365,-0.7302114376350253,-0.641449559901916,-0.43814797840838193,-0.3638055015220206,-0.5214642779922491
2022-05-28,36.9125,0,-0.48134040753211577,-0.7304702952201084,-0.6418105382317315,-0.43895834135796896,-0.3649221826873088,-0.5221310599557157,-0.506875518182412
2022-05-29,34.89208333333333,0,-0.7311180432941187,-0.642262284772574,-0.43982299179372913,-0.3659422634402953,-0.522917732579334,-0.5075852489335388,-0.5946433796190127
2022-05-30,36.977916666666665,0,-0.6430336762449917,-0.44071547103267517,-0.3669885324272058,-0.5234853159665498,-0.5084022403631056,-0.5950947249217969,-0.5040337870532008
2022-05-31,41.46541666666666,0,-0.4417693757696205,-0.3680399349678979,-0.5241397159054422,-0.5090113959464699,-0.5957293145026736,-0.504751883759244,-0.30909465162895094
2022-06-01,41.645833333333336,0,-0.3691957108412009,-0.5248482177756427,-0.5097017979887137,-0.5960883663898541,-0.5055747809611852,-0.3103866421849939,-0.30125726577577516
2022-06-02,42.25541666666667,0,-0.5257841915143501,-0.5104418031007263,-0.5965621751329027,-0.5061920343544694,-0.31161466784855446,-0.3025723293157596,-0.2747766756991106
2022-06-03,39.42541666666667,0,-0.5113979706751208,-0.59711265267724,-0.506889449213371,-0.31278742068665216,-0.3038166428738309,-0.2761696971501953,-0.3977132223844871
2022-06-04,38.50375,0,-0.5979473315304841,-0.5076355908129324,-0.31396590583475426,-0.3050117291622169,-0.27746904347886536,-0.39874432303434626,-0.4377508609693008
