Date,Temperature,Target,Temp_1,Temp_2,Temp_3,Temp_4,Temp_5,Temp_6,Temp_7
1981-01-07,15.8,1,2.339186985180666,1.6531886696826814,1.8751543629036302,0.8436417382397643,1.1388264375481028,1.1388418423534459,1.1392018425115529
1981-01-08,17.4,1,1.6516965585467012,1.8743123380211468,0.8429251452216889,1.1386923327255634,1.1388264375481028,1.1388418423534459,1.5326853983515616
1981-01-09,21.8,1,1.872675624250476,0.8424018857749769,1.137847778845101,1.1386923327255634,1.1388264375481028,1.5322663130984464,2.6147651769115874
1981-01-10,20.0,1,0.8414399842995288,1.1372334435595972,1.137847778845101,1.1386923327255634,1.5322479176294228,2.6141836076472,2.172096176591577
1981-01-11,16.2,1,1.136078738571228,1.1372334435595972,1.137847778845101,1.5320931253732948,2.614156987853055,2.171581078059073,1.237572731471555
1981-01-12,13.3,1,1.136078738571228,1.1372334435595972,1.5310779570096493,2.6139453051545583,2.171557822761569,1.2371979600396958,0.5243837865115386
1981-01-13,16.7,1,1.136078738571228,1.5303421872724232,2.6124609469621594,2.1713694134258597,1.2371818075684324,0.5241161068143819,1.3605363426715578
1981-01-14,21.5,1,1.5289304109334931,2.611391232482697,2.1700769965270417,1.2370425308874962,0.5241053749210394,1.3601431071475085,2.5409870101915857
1981-01-15,25.0,1,2.609272509929724,2.1691438958057665,1.236155323386238,0.5240035942134824,1.3601260200938452,2.5404165193825117,3.4017322885916057
1981-01-16,20.7,1,2.167314378522175,1.2355106294878033,0.5234256254629932,1.3599802785899122,2.540390460337807,3.4010325491372013,2.344245232271581
1981-01-17,20.6,1,1.2342916566617943,0.5230010315083056,1.3590397540626593,2.540182656533108,3.400999948015696,2.343704284010011,2.3196525100315806
1981-01-18,24.8,1,0.5222480005051883,1.3583571118980617,2.5387302885563066,3.4007468904500215,2.3436797202971467,2.319115254588449,3.352546844111605
1981-01-19,17.7,1,1.357057804275002,2.5376833430365417,3.398921303291257,2.343482260209242,2.3190908777920645,3.3518544902940763,1.6064635650715635
1981-01-20,15.5,1,2.535612821361799,3.39760871990835,2.3421151994740317,2.318894710668759,3.351822263005531,1.6060334013631343,1.0654236757915512
1981-01-21,18.2,1,3.394975854654255,2.341128971180128,2.317538313338748,3.3515717913690555,1.6060144451446705,1.065074754088758,1.7294271762715665
1981-01-22,12.1,1,2.339186985180666,2.316559674698077,3.3497675310206887,1.6058557739947448,1.0650599100328548,1.728978548470947,0.22927111963153143
1981-01-23,14.4,1,2.3146337556580248,3.3484701269442465,1.6048086154155023,1.0649296841041136,1.728958657670083,0.22904775375563086,0.7949037311515448
1981-01-24,16.0,1,3.345869395608972,1.6040500767185784,1.0641171204392479,1.728793521697161,0.22903926486004866,0.79459543045157,1.188387286991554
1981-01-25,16.5,1,1.6025900995014182,1.0635255541134419,1.727693046091924,0.2289529997276832,0.7945826424769471,1.1880199011965709,1.311350898191557
1981-01-26,18.7,1,1.0624190500033033,1.7268965591288366,0.22850299183958125,0.794466639158798,1.1880041225582676,1.3109650483043838,1.8523907874715693
1981-01-27,19.4,1,1.7253562471146262,0.2281694737236854,0.7937713729511205,1.1878674318065299,1.3109483350836804,1.85192369557876,2.0245398431515733
1981-01-28,17.2,1,0.22760924623348888,0.7932632928108738,1.1870015511156693,1.310805179508946,1.8519028701954958,2.024046901529698,1.4834999538715608
1981-01-29,15.5,1,0.7923335252542457,1.1863720365237003,1.309885981792091,1.851731269399577,2.024024767731073,1.4830882542553214,1.0654236757915512
1981-01-30,15.1,1,1.1851851976165113,1.3092185189339585,1.8505774767683456,2.0238441161829597,1.4830702326192577,1.065074754088758,0.9670527868315487
1981-01-31,15.4,1,1.3079513452297191,1.849743041539095,2.0226156797153356,1.4829180262923285,1.0650599100328548,0.9667186364025077,1.0408309535515505
1981-02-01,15.3,1,1.848122394727834,2.021728116913456,1.481924184739081,1.0649296841041136,0.9667045400125247,1.0404857246671955,1.01623823131155
1981-02-02,18.8,1,2.019995001386325,1.48120359430832,1.0641171204392479,0.9665794859421805,1.0404710675277724,1.0158966952456332,1.8769835097115701
1981-02-03,21.9,1,1.4798239518882101,1.0635255541134419,0.9658095758981106,1.0403421345636303,1.01588222502269,1.8765127250003228,2.6393578991515874
1981-02-04,19.9,1,1.0624190500033033,0.9652483681852352,1.0395402343039637,1.0157545850231473,1.8764917127005787,2.6387726370687616,2.147503454351576
1981-02-05,16.6,1,0.9642061319127367,1.0389562576313904,1.0149633481686795,1.8763188189400608,2.6387458303581366,2.1469920486375105,1.3359436204315578
1981-02-06,16.8,1,1.0378658204806617,1.0143869611493388,1.8751543629036302,2.6385328546950406,2.146968980256486,1.3355540777259465,1.3851290649115586
1981-02-07,14.6,1,1.0133125909580203,1.8743123380211468,2.6370378330974433,2.146781863885376,1.3355371775887632,1.3847321365690715,0.8440891756315458
1981-02-08,17.1,1,1.872675624250476,2.635960528964748,2.1455001103917573,1.3353927290494296,1.384714862598928,0.8437734892946949,1.4589072316315606
1981-02-09,25.0,1,2.633825739452365,2.1445745993237146,1.3344628679273756,1.384567828130396,0.843760327487112,1.4584992248337594,3.4017322885916057
1981-02-10,15.0,1,2.1427611489995333,1.3337878154160105,1.383616640197944,0.8436417382397643,1.4584813901141758,3.4010325491372013,0.9424600645915482
1981-02-11,13.7,1,1.3325045747523612,1.3829264083801138,0.8429251452216889,1.458330476751846,3.400999948015696,0.9421296069809453,0.6227546754715405
1981-02-12,13.9,1,1.3816110337976442,0.8424018857749769,1.4573472986037972,3.4007468904500215,0.9421156975074423,0.6224722245006318,0.671940119951542
1981-02-13,18.3,1,0.8414399842995288,1.456634297826269,3.398921303291257,0.9419919364016973,0.6224607449413692,0.6716502833437572,1.7540198985115674
1981-02-14,22.0,1,1.4552707223655692,3.39760871990835,0.9412326897628263,0.622353792375415,0.6716384299515344,1.75356757789251,2.6639506213915882
1981-02-15,22.1,1,3.394975854654255,0.9406790717031837,0.6217331700041301,0.6715288914563817,1.7535475001751661,2.6633616664903244,2.6885433436315895
1981-02-16,21.2,1,0.9396529023900952,0.6212782174365119,0.670886942274699,1.7533810712376445,2.6633346728632197,2.6879506959118875,2.4672088434715835
1981-02-17,18.4,1,0.6204609185957544,0.6704168104006155,1.7522699322272086,2.6631204042355243,2.6879235153683023,2.466649431117824,1.7786126207515673
1981-02-18,16.6,1,0.6695673776410378,1.7514658556108886,2.6616147192327277,2.687707953776008,2.466623932822559,1.778156607314072,1.3359436204315578
1981-02-19,16.1,1,1.749909476637268,2.6605298254467997,2.6861916053680126,2.4664200079116583,1.7781363426802481,1.3355540777259465,1.2129800092315548
1981-02-20,15.7,1,2.658378968975007,2.685099121928852,2.4649996301504533,1.7779686207781273,1.3355371775887632,1.2126089306181338,1.114609120271552
1981-02-21,16.6,1,2.682932198497649,2.4639754535903866,1.7768468183624924,1.3353927290494296,1.2125929650633505,1.114252812931883,1.3359436204315578
1981-02-22,16.5,1,2.461953132793874,1.7760351520929398,1.3344628679273756,1.2124549813470133,1.11423759504302,1.3355540777259465,1.311350898191557
1981-02-23,14.4,1,1.7744627061599092,1.3337878154160105,1.2115784372509542,1.1141047831850799,1.3355371775887632,1.3109650483043838,0.7949037311515448
1981-02-24,14.4,1,1.3325045747523612,1.2109413330057524,1.1132708927098163,1.3353927290494296,1.3109483350836804,0.79459543045157,0.7949037311515448
1981-02-25,18.5,1,1.2097384271391531,1.1126641470775451,1.3344628679273756,1.310805179508946,0.7945826424769471,0.79459543045157,1.8032053429915684
1981-02-26,16.9,1,1.1115255090485863,1.3337878154160105,1.309885981792091,0.794466639158798,0.7945826424769471,1.802745636735635,1.4097217871515588
1981-02-27,17.5,1,1.3325045747523612,1.3092185189339585,0.7937713729511205,0.794466639158798,1.802725185185331,1.4093211659906335,1.5572781205915627
1981-02-28,21.2,1,1.3079513452297191,0.7932632928108738,0.7937713729511205,1.8025561703186108,1.40930370510401,1.5568553425200093,2.4672088434715835
1981-03-01,17.8,1,0.7923335252542457,0.7932632928108738,1.801423704497777,1.4091553776708787,1.5568367601345057,2.466649431117824,1.6310562873115644
1981-03-02,18.6,1,0.7923335252542457,1.8006044485749917,1.408193526333228,1.5566806749137785,2.466623932822559,1.630622430784697,1.8277980652315693
1981-03-03,17.0,1,1.799015935682551,1.4074957048621648,1.555654843144934,2.4664200079116583,1.6306032876497534,1.8273346661571979,1.4343145093915597
1981-03-04,16.0,1,1.4061642633202853,1.554911483754475,2.4649996301504533,1.6304433235352283,1.8273140276904138,1.4339101954121964,1.188387286991554
1981-03-05,13.3,1,1.5534836404561352,2.4639754535903866,1.6293855015507872,1.8271437198590945,1.433892547609093,1.1880199011965709,0.5243837865115386
1981-03-06,14.3,1,2.461953132793874,1.6286193732006302,1.8260005906330619,1.4337429272113622,1.1880041225582676,0.5241161068143819,0.7703110089115444
1981-03-07,11.4,1,1.62714332902406,1.8251737450570438,1.4327704124685126,1.1878674318065299,0.5241053749210394,0.7700064010300075,0.05712206395152759
1981-03-08,16.3,1,1.823569165205193,1.4320650013442169,1.1870015511156693,0.5240035942134824,0.7699937999718647,0.05692454780469311,1.2621654537115559
1981-03-09,16.1,1,1.4307174928429272,1.1863720365237003,0.5234256254629932,0.7698790896183149,0.056917367324471085,1.2617869894612588,1.2129800092315548
1981-03-10,11.8,1,1.1851851976165113,0.5230010315083056,0.7691944868158364,0.05684015294430066,1.2617706500735153,1.2126089306181338,0.15549295291152998
1981-03-11,12.2,1,0.5222480005051883,0.7686939963288222,0.056464788892591274,1.2616300804279796,1.2125929650633505,0.15528066549094344,0.25386384187153194
1981-03-12,14.7,1,0.7677802957316042,0.05618439834932394,1.2607322095215225,1.2124549813470133,0.15527273734480132,0.25363678317719335,0.8686818978715463
1981-03-13,11.8,1,0.05573663957499788,1.2600799259698554,1.2115784372509542,0.15519035110623372,0.2536281073651311,0.8683625187162574,0.15549295291152998
1981-03-14,11.3,0,1.2588448861844361,1.2109413330057524,0.1547723334337286,0.2535405492681663,0.8683491699921945,0.15528066549094344,0.0325293417115271
1981-03-15,10.6,1,1.2097384271391531,0.15446158427753068,0.2530798779748655,0.8682292877802474,0.15527273734480132,0.03233551838313064,-0.1396197139684772
1981-03-16,11.7,1,0.15394955766556434,0.252738770205737,0.8675020313569732,0.15519035110623372,0.03232852481938864,-0.13978768756780754,0.13090023067152906
1981-03-17,14.2,1,0.2521624757561304,0.8669711822570285,0.1547723334337286,0.03225260340381751,-0.13979337271618936,0.13069163606938053,0.7457182866715434
1981-03-18,11.2,1,0.8659932138221703,0.15446158427753068,0.03188790275730705,-0.13986024337956546,0.13068389483971843,0.7454173716084446,0.007936619471526173
1981-03-19,16.9,1,0.15394955766556434,0.03161510186727237,-0.14015030018968339,0.13060280156575013,0.7454049574667818,0.0077464889615677275,1.4097217871515588
1981-03-20,16.7,0,0.03118341005235637,-0.14036997350708952,0.13019544729844393,0.7452915400778313,0.007739682314305756,1.4093211659906335,1.3605363426715578
1981-03-21,8.1,0,-0.14068919660613508,0.12989228779547868,0.7446176006805516,0.007665053863333917,1.40930370510401,1.3601431071475085,-0.7544377699684915
1981-03-22,8.0,0,0.1293963281429224,0.7441246998467702,0.007311016622022392,1.4091553776708787,1.3601260200938452,-0.7545134231068716,-0.7790304922084921
1981-03-23,8.8,1,0.7432270662089623,0.007045805385220361,1.408193526333228,1.3599802785899122,-0.7545144353432527,-0.779102452528434,-0.5822887142884873
1981-03-24,13.4,0,0.0066301805297144245,1.4074957048621648,1.3590397540626593,-0.7545489818916465,-0.7791032778483352,-0.5823902171559334,0.5489765087515391
1981-03-25,10.9,1,1.4061642633202853,1.3583571118980617,-0.754572453571791,-0.7791365314321297,-0.5823925378076747,0.5487051362359443,-0.0658415472484753
1981-03-26,13.4,0,1.357057804275002,-0.754602385558381,-0.7791493397070753,-0.5824361351082635,0.5486942174261218,-0.0660205993031197,0.5489765087515391
1981-03-27,11.0,1,-0.7545199346721749,-0.7791716820404326,-0.5825342506248007,0.5485911437539656,-0.06602684520094158,0.5487051362359443,-0.0412488250084748
1981-03-28,15.0,1,-0.7790731641948164,-0.5826173101840192,0.5480025115982774,-0.06609759475811555,0.5486942174261218,-0.041431569881557224,0.9424600645915482
1981-03-29,15.7,1,-0.5826473280136836,0.5475703279903572,-0.06641964178383027,0.5485911437539656,-0.041438002695859136,0.9421296069809453,1.114609120271552
1981-03-30,14.5,1,0.5468012300278298,-0.06666208406093437,0.5480025115982774,-0.041510045217632394,0.9421156975074423,1.114252812931883,0.8194964533915453
1981-03-31,15.8,1,-0.0670295080382101,0.5475703279903572,-0.04184275564854605,0.9419919364016973,1.11423759504302,0.8191844598731324,1.1392018425115529
1981-04-01,16.7,1,0.5468012300278298,-0.04209278757888279,0.9412326897628263,1.1141047831850799,0.8191714849820295,1.1388418423534459,1.3605363426715578
1981-04-02,16.8,1,-0.042476278515568594,0.9406790717031837,1.1132708927098163,0.8190541886992811,1.1388264375481028,1.3601431071475085,1.3851290649115586
1981-04-03,17.5,1,0.9396529023900952,1.1126641470775451,0.8183482590864047,1.1386923327255634,1.3601260200938452,1.3847321365690715,1.5572781205915627
1981-04-04,17.1,1,1.1115255090485863,0.8178325892929253,1.137847778845101,1.3599802785899122,1.384714862598928,1.5568553425200093,1.4589072316315606
1981-04-05,18.1,1,0.8168867547768872,1.1372334435595972,1.3590397540626593,1.384567828130396,1.5568367601345057,1.4584992248337594,1.7048344540315663
1981-04-06,16.6,0,1.136078738571228,1.3583571118980617,1.383616640197944,1.5566806749137785,1.4584813901141758,1.704389519049385,1.3359436204315578
1981-04-07,10.0,1,1.357057804275002,1.3829264083801138,1.555654843144934,1.458330476751846,1.704369815165001,1.3355540777259465,-0.2871760474084806
1981-04-08,14.9,1,1.3816110337976442,1.554911483754475,1.4573472986037972,1.7042059721566782,1.3355371775887632,-0.28732186409718286,0.9178673423515477
1981-04-09,15.9,1,1.5534836404561352,1.456634297826269,1.7031161599566402,1.3353927290494296,-0.2873264277466845,0.9175405775593828,1.1637945647515535
1981-04-10,13.0,0,1.4552707223655692,1.7023272626467856,1.3344628679273756,-0.28738554062246485,0.9175268550023598,1.1634308717750084,0.4506056197915367
1981-04-11,7.6,1,1.700803017591985,1.3337878154160105,-0.28761161700138915,0.9174043868612142,1.1634152800531852,0.450349018549694,-0.8774013811684944
1981-04-12,11.5,1,1.3325045747523612,-0.2877857523993994,0.9166558036275421,1.1632798822660466,0.45033884740579155,-0.8774585702146844,0.08171478619152807
1981-04-13,13.5,1,-0.2880085737419846,0.9161097752211321,1.162424664980385,0.4502409455920325,-0.8774586478686653,0.08151357722625559,0.5735692309915396
1981-04-14,13.0,1,0.9150996728674538,1.1618027400416486,0.4496949670571401,-0.8774867295940627,0.08150620982955353,0.5732941656575068,0.4506056197915367
1981-04-15,13.3,1,1.1606319680938697,0.44929314206215043,-0.8774568842482127,0.08142770248478383,0.5732830599312042,0.450349018549694,0.5243837865115386
1981-04-16,12.1,1,0.44858831193726334,-0.8774488679686393,0.08104167502787549,0.5731786932944487,0.45033884740579155,0.5241161068143819,0.22927111963153143
1981-04-17,12.4,1,-0.877286082285383,0.08075369483137552,0.5725793977335617,0.4502409455920325,0.5241053749210394,0.22904775375563086,0.30304928635153333
1981-04-18,13.2,1,0.08028986909763938,0.5721396244724087,0.4496949670571401,0.5240035942134824,0.22903926486004866,0.3028148420203187,0.4997910642715377
1981-04-19,13.8,0,0.5713544595504713,0.44929314206215043,0.5234256254629932,0.2289529997276832,0.3028057923752964,0.49952707739281893,0.6473473977115415
1981-04-20,10.6,0,0.44858831193726334,0.5230010315083056,0.22850299183958125,0.3027156483491331,0.49951653241595645,0.6470612539221947,-0.1396197139684772
1981-04-21,9.0,0,0.5222480005051883,0.2281694737236854,0.30223365024543436,0.49941604467299877,0.647049587446452,-0.13978768756780754,-0.5331032698084863
1981-04-22,10.0,0,0.22760924623348888,0.30187736316984054,0.49884873932770857,0.6469413419158986,-0.13979337271618936,-0.5332121583128084,-0.2871760474084806
1981-04-23,9.8,1,0.3012689348014138,0.4984317350262536,0.6463100561394147,-0.13986024337956546,-0.5332148527975098,-0.28732186409718286,-0.3363614918884815
1981-04-24,11.5,0,0.49769477098254633,0.6458475139185639,-0.14015030018968339,-0.5332610360272972,-0.2873264277466845,-0.3364999229403078,0.08171478619152807
1981-04-25,8.9,0,0.6450141481183963,-0.14036997350708952,-0.5333804783542322,-0.28738554062246485,-0.3365041127568494,0.08151357722625559,-0.5576959920484867
1981-04-26,7.4,0,-0.14068919660613508,-0.533478717219916,-0.28761161700138915,-0.33656063970343114,0.08150620982955353,-0.5578011877343709,-0.9265868256484954
1981-04-27,9.9,0,-0.5335408689684005,-0.2877857523993994,-0.3367653892719576,0.08142770248478383,-0.5578036953025923,-0.9266366290578093,-0.31176876964848105
1981-04-28,9.3,0,-0.2880085737419846,-0.3369243453635025,0.08104167502787549,-0.5578485855677804,-0.9266363328788303,-0.3119108935187453,-0.4593251030884844
1981-04-29,9.9,0,-0.33711503278726757,0.08075369483137552,-0.5579573644895165,-0.9266618286750291,-0.3119152702517669,-0.4594450700481206,-0.31176876964848105
1981-04-30,7.4,0,0.08028986909763938,-0.5580480137019675,-0.926610656518781,-0.311973090162948,-0.45944832528226204,-0.3119108935187453,-0.9265868256484954
1981-05-01,8.6,1,-0.558094098491042,-0.9265874609327425,-0.31218850313667335,-0.45949838740584736,-0.3119152702517669,-0.9266366290578093,-0.6314741587684887
1981-05-02,11.9,1,-0.926392541330666,-0.312355048881451,-0.4596498199483791,-0.311973090162948,-0.9266363328788303,-0.6315682759990587,0.18008567515153046
1981-05-03,14.0,0,-0.31256180326462607,-0.4597708277737608,-0.31218850313667335,-0.9266618286750291,-0.63157022281784,0.17986969491250593,0.6965328421915424
1981-05-04,8.6,0,-0.45988118040047554,-0.312355048881451,-0.926610656518781,-0.6316112341892304,0.17986157984988377,0.6962393127653196,-0.6314741587684887
1981-05-05,10.0,1,-0.31256180326462607,-0.9265874609327425,-0.6316880228953695,0.1797779006467169,0.6962272724566169,-0.6315682759990587,-0.2871760474084806
1981-05-06,13.5,1,-0.926392541330666,-0.6317559031481227,0.1793492195690128,0.6961164409968649,-0.63157022281784,-0.28732186409718286,0.5735692309915396
1981-05-07,12.0,0,-0.631753787058967,0.17903088075958226,0.6954638284099832,-0.6316112341892304,-0.2873264277466845,0.5732941656575068,0.20467839739153096
1981-05-08,10.5,0,0.17850278718820586,0.694986106882667,-0.6316880228953695,-0.28738554062246485,0.5732830599312042,0.2044587243340684,-0.16421243620847767
1981-05-09,10.7,0,0.6941206071636793,-0.6317559031481227,-0.28761161700138915,0.5731786932944487,0.20445042235496622,-0.16437671698937004,-0.1150269917284767
1981-05-10,8.1,0,-0.631753787058967,-0.2877857523993994,0.5725793977335617,0.20436545018720004,-0.1643822152212718,-0.11519865814624508,-0.7544377699684915
1981-05-11,10.1,0,-0.2880085737419846,0.5721396244724087,0.20392610570429703,-0.1644477929200486,-0.11520453021110692,-0.7545134231068716,-0.26258332516848004
1981-05-12,10.6,0,0.5713544595504713,0.20360017724163382,-0.1647271863249676,-0.1152726938390823,-0.7545144353432527,-0.26273283467562036,-0.1396197139684772
1981-05-13,5.3,0,0.20305601671084736,-0.1649392699891411,-0.11557341405439915,-0.7545489818916465,-0.262737585241602,-0.13978768756780754,-1.4430339926885076
1981-05-14,6.6,0,-0.16524242612877657,-0.11580067702503795,-0.754572453571791,-0.26279799108198165,-0.13979337271618936,-1.4430062469106233,-1.1233286035685002
1981-05-15,8.5,1,-0.11613596708349355,-0.754602385558381,-0.2630347308661049,-0.13986024337956546,-1.4430020254855636,-1.12334886443031,-0.6560668810084892
1981-05-16,11.2,0,-0.7545199346721749,-0.2632164559173478,-0.14015030018968339,-1.4430003690251774,-1.1233470729194908,-0.6561573054206212,0.007936619471526173
1981-05-17,9.8,0,-0.263455344219343,-0.14036997350708952,-1.4427252653597518,-1.1233622249988953,-0.6561590653229225,0.0077464889615677275,-0.3363614918884815
1981-05-18,5.9,0,-0.14068919660613508,-1.4425426870558276,-1.1232257456010557,-0.6561987837297135,0.007739682314305756,-0.3364999229403078,-1.295477659248504
1981-05-19,3.2,0,-1.4420103613061397,-1.123141832789156,-0.6562649090306538,0.007665053863333917,-0.3365041127568494,-1.2954720703812477,-1.9594811597285196
1981-05-20,2.1,0,-1.1228183775117988,-0.6563251996301743,0.007311016622022392,-0.33656063970343114,-1.2954689704550684,-1.959375864763437,-2.230001104368526
1981-05-21,3.4,0,-0.6563070165816085,0.007045805385220361,-0.3367653892719576,-1.2954750717822778,-1.9593677180922968,-2.2298551884006255,-1.9102957152485185
1981-05-22,5.4,0,0.0066301805297144245,-0.3369243453635025,-1.2952639485480457,-1.9593389093753253,-2.2298449856482048,-1.9101978059203117,-1.418441270448507
1981-05-23,9.6,1,-0.33711503278726757,-1.2951269081635175,-1.958839874200722,-2.2298019543206413,-1.9101900330821318,-1.4184172174890606,-0.3855469363684829
1981-05-24,11.5,1,-1.2946909841702898,-1.9584979131789122,-2.2291856216888495,-1.9101638102943588,-1.418413182980481,-0.38567798178343315,0.08171478619152807
1981-05-25,12.3,1,-1.957628181281613,-2.2287601744814807,-1.9096861019301534,-1.4184128194846939,-0.3856817977670147,0.08151357722625559,0.27845656411153286
1981-05-26,12.6,0,-2.227713706030671,-1.909359320214809,-1.4181483792244673,-0.3857357387843979,0.08150620982955353,0.27822581259875623,0.35223473083153434
1981-05-27,11.0,1,-1.9085217222363298,-1.4179733905737757,-0.3859191615425265,0.08142770248478383,0.278216949870214,0.3519929008634437,-0.0412488250084748
1981-05-28,11.2,1,-1.4174571317834979,-0.38606293832760613,0.08104167502787549,0.27812809880864997,0.3519834773854613,-0.041431569881557224,0.007936619471526173
1981-05-29,11.4,1,-0.386221491832551,0.08075369483137552,0.2776567641101501,0.3518907474300994,-0.041438002695859136,0.0077464889615677275,0.05712206395152759
1981-05-30,11.8,1,0.08028986909763938,0.27730806668778896,0.3513874225160028,-0.041510045217632394,0.007739682314305756,0.05692454780469311,0.15549295291152998
1981-05-31,12.8,1,0.2767157052787723,0.3510159561339437,-0.04184275564854605,0.007665053863333917,0.056917367324471085,0.15528066549094344,0.40142017531153573
1981-06-01,11.6,0,0.35037539384669686,-0.04209278757888279,0.007311016622022392,0.05684015294430066,0.15527273734480132,0.4011709597065691,0.10630750843152856
1981-06-02,10.6,0,-0.042476278515568594,0.007045805385220361,0.056464788892591274,0.15519035110623372,0.40116116239562666,0.10610260664781807,-0.1396197139684772
1981-06-03,9.8,1,0.0066301805297144245,0.05618439834932394,0.1547723334337286,0.40106584651106614,0.10609505233463598,-0.13978768756780754,-0.3363614918884815
1981-06-04,11.2,0,0.05573663957499788,0.15446158427753068,0.4005411947865717,0.10601525202526697,-0.13979337271618936,-0.3364999229403078,0.007936619471526173
1981-06-05,5.7,0,0.15394955766556434,0.40015454909804726,0.10561856116315971,-0.13986024337956546,-0.3365041127568494,0.0077464889615677275,-1.3446631037285053
1981-06-06,7.1,0,0.3994818528919803,0.1053229913134271,-0.14015030018968339,-0.33656063970343114,0.007739682314305756,-1.3446501292243729,-1.0003649923684974
1981-06-07,2.5,0,0.10484309862028089,-0.14036997350708952,-0.3367653892719576,0.007665053863333917,-1.3446466554652334,-1.000403717322497,-2.131630215408524
1981-06-08,3.5,0,-0.14068919660613508,-0.3369243453635025,0.007311016622022392,-1.3446501708632443,-1.000402860394078,-2.131499070714375,-1.8857029930085178
1981-06-09,4.6,0,-0.33711503278726757,0.007045805385220361,-1.3444177208186143,-1.000424477296479,-2.1314896156278746,-1.8856087764987493,-1.6151830483685117
1981-06-10,11.0,0,0.0066301805297144245,-1.3442655011276208,-1.000341314924634,-2.1314517561587083,-1.8856011905770491,-1.6151294528615612,-0.0412488250084748
1981-06-11,5.7,0,-1.343797443215573,-1.0002953503788976,-2.1308780771477123,-1.8855762607538757,-1.6151239230211414,-0.041431569881557224,-1.3446631037285053
1981-06-12,7.7,0,-1.000052229898591,-2.130482988553274,-1.8851092157948692,-1.6151132158085602,-0.041438002695859136,-1.3446501292243729,-0.8528086589284938
1981-06-13,10.4,1,-2.1295007879401044,-1.8847900237327573,-1.614763468306742,-0.041510045217632394,-1.3446466554652334,-0.8528695407931217,-0.18880515844847817
1981-06-14,11.4,0,-1.8839684927136884,-1.6145277624301893,-0.04184275564854605,-1.3446501708632443,-0.8528698053635827,-0.1889657464109325,0.05712206395152759
1981-06-15,9.2,0,-1.613882967964631,-0.04209278757888279,-1.3444177208186143,-0.8528991800535793,-0.18897105772635425,0.05692454780469311,-0.4839178253284853
1981-06-16,6.1,0,-0.042476278515568594,-1.3442655011276208,-0.8528799981129281,-0.18903534246053177,0.056917367324471085,-0.4840340994696835,-1.2462922147685032
1981-06-17,2.7,0,-1.343797443215573,-0.8528795714865876,-0.18930407246025183,0.05684015294430066,-0.48403716778734496,-1.246294011538123,-2.082444770928522
1981-06-18,4.3,0,-0.8527328527627412,-0.18950856647119266,0.056464788892591274,-0.48408593694633095,-1.2462912854449033,-2.0823210118712496,-1.6889612150885134
1981-06-19,6.3,0,-0.1897956556514181,0.05618439834932394,-0.4842267060836638,-1.2462999727013113,-2.08231193061771,-1.6888965411262489,-1.1971067702885019
1981-06-20,3.8,0,0.05573663957499788,-0.48434012425581285,-1.2461101762774773,-2.082276657077742,-1.688890450536389,-1.1971159526949977,-1.8119248262885161
1981-06-21,4.4,0,-0.4844344099231175,-1.2459883151994142,-2.0817243048771434,-1.6888758644300097,-1.1971136004347382,-1.8118416882340618,-1.6643684928485127
1981-06-22,7.1,0,-1.2455845251250068,-2.0813443955891704,-1.6884941267125948,-1.1971248736203448,-1.8118346630618016,-1.6643075117046862,-1.0003649923684974
1981-06-23,4.8,0,-2.0803943288948212,-1.6882356518763442,-1.1969564040069085,-1.811813612132426,-1.6643016080313062,-1.000403717322497,-1.5659976038885104
1981-06-24,5.8,0,-1.6875426565325555,-1.196849722235311,-1.8113785573890164,-1.6642883148895264,-1.000402860394078,-1.565951394018436,-1.3200703814885046
1981-06-25,6.2,0,-1.1964780660797236,-1.8110821342866024,-1.6639172405773104,-1.000424477296479,-1.5659462380109763,-1.3200610998028104,-1.2216994925285023
1981-06-26,7.3,0,-1.8103088041457636,-1.6636663553942923,-1.000341314924634,-1.5659381167275936,-1.320057812960151,-1.2217049821165602,-0.9511795478884961
1981-06-27,9.2,0,-1.662989427009914,-1.0002953503788976,-1.5656096960361732,-1.320062621322761,-1.2217024429398207,-0.951225658479372,-0.4839178253284853
1981-06-28,10.2,0,-1.000052229898591,-1.5653891694660858,-1.3198408346833301,-1.221712423160828,-0.9512251753839129,-0.4840340994696835,-0.23799060292847957
1981-06-29,9.5,0,-1.5647765089193475,-1.3196962046455691,-1.221533290142193,-0.9512493782155125,-0.48403716778734496,-0.2381438052540579,-0.41013965860848345
1981-06-30,9.5,0,-1.3192442136929317,-1.2214190187173624,-0.9511875426540655,-0.48408593694633095,-0.2381487427365196,-0.41026701120499565,-0.41013965860848345
1981-07-01,10.7,0,-1.2210312956023652,-0.9511567574147943,-0.4842267060836638,-0.2382104415414985,-0.41027064027209714,-0.41026701120499565,-0.1150269917284767
1981-07-02,10.0,0,-0.9509457708533077,-0.48434012425581285,-0.23845784473082068,-0.410323288324881,-0.41027064027209714,-0.11519865814624508,-0.2871760474084806
1981-07-03,6.5,0,-0.4844344099231175,-0.23864715943529624,-0.41049604767781067,-0.410323288324881,-0.11520453021110692,-0.28732186409718286,-1.1479213258085006
1981-07-04,7.0,0,-0.23890211469670153,-0.4106322348096577,-0.41049604767781067,-0.1152726938390823,-0.2873264277466845,-1.1479378938518725,-1.0249577146084978
1981-07-05,7.4,0,-0.41077472135519255,-0.4106322348096577,-0.11557341405439915,-0.28738554062246485,-1.1479359154245732,-1.0249927467440596,-0.9265868256484954
1981-07-06,8.1,0,-0.41077472135519255,-0.11580067702503795,-0.28761161700138915,-1.1479497745393783,-1.0249917028991604,-0.9266366290578093,-0.7544377699684915
1981-07-07,6.6,0,-0.11613596708349355,-0.2877857523993994,-1.14780263173634,-1.0250120268369622,-0.9266363328788303,-0.7545134231068716,-1.1233286035685002
1981-07-08,8.3,0,-0.2880085737419846,-1.1477111292712074,-1.0249182010599185,-0.9266618286750291,-0.7545144353432527,-1.12334886443031,-0.7052523254884902
1981-07-09,8.9,0,-1.1473716070344404,-1.0248646468609492,-0.926610656518781,-0.7545489818916465,-1.1233470729194908,-0.7053353642637462,-0.5576959920484867
1981-07-10,4.6,0,-1.0246054594212324,-0.9265874609327425,-0.754572453571791,-1.1233622249988953,-0.7053367503330874,-0.5578011877343709,-1.6151830483685117
1981-07-11,6.8,0,-0.926392541330666,-0.754602385558381,-1.1232257456010557,-0.7053738828106798,-0.5578036953025923,-1.6151294528615612,-1.0741431590884989
1981-07-12,5.7,0,-0.7545199346721749,-1.123141832789156,-0.7054186813012222,-0.5578485855677804,-1.6151239230211414,-1.0741708055871848,-1.3446631037285053
1981-07-13,6.1,0,-1.1228183775117988,-0.7054637925942775,-0.5579573644895165,-1.6151132158085602,-1.0741693879093257,-1.3446501292243729,-1.2462922147685032
1981-07-14,7.0,0,-0.7054134756268915,-0.5580480137019675,-1.614763468306742,-1.0741871259179288,-1.3446466554652334,-1.246294011538123,-1.0249577146084978
1981-07-15,7.2,0,-0.558094098491042,-1.6145277624301893,-1.074071973330487,-1.3446501708632443,-1.2462912854449033,-1.0249927467440596,-0.9757722701284967
1981-07-16,6.3,0,-1.613882967964631,-1.0740032398250525,-1.3444177208186143,-1.2462999727013113,-1.0249917028991604,-0.9758146879009345,-1.1971067702885019
1981-07-17,8.8,0,-1.0737119184665156,-1.3442655011276208,-1.2461101762774773,-1.0250120268369622,-0.9758140178889954,-1.1971159526949977,-0.5822887142884873
1981-07-18,5.0,0,-1.343797443215573,-1.2459883151994142,-1.0249182010599185,-0.9758369277559956,-1.1971136004347382,-0.5823902171559334,-1.5168121594085093
1981-07-19,7.4,0,-1.2455845251250068,-1.0248646468609492,-0.9757644287893498,-1.1971248736203448,-0.5823925378076747,-1.516773335175311,-0.9265868256484954
1981-07-20,10.1,1,-1.0246054594212324,-0.9757260538968459,-1.1969564040069085,-0.5824361351082635,-1.5167685530008113,-0.9266366290578093,-0.26258332516848004
1981-07-21,12.0,0,-0.9754990003759492,-1.196849722235311,-0.5825342506248007,-1.516763017646627,-0.9266363328788303,-0.26273283467562036,0.20467839739153096
1981-07-22,9.0,0,-1.1964780660797236,-0.5826173101840192,-1.5164559237656046,-0.9266618286750291,-0.262737585241602,0.2044587243340684,-0.5331032698084863
1981-07-23,8.9,0,-0.5826473280136836,-1.5162505765019825,-0.926610656518781,-0.26279799108198165,0.20445042235496622,-0.5332121583128084,-0.5576959920484867
1981-07-24,9.8,0,-1.5156700498740643,-0.9265874609327425,-0.2630347308661049,0.20436545018720004,-0.5332148527975098,-0.5578011877343709,-0.3363614918884815
1981-07-25,9.0,0,-0.926392541330666,-0.2632164559173478,0.20392610570429703,-0.5332610360272972,-0.5578036953025923,-0.3364999229403078,-0.5331032698084863
1981-07-26,9.2,0,-0.263455344219343,0.20360017724163382,-0.5333804783542322,-0.5578485855677804,-0.3365041127568494,-0.5332121583128084,-0.4839178253284853
1981-07-27,7.7,0,0.20305601671084736,-0.533478717219916,-0.5579573644895165,-0.33656063970343114,-0.5332148527975098,-0.4840340994696835,-0.8528086589284938
1981-07-28,8.0,0,-0.5335408689684005,-0.5580480137019675,-0.3367653892719576,-0.5332610360272972,-0.48403716778734496,-0.8528695407931217,-0.7790304922084921
1981-07-29,6.1,0,-0.558094098491042,-0.3369243453635025,-0.5333804783542322,-0.48408593694633095,-0.8528698053635827,-0.779102452528434,-1.2462922147685032
1981-07-30,3.5,0,-0.33711503278726757,-0.533478717219916,-0.4842267060836638,-0.8528991800535793,-0.7791032778483352,-1.246294011538123,-1.8857029930085178
1981-07-31,3.2,0,-0.5335408689684005,-0.48434012425581285,-0.8528799981129281,-0.7791365314321297,-1.2462912854449033,-1.8856087764987493,-1.9594811597285196
1981-08-01,5.7,0,-0.4844344099231175,-0.8528795714865876,-0.7791493397070753,-1.2462999727013113,-1.8856011905770491,-1.959375864763437,-1.3446631037285053
1981-08-02,7.7,0,-0.8527328527627412,-0.7791716820404326,-1.2461101762774773,-1.8855762607538757,-1.9593677180922968,-1.3446501292243729,-0.8528086589284938
1981-08-03,9.0,0,-0.7790731641948164,-1.2459883151994142,-1.8851092157948692,-1.9593389093753253,-1.3446466554652334,-0.8528695407931217,-0.5331032698084863
1981-08-04,10.0,0,-1.2455845251250068,-1.8847900237327573,-1.958839874200722,-1.3446501708632443,-0.8528698053635827,-0.5332121583128084,-0.2871760474084806
1981-08-05,6.2,0,-1.8839684927136884,-1.9584979131789122,-1.3444177208186143,-0.8528991800535793,-0.5332148527975098,-0.28732186409718286,-1.2216994925285023
1981-08-06,6.9,0,-1.957628181281613,-1.3442655011276208,-0.8528799981129281,-0.5332610360272972,-0.2873264277466845,-1.2217049821165602,-1.0495504368484982
1981-08-07,6.5,0,-1.343797443215573,-0.8528795714865876,-0.5333804783542322,-0.28738554062246485,-1.2217024429398207,-1.049581776165622,-1.1479213258085006
1981-08-08,6.8,0,-0.8527328527627412,-0.533478717219916,-0.28761161700138915,-1.221712423160828,-1.049580545404243,-1.1479378938518725,-1.0741431590884989
1981-08-09,7.0,0,-0.5335408689684005,-0.2877857523993994,-1.221533290142193,-1.0495995763774453,-1.1479359154245732,-1.0741708055871848,-1.0249577146084978
1981-08-10,5.2,0,-0.2880085737419846,-1.2214190187173624,-1.0494950871952027,-1.1479497745393783,-1.0741693879093257,-1.0249927467440596,-1.467626714928508
1981-08-11,3.0,0,-1.2210312956023652,-1.0494339433430009,-1.14780263173634,-1.0741871259179288,-1.0249917028991604,-1.4675952763321858,-2.008666604208521
1981-08-12,5.6,0,-1.049158688943874,-1.1477111292712074,-1.074071973330487,-1.0250120268369622,-1.4675908679906462,-2.008553923606562,-1.369255825968506
1981-08-13,7.9,0,-1.1473716070344404,-1.0740032398250525,-1.0249182010599185,-1.4675879185656604,-2.008545403102462,-1.3692391586459356,-0.8036232144484925
1981-08-14,9.0,0,-1.0737119184665156,-1.0248646468609492,-1.467302151495036,-2.008514008456292,-1.369235497970316,-0.8036914819499965,-0.5331032698084863
1981-08-15,8.6,0,-1.0246054594212324,-1.467111983537879,-2.0079936464712906,-1.3692377204037276,-0.8036921203534176,-0.5332121583128084,-0.6314741587684887
1981-08-16,10.3,0,-1.466563590828781,-2.0076365061430157,-1.3689946069538987,-0.8037240809726128,-0.5332148527975098,-0.6315682759990587,-0.21339788068847865
1981-08-17,10.5,0,-2.006734640326896,-1.3688347976096726,-0.8037262258423595,-0.5332610360272972,-0.63157022281784,-0.21355477583249496,-0.16421243620847767
1981-08-18,7.6,0,-1.3683506727382149,-0.8037409785224842,-0.5333804783542322,-0.6316112341892304,-0.2135599002314367,-0.16437671698937004,-0.8774013811684944
1981-08-19,9.7,1,-0.803626393717458,-0.533478717219916,-0.6316880228953695,-0.21362289200101492,-0.1643822152212718,-0.8774585702146844,-0.36095421412848244
1981-08-20,12.5,0,-0.5335408689684005,-0.6317559031481227,-0.21388095859553605,-0.1644477929200486,-0.8774586478686653,-0.3610889523618707,0.3276420085915338
1981-08-21,7.4,0,-0.631753787058967,-0.21407786295324424,-0.1647271863249676,-0.8774867295940627,-0.36109295526193225,0.3274038714418812,-0.9265868256484954
1981-08-22,7.9,0,-0.2143488851740596,-0.1649392699891411,-0.8774568842482127,-0.36114818924391473,0.3273946348803789,-0.9266366290578093,-0.8036232144484925
1981-08-23,3.9,0,-0.16524242612877657,-0.8774488679686393,-0.36134227540724223,0.32730319788961626,-0.9266363328788303,-0.8036914819499965,-1.7873321040485155
1981-08-24,6.6,0,-0.877286082285383,-0.36149364184555455,0.3268105363807186,-0.9266618286750291,-0.8036921203534176,-1.787252658812499,-1.1233286035685002
1981-08-25,4.6,0,-0.3616682623099095,0.3264466596518921,-0.926610656518781,-0.8037240809726128,-1.787245820556719,-1.12334886443031,-1.6151830483685117
1981-08-26,7.0,0,0.32582216432405536,-0.9265874609327425,-0.8037262258423595,-1.7872260625919425,-1.1233470729194908,-1.6151294528615612,-1.0249577146084978
1981-08-27,6.0,0,-0.926392541330666,-0.8037409785224842,-1.7868016712537318,-1.1233622249988953,-1.6151239230211414,-1.0249927467440596,-1.2708849370085036
1981-08-28,5.5,0,-0.803626393717458,-1.7865128378045507,-1.1232257456010557,-1.6151132158085602,-1.0249917028991604,-1.2708830409596852,-1.3938485482085063
1981-08-29,8.1,0,-1.7857555746231217,-1.123141832789156,-1.614763468306742,-1.0250120268369622,-1.270880127949986,-1.393828188067498,-0.7544377699684915
1981-08-30,5.5,0,-1.1228183775117988,-1.6145277624301893,-1.0249182010599185,-1.2708875222417946,-1.3938243404753985,-0.7545134231068716,-1.3938485482085063
1981-08-31,6.2,0,-1.613882967964631,-1.0248646468609492,-1.2706870624127615,-1.3938252699442109,-0.7545144353432527,-1.393828188067498,-1.2216994925285023
1981-09-01,8.0,0,-1.0246054594212324,-1.2705576116814659,-1.393571493089183,-0.7545489818916465,-1.3938243404753985,-1.2217049821165602,-0.7790304922084921
1981-09-02,10.3,0,-1.2701377546476484,-1.393404094091724,-0.754572453571791,-1.3938252699442109,-1.2217024429398207,-0.779102452528434,-0.21339788068847865
1981-09-03,9.8,0,-1.3929039022608565,-0.754602385558381,-1.393571493089183,-1.221712423160828,-0.7791032778483352,-0.21355477583249496,-0.3363614918884815
1981-09-04,9.6,0,-0.7545199346721749,-1.393404094091724,-1.221533290142193,-0.7791365314321297,-0.2135599002314367,-0.3364999229403078,-0.3855469363684829
1981-09-05,8.5,0,-1.3929039022608565,-1.2214190187173624,-0.7791493397070753,-0.21362289200101492,-0.3365041127568494,-0.38567798178343315,-0.6560668810084892
1981-09-06,7.5,1,-1.2210312956023652,-0.7791716820404326,-0.21388095859553605,-0.33656063970343114,-0.3856817977670147,-0.6561573054206212,-0.901994103408495
1981-09-07,11.2,1,-0.7790731641948164,-0.21407786295324424,-0.3367653892719576,-0.3857357387843979,-0.6561590653229225,-0.9020475996362469,0.007936619471526173
1981-09-08,14.6,1,-0.2143488851740596,-0.3369243453635025,-0.3859191615425265,-0.6561987837297135,-0.9020474903737479,0.0077464889615677275,0.8440891756315458
1981-09-09,11.7,0,-0.33711503278726757,-0.38606293832760613,-0.6562649090306538,-0.902074279134546,0.007739682314305756,0.8437734892946949,0.13090023067152906
1981-09-10,7.8,1,-0.386221491832551,-0.6563251996301743,-0.9020337703834969,0.007665053863333917,0.843760327487112,0.13069163606938053,-0.8282159366884932
1981-09-11,12.3,0,-0.6563070165816085,-0.9020181644506909,0.007311016622022392,0.8436417382397643,0.13068389483971843,-0.8282805113715592,0.27845656411153286
1981-09-12,10.1,1,-0.9018393118080245,0.007045805385220361,0.8429251452216889,0.13060280156575013,-0.8282809628585003,0.27822581259875623,-0.26258332516848004
1981-09-13,11.5,0,0.0066301805297144245,0.8424018857749769,0.13019544729844393,-0.8283116305130962,0.278216949870214,-0.26273283467562036,0.08171478619152807
1981-09-14,7.3,0,0.8414399842995288,0.12989228779547868,-0.828303111977644,0.27812809880864997,-0.262737585241602,0.08151357722625559,-0.9511795478884961
1981-09-15,10.9,1,0.1293963281429224,-0.828310275004536,0.2776567641101501,-0.26279799108198165,0.08150620982955353,-0.951225658479372,-0.0658415472484753
1981-09-16,14.1,0,-0.8281796232400997,0.27730806668778896,-0.2630347308661049,0.08142770248478383,-0.9512251753839129,-0.0660205993031197,0.721125564431543
1981-09-17,10.7,1,0.2767157052787723,-0.2632164559173478,0.08104167502787549,-0.9512493782155125,-0.06602684520094158,0.7208283421868821,-0.1150269917284767
1981-09-18,16.9,0,-0.263455344219343,0.08075369483137552,-0.9511875426540655,-0.06609759475811555,0.7208161149616994,-0.11519865814624508,1.4097217871515588
1981-09-19,10.5,0,0.08028986909763938,-0.9511567574147943,-0.06641964178383027,0.720703990537348,-0.11520453021110692,1.4093211659906335,-0.16421243620847767
1981-09-20,6.5,0,-0.9509457708533077,-0.06666208406093437,0.7200407145452674,-0.1152726938390823,1.40930370510401,-0.16437671698937004,-1.1479213258085006
1981-09-21,11.0,0,-0.0670295080382101,0.7195554033647186,-0.11557341405439915,1.4091553776708787,-0.1643822152212718,-1.1479378938518725,-0.0412488250084748
1981-09-22,6.3,0,0.7186738366863208,-0.11580067702503795,1.408193526333228,-0.1644477929200486,-1.1479359154245732,-0.041431569881557224,-1.1971067702885019
1981-09-23,10.5,0,-0.11613596708349355,1.4074957048621648,-0.1647271863249676,-1.1479497745393783,-0.041438002695859136,-1.1971159526949977,-0.16421243620847767
1981-09-24,7.2,0,1.4061642633202853,-0.1649392699891411,-1.14780263173634,-0.041510045217632394,-1.1971136004347382,-0.16437671698937004,-0.9757722701284967
1981-09-25,7.6,0,-0.16524242612877657,-1.1477111292712074,-0.04184275564854605,-1.1971248736203448,-0.1643822152212718,-0.9758146879009345,-0.8774013811684944
1981-09-26,10.7,0,-1.1473716070344404,-0.04209278757888279,-1.1969564040069085,-0.1644477929200486,-0.9758140178889954,-0.8774585702146844,-0.1150269917284767
1981-09-27,7.8,0,-0.042476278515568594,-1.196849722235311,-0.1647271863249676,-0.9758369277559956,-0.8774586478686653,-0.11519865814624508,-0.8282159366884932
1981-09-28,9.6,1,-1.1964780660797236,-0.1649392699891411,-0.9757644287893498,-0.8774867295940627,-0.11520453021110692,-0.8282805113715592,-0.3855469363684829
1981-09-29,11.4,1,-0.16524242612877657,-0.9757260538968459,-0.8774568842482127,-0.1152726938390823,-0.8282809628585003,-0.38567798178343315,0.05712206395152759
1981-09-30,12.4,0,-0.9754990003759492,-0.8774488679686393,-0.11557341405439915,-0.8283116305130962,-0.3856817977670147,0.05692454780469311,0.30304928635153333
1981-10-01,8.9,1,-0.877286082285383,-0.11580067702503795,-0.828303111977644,-0.3857357387843979,0.056917367324471085,0.3028148420203187,-0.5576959920484867
1981-10-02,13.2,0,-0.11613596708349355,-0.828310275004536,-0.3859191615425265,0.05684015294430066,0.3028057923752964,-0.5578011877343709,0.4997910642715377
1981-10-03,8.6,0,-0.8281796232400997,-0.38606293832760613,0.056464788892591274,0.3027156483491331,-0.5578036953025923,0.49952707739281893,-0.6314741587684887
1981-10-04,6.2,1,-0.386221491832551,0.05618439834932394,0.30223365024543436,-0.5578485855677804,0.49951653241595645,-0.6315682759990587,-1.2216994925285023
1981-10-05,11.4,1,0.05573663957499788,0.30187736316984054,-0.5579573644895165,0.49941604467299877,-0.63157022281784,-1.2217049821165602,0.05712206395152759
1981-10-06,13.2,1,0.3012689348014138,-0.5580480137019675,0.49884873932770857,-0.6316112341892304,-1.2217024429398207,0.05692454780469311,0.4997910642715377
1981-10-07,14.3,0,-0.558094098491042,0.4984317350262536,-0.6316880228953695,-1.221712423160828,0.056917367324471085,0.49952707739281893,0.7703110089115444
1981-10-08,7.3,1,0.49769477098254633,-0.6317559031481227,-1.221533290142193,0.05684015294430066,0.49951653241595645,0.7700064010300075,-0.9511795478884961
1981-10-09,12.9,0,-0.631753787058967,-1.2214190187173624,0.056464788892591274,0.49941604467299877,0.7699937999718647,-0.951225658479372,0.4260128975515362
1981-10-10,7.8,0,-1.2210312956023652,0.05618439834932394,0.49884873932770857,0.7698790896183149,-0.9512251753839129,0.4257599891281315,-0.8282159366884932
1981-10-11,6.2,0,0.05573663957499788,0.4984317350262536,0.7691944868158364,-0.9512493782155125,0.4257500049007091,-0.8282805113715592,-1.2216994925285023
1981-10-12,5.6,0,0.49769477098254633,0.7686939963288222,-0.9511875426540655,0.42565339605154934,-0.8282809628585003,-1.2217049821165602,-1.369255825968506
1981-10-13,10.0,1,0.7677802957316042,-0.9511567574147943,0.4251180809218559,-0.8283116305130962,-1.2217024429398207,-1.3692391586459356,-0.2871760474084806
1981-10-14,13.3,0,-0.9509457708533077,0.42472384558009885,-0.828303111977644,-1.221712423160828,-1.369235497970316,-0.28732186409718286,0.5243837865115386
1981-10-15,8.3,0,0.42403508241462184,-0.828310275004536,-1.221533290142193,-1.3692377204037276,-0.2873264277466845,0.5241161068143819,-0.7052523254884902
1981-10-16,10.2,0,-0.8281796232400997,-1.2214190187173624,-1.3689946069538987,-0.28738554062246485,0.5241053749210394,-0.7053353642637462,-0.23799060292847957
1981-10-17,8.6,0,-1.2210312956023652,-1.3688347976096726,-0.28761161700138915,0.5240035942134824,-0.7053367503330874,-0.2381438052540579,-0.6314741587684887
1981-10-18,7.3,0,-1.3683506727382149,-0.2877857523993994,0.5234256254629932,-0.7053738828106798,-0.2381487427365196,-0.6315682759990587,-0.9511795478884961
1981-10-19,10.4,1,-0.2880085737419846,0.5230010315083056,-0.7054186813012222,-0.2382104415414985,-0.63157022281784,-0.951225658479372,-0.18880515844847817
1981-10-20,11.2,1,0.5222480005051883,-0.7054637925942775,-0.23845784473082068,-0.6316112341892304,-0.9512251753839129,-0.1889657464109325,0.007936619471526173
1981-10-21,13.2,1,-0.7054134756268915,-0.23864715943529624,-0.6316880228953695,-0.9512493782155125,-0.18897105772635425,0.0077464889615677275,0.4997910642715377
1981-10-22,11.4,0,-0.23890211469670153,-0.6317559031481227,-0.9511875426540655,-0.18903534246053177,0.007739682314305756,0.49952707739281893,0.05712206395152759
1981-10-23,9.1,0,-0.631753787058967,-0.9511567574147943,-0.18930407246025183,0.007665053863333917,0.49951653241595645,0.05692454780469311,-0.5085105475684858
1981-10-24,6.6,0,-0.9509457708533077,-0.18950856647119266,0.007311016622022392,0.49941604467299877,0.056917367324471085,-0.508623128891246,-1.1233286035685002
1981-10-25,8.4,0,-0.1897956556514181,0.007045805385220361,0.49884873932770857,0.05684015294430066,-0.5086260102924274,-1.12334886443031,-0.6806596032484896
1981-10-26,9.7,1,0.0066301805297144245,0.4984317350262536,0.056464788892591274,-0.5086734864868141,-1.1233470729194908,-0.6807463348421837,-0.36095421412848244
1981-10-27,13.2,1,0.49769477098254633,0.05618439834932394,-0.508803592218948,-1.1233622249988953,-0.680747907828005,-0.3610889523618707,0.4997910642715377
1981-10-28,12.5,0,0.05573663957499788,-0.5089094207378644,-1.1232257456010557,-0.6807863332701967,-0.36109295526193225,0.49952707739281893,0.3276420085915338
1981-10-29,11.0,0,-0.508987639445759,-1.123141832789156,-0.680841795165938,-0.36114818924391473,0.49951653241595645,0.3274038714418812,-0.0412488250084748
1981-10-30,11.0,1,-1.1228183775117988,-0.6808944961122259,-0.36134227540724223,0.49941604467299877,0.3273946348803789,-0.041431569881557224,-0.0412488250084748
1981-10-31,11.7,0,-0.68086024610425,-0.36149364184555455,0.49884873932770857,0.32730319788961626,-0.041438002695859136,-0.041431569881557224,0.13090023067152906
1981-11-01,9.2,1,-0.3616682623099095,0.4984317350262536,0.3268105363807186,-0.041510045217632394,-0.041438002695859136,0.13069163606938053,-0.4839178253284853
1981-11-02,11.5,1,0.49769477098254633,0.3264466596518921,-0.04184275564854605,-0.041510045217632394,0.13068389483971843,-0.4840340994696835,0.08171478619152807
1981-11-03,13.6,1,0.32582216432405536,-0.04209278757888279,-0.04184275564854605,0.13060280156575013,-0.48403716778734496,0.08151357722625559,0.5981619532315401
1981-11-04,13.7,0,-0.042476278515568594,-0.04209278757888279,0.13019544729844393,-0.48408593694633095,0.08150620982955353,0.5978831950790693,0.6227546754715405
1981-11-05,10.4,1,-0.042476278515568594,0.12989228779547868,-0.4842267060836638,0.08142770248478383,0.5978719024362866,0.6224722245006318,-0.18880515844847817
1981-11-06,11.5,0,0.1293963281429224,-0.48434012425581285,0.08104167502787549,0.5977662428349318,0.6224607449413692,-0.1889657464109325,0.08171478619152807
1981-11-07,7.6,0,-0.4844344099231175,0.08075369483137552,0.5971562838688459,0.622353792375415,-0.18897105772635425,0.08151357722625559,-0.8774013811684944
1981-11-08,9.6,1,0.08028986909763938,0.5967089209544603,0.6217331700041301,-0.18903534246053177,0.08150620982955353,-0.8774585702146844,-0.3855469363684829
1981-11-09,14.2,1,0.5959076890731129,0.6212782174365119,-0.18930407246025183,0.08142770248478383,-0.8774586478686653,-0.38567798178343315,0.7457182866715434
1981-11-10,15.7,0,0.6204609185957544,-0.18950856647119266,0.08104167502787549,-0.8774867295940627,-0.3856817977670147,0.7454173716084446,1.114609120271552
1981-11-11,10.5,0,-0.1897956556514181,0.08075369483137552,-0.8774568842482127,-0.3857357387843979,0.7454049574667818,1.114252812931883,-0.16421243620847767
1981-11-12,10.5,0,0.08028986909763938,-0.8774488679686393,-0.3859191615425265,0.7452915400778313,1.11423759504302,-0.16437671698937004,-0.16421243620847767
1981-11-13,9.7,0,-0.877286082285383,-0.38606293832760613,0.7446176006805516,1.1141047831850799,-0.1643822152212718,-0.16437671698937004,-0.36095421412848244
1981-11-14,9.5,1,-0.386221491832551,0.7441246998467702,1.1132708927098163,-0.1644477929200486,-0.1643822152212718,-0.3610889523618707,-0.41013965860848345
1981-11-15,11.3,0,0.7432270662089623,1.1126641470775451,-0.1647271863249676,-0.1644477929200486,-0.36109295526193225,-0.41026701120499565,0.0325293417115271
1981-11-16,8.9,0,1.1115255090485863,-0.1649392699891411,-0.1647271863249676,-0.36114818924391473,-0.41027064027209714,0.03233551838313064,-0.5576959920484867
1981-11-17,9.4,1,-0.16524242612877657,-0.1649392699891411,-0.36134227540724223,-0.410323288324881,0.03232852481938864,-0.5578011877343709,-0.4347323808484839
1981-11-18,11.9,1,-0.16524242612877657,-0.36149364184555455,-0.41049604767781067,0.03225260340381751,-0.5578036953025923,-0.43485604062655814,0.18008567515153046
1981-11-19,11.7,1,-0.3616682623099095,-0.4106322348096577,0.03188790275730705,-0.5578485855677804,-0.4348594827771796,0.17986969491250593,0.13090023067152906
1981-11-20,13.4,1,-0.41077472135519255,0.03161510186727237,-0.5579573644895165,-0.4349108378653642,0.17986157984988377,0.13069163606938053,0.5489765087515391
1981-11-21,12.6,0,0.03118341005235637,-0.5580480137019675,-0.4350729338130949,0.1797779006467169,0.13068389483971843,0.5487051362359443,0.35223473083153434
1981-11-22,10.1,1,-0.558094098491042,-0.4352015312917093,0.1793492195690128,0.13060280156575013,0.5486942174261218,0.3519929008634437,-0.26258332516848004
1981-11-23,15.8,1,-0.43532795087783405,0.17903088075958226,0.13019544729844393,0.5485911437539656,0.3519834773854613,-0.26273283467562036,1.1392018425115529
1981-11-24,13.6,1,0.17850278718820586,0.12989228779547868,0.5480025115982774,0.3518907474300994,-0.262737585241602,1.1388418423534459,0.5981619532315401
1981-11-25,11.9,0,0.1293963281429224,0.5475703279903572,0.3513874225160028,-0.26279799108198165,1.1388264375481028,0.5978831950790693,0.18008567515153046
1981-11-26,9.9,1,0.5468012300278298,0.3510159561339437,-0.2630347308661049,1.1386923327255634,0.5978719024362866,0.17986969491250593,-0.31176876964848105
1981-11-27,12.6,1,0.35037539384669686,-0.2632164559173478,1.137847778845101,0.5977662428349318,0.17986157984988377,-0.3119108935187453,0.35223473083153434
1981-11-28,17.8,1,-0.263455344219343,1.1372334435595972,0.5971562838688459,0.1797779006467169,-0.3119152702517669,0.3519929008634437,1.6310562873115644
1981-11-29,15.0,1,1.136078738571228,0.5967089209544603,0.1793492195690128,-0.311973090162948,0.3519834773854613,1.630622430784697,0.9424600645915482
1981-11-30,13.6,1,0.5959076890731129,0.17903088075958226,-0.31218850313667335,0.3518907474300994,1.6306032876497534,0.9421296069809453,0.5981619532315401
1981-12-01,13.4,0,0.17850278718820586,-0.312355048881451,0.3513874225160028,1.6304433235352283,0.9421156975074423,0.5978831950790693,0.5489765087515391
1981-12-02,10.5,1,-0.31256180326462607,0.3510159561339437,1.6293855015507872,0.9419919364016973,0.5978719024362866,0.5487051362359443,-0.16421243620847767
1981-12-03,14.2,1,0.35037539384669686,1.6286193732006302,0.9412326897628263,0.5977662428349318,0.5486942174261218,-0.16437671698937004,0.7457182866715434
1981-12-04,11.5,1,1.62714332902406,0.9406790717031837,0.5971562838688459,0.5485911437539656,-0.1643822152212718,0.7454173716084446,0.08171478619152807
1981-12-05,13.0,1,0.9396529023900952,0.5967089209544603,0.5480025115982774,-0.1644477929200486,0.7454049574667818,0.08151357722625559,0.4506056197915367
1981-12-06,15.0,1,0.5959076890731129,0.5475703279903572,-0.1647271863249676,0.7452915400778313,0.08150620982955353,0.450349018549694,0.9424600645915482
1981-12-07,14.7,1,0.5468012300278298,-0.1649392699891411,0.7446176006805516,0.08142770248478383,0.45033884740579155,0.9421296069809453,0.8686818978715463
1981-12-08,12.6,1,-0.16524242612877657,0.7441246998467702,0.08104167502787549,0.4502409455920325,0.9421156975074423,0.8683625187162574,0.35223473083153434
1981-12-09,12.5,1,0.7432270662089623,0.08075369483137552,0.4496949670571401,0.9419919364016973,0.8683491699921945,0.3519929008634437,0.3276420085915338
1981-12-10,13.5,1,0.08028986909763938,0.44929314206215043,0.9412326897628263,0.8682292877802474,0.3519834773854613,0.3274038714418812,0.5735692309915396
1981-12-11,14.8,1,0.44858831193726334,0.9406790717031837,0.8675020313569732,0.3518907474300994,0.3273946348803789,0.5732941656575068,0.8932746201115472
1981-12-12,17.2,0,0.9396529023900952,0.8669711822570285,0.3513874225160028,0.32730319788961626,0.5732830599312042,0.8929515481378203,1.4834999538715608
1981-12-13,9.7,1,0.8659932138221703,0.3510159561339437,0.3268105363807186,0.5731786932944487,0.8929380124972773,1.4830882542553214,-0.36095421412848244
1981-12-14,12.1,1,0.35037539384669686,0.3264466596518921,0.5725793977335617,0.892816837320731,1.4830702326192577,-0.3610889523618707,0.22927111963153143
1981-12-15,12.8,1,0.32582216432405536,0.5721396244724087,0.8920789174922579,1.4829180262923285,-0.36109295526193225,0.22904775375563086,0.40142017531153573
1981-12-16,11.2,1,0.5713544595504713,0.8915404787390805,1.481924184739081,-0.36114818924391473,0.22903926486004866,0.4011709597065691,0.007936619471526173
1981-12-17,16.4,1,0.8905464433448123,1.48120359430832,-0.36134227540724223,0.2289529997276832,0.40116116239562666,0.0077464889615677275,1.2867581759515558
1981-12-18,15.6,1,1.4798239518882101,-0.36149364184555455,0.22850299183958125,0.40106584651106614,0.007739682314305756,1.2863760188828208,1.0900163980315516
1981-12-19,13.3,0,-0.3616682623099095,0.2281694737236854,0.4005411947865717,0.007665053863333917,1.2863594925785973,1.0896637835103204,0.5243837865115386
1981-12-20,11.0,0,0.22760924623348888,0.40015454909804726,0.007311016622022392,1.2862176299684625,1.0896487525379372,0.5241161068143819,-0.0412488250084748
1981-12-21,11.1,1,0.3994818528919803,0.007045805385220361,1.2853090956568063,1.0895172336445966,0.5241053749210394,-0.041431569881557224,-0.016656102768474314
1981-12-22,15.0,1,0.0066301805297144245,1.2846492224519066,1.088694006574532,0.5240035942134824,-0.041438002695859136,-0.016842540459994747,0.9424600645915482
1981-12-23,12.8,1,1.2833981157070773,1.0880948505954935,0.5234256254629932,-0.041510045217632394,-0.01684916019077669,0.9421296069809453,0.40142017531153573
1981-12-24,15.0,1,1.0869722795259447,0.5230010315083056,-0.04184275564854605,-0.01692249567714924,0.9421156975074423,0.4011709597065691,0.9424600645915482
1981-12-25,14.2,1,0.5222480005051883,-0.04209278757888279,-0.01726586951326183,0.9419919364016973,0.40116116239562666,0.9421296069809453,0.7457182866715434
1981-12-26,14.0,1,-0.042476278515568594,-0.017523491096831212,0.9412326897628263,0.40106584651106614,0.9421156975074423,0.7454173716084446,0.6965328421915424
1981-12-27,15.5,1,-0.017923048992927085,0.9406790717031837,0.4005411947865717,0.9419919364016973,0.7454049574667818,0.6962393127653196,1.0654236757915512
1981-12-28,13.3,1,0.9396529023900952,0.40015454909804726,0.9412326897628263,0.7452915400778313,0.6962272724566169,1.065074754088758,0.5243837865115386
1981-12-29,15.6,1,0.3994818528919803,0.9406790717031837,0.7446176006805516,0.6961164409968649,1.0650599100328548,0.5241161068143819,1.0900163980315516
1981-12-30,15.2,1,0.9396529023900952,0.7441246998467702,0.6954638284099832,1.0649296841041136,0.5241053749210394,1.0896637835103204,0.9916455090715491
1981-12-31,17.4,1,0.7432270662089623,0.694986106882667,1.0641171204392479,0.5240035942134824,1.0896487525379372,0.9913076658240701,1.5326853983515616
1982-01-01,17.0,1,0.6941206071636793,1.0635255541134419,0.5234256254629932,1.0895172336445966,0.9912933825176071,1.5322663130984464,1.4343145093915597
1982-01-02,15.0,1,1.0624190500033033,0.5230010315083056,1.088694006574532,0.9911670354826636,1.5322479176294228,1.4339101954121964,0.9424600645915482
1982-01-03,13.5,1,0.5222480005051883,1.0880948505954935,0.9903864620333948,1.5320931253732948,1.433892547609093,0.9421296069809453,0.5735692309915396
1982-01-04,15.2,1,1.0869722795259447,0.9898176646672868,1.5310779570096493,1.4337429272113622,0.9421156975074423,0.5732941656575068,0.9916455090715491
1982-01-05,13.0,1,0.9887593614353782,1.5303421872724232,1.4327704124685126,0.9419919364016973,0.5732830599312042,0.9913076658240701,0.4506056197915367
1982-01-06,12.5,1,1.5289304109334931,1.4320650013442169,0.9412326897628263,0.5731786932944487,0.9912933825176071,0.450349018549694,0.3276420085915338
1982-01-07,14.1,1,1.4307174928429272,0.9406790717031837,0.5725793977335617,0.9911670354826636,0.45033884740579155,0.3274038714418812,0.721125564431543
1982-01-08,14.8,1,0.9396529023900952,0.5721396244724087,0.9903864620333948,0.4502409455920325,0.3273946348803789,0.7208283421868821,0.8932746201115472
1982-01-09,16.2,1,0.5713544595504713,0.9898176646672868,0.4496949670571401,0.32730319788961626,0.7208161149616994,0.8929515481378203,1.237572731471555
1982-01-10,15.8,1,0.9887593614353782,0.44929314206215043,0.3268105363807186,0.720703990537348,0.8929380124972773,1.2371979600396958,1.1392018425115529
1982-01-11,19.1,1,0.44858831193726334,0.3264466596518921,0.7200407145452674,0.892816837320731,1.2371818075684324,1.1388418423534459,1.950761676431572
1982-01-12,22.2,1,0.32582216432405536,0.7195554033647186,0.8920789174922579,1.2370425308874962,1.1388264375481028,1.9502798132650105,2.7131360658715895
1982-01-13,15.9,1,0.7186738366863208,0.8915404787390805,1.236155323386238,1.1386923327255634,1.9502582402158264,2.7125397253334493,1.1637945647515535
1982-01-14,13.0,1,0.8905464433448123,1.2355106294878033,1.137847778845101,1.9500814675615106,2.7125123578733845,1.1634308717750084,0.4506056197915367
1982-01-15,14.1,1,1.2342916566617943,1.1372334435595972,1.9488850213094833,2.712295503316491,1.1634152800531852,0.450349018549694,0.721125564431543
1982-01-16,15.8,1,1.136078738571228,1.9480202274673022,2.7107684915032966,1.1632798822660466,0.45033884740579155,0.7208283421868821,1.1392018425115529
1982-01-17,24.0,1,1.946335312818401,2.709668418410903,1.162424664980385,0.4502409455920325,0.7208161149616994,1.1388418423534459,3.1558050661915997
1982-01-18,18.0,1,2.70748542802029,1.1618027400416486,0.4496949670571401,0.720703990537348,1.1388264375481028,3.155142254921576,1.6802417317915654
1982-01-19,19.7,1,1.1606319680938697,0.44929314206215043,0.7200407145452674,1.1386923327255634,3.1551115229648703,1.679800489627822,2.098318009871575
1982-01-20,25.2,1,0.44858831193726334,0.7195554033647186,1.137847778845101,3.1548713950451894,1.6797809726599182,2.0978139897943855,3.4509177330716065
1982-01-21,20.5,1,0.7186738366863208,1.1372334435595972,3.1531524419384143,1.6796184226161945,2.097791295246321,3.4502106079803263,2.2950597877915797
1982-01-22,19.3,1,1.136078738571228,3.151915755087833,1.6785392738213556,2.0976067648044094,3.4501776330258607,2.2945262251668863,1.9999471209115731
1982-01-23,15.8,1,3.149443559427839,1.6777579661647335,2.0963463381211884,3.449921989530988,2.294502035286982,1.9994578721081355,1.1392018425115529
1982-01-24,17.0,1,1.6762497880693432,2.0954360063596114,3.4480750755618255,2.294307161128276,1.9994359252259915,1.1388418423534459,1.4343145093915597
1982-01-25,18.4,1,2.09365468995425,3.446747312872453,2.2929614272034633,1.999256566642477,1.1388264375481028,1.4339101954121964,1.7786126207515673
1982-01-26,13.3,1,3.4440823136995378,2.291990378216025,1.9980387935800517,1.1386923327255634,1.433892547609093,1.778156607314072,0.5243837865115386
1982-01-27,14.6,1,2.290080526135383,1.9971588204314052,1.137847778845101,1.4337429272113622,1.7781363426802481,0.5241161068143819,0.8440891756315458
1982-01-28,12.5,1,1.995441771863684,1.1372334435595972,1.4327704124685126,1.7779686207781273,0.5241053749210394,0.8437734892946949,0.3276420085915338
1982-01-29,17.0,1,1.136078738571228,1.4320650013442169,1.7768468183624924,0.5240035942134824,0.843760327487112,0.3274038714418812,1.4343145093915597
1982-01-30,17.1,1,1.4307174928429272,1.7760351520929398,0.5234256254629932,0.8436417382397643,0.3273946348803789,1.4339101954121964,1.4589072316315606
1982-01-31,14.0,1,1.7744627061599092,0.5230010315083056,0.8429251452216889,0.32730319788961626,1.433892547609093,1.4584992248337594,0.6965328421915424
1982-02-01,14.6,1,0.5222480005051883,0.8424018857749769,0.3268105363807186,1.4337429272113622,1.4584813901141758,0.6962393127653196,0.8440891756315458
1982-02-02,13.3,1,0.8414399842995288,0.3264466596518921,1.4327704124685126,1.458330476751846,0.6962272724566169,0.8437734892946949,0.5243837865115386
1982-02-03,14.8,1,0.32582216432405536,1.4320650013442169,1.4573472986037972,0.6961164409968649,0.843760327487112,0.5241161068143819,0.8932746201115472
1982-02-04,15.1,1,1.4307174928429272,1.456634297826269,0.6954638284099832,0.8436417382397643,0.5241053749210394,0.8929515481378203,0.9670527868315487
1982-02-05,13.1,1,1.4552707223655692,0.694986106882667,0.8429251452216889,0.5240035942134824,0.8929380124972773,0.9667186364025077,0.47519834203153716
1982-02-06,13.6,1,0.6941206071636793,0.8424018857749769,0.5234256254629932,0.892816837320731,0.9667045400125247,0.4749380479712565,0.5981619532315401
1982-02-07,19.5,1,0.8414399842995288,0.5230010315083056,0.8920789174922579,0.9665794859421805,0.474927689910874,0.5978831950790693,2.049132565391574
1982-02-08,22.7,1,0.5222480005051883,0.8915404787390805,0.9658095758981106,0.4748284951325156,0.5978719024362866,2.0486359309512605,2.8360996770715925
1982-02-09,17.2,1,0.8905464433448123,0.9652483681852352,0.4742718531924243,0.5977662428349318,2.0486136102361563,2.8354848724412625,1.4834999538715608
1982-02-10,13.5,1,0.9642061319127367,0.473862438544202,0.5971562838688459,2.0484316657234434,2.8354565703987973,1.4830882542553214,0.5735692309915396
1982-02-11,15.4,1,0.47314154145990484,0.5967089209544603,2.04719256585062,2.835233251018907,1.4830702326192577,0.5732941656575068,1.0408309535515505
1982-02-12,17.0,1,0.5959076890731129,2.0462974133955085,2.8336529221797178,1.4829180262923285,0.5732830599312042,1.0404857246671955,1.4343145093915597
1982-02-13,19.2,1,2.044548230908967,2.8325149008211614,1.481924184739081,0.5731786932944487,1.0404710675277724,1.4339101954121964,1.9753543986715723
1982-02-14,22.8,1,2.830251575633498,1.48120359430832,0.5725793977335617,1.0403421345636303,1.433892547609093,1.9748688426865726,2.8606923993115934
1982-02-15,26.3,1,1.4798239518882101,0.5721396244724087,1.0395402343039637,1.4337429272113622,1.9748470827209086,2.860073901862825,3.7214376777116134
1982-02-16,18.2,1,0.5713544595504713,1.0389562576313904,1.4327704124685126,1.9746690171019934,2.86004541290388,3.720689931617515,1.7294271762715665
1982-02-17,17.0,1,1.0378658204806617,1.4320650013442169,1.973461907444767,2.8598208005593904,3.720654900581769,1.728978548470947,1.4343145093915597
1982-02-18,14.8,1,1.4307174928429272,1.9725895239493532,2.8582298083150026,3.720385034476304,1.728958657670083,1.4339101954121964,0.8932746201115472
1982-02-19,12.8,1,1.970888542341042,2.8570841973032133,3.718420823049953,1.728793521697161,1.433892547609093,0.8929515481378203,0.40142017531153573
1982-02-20,15.5,1,2.85480480515614,3.7170095741750213,1.727693046091924,1.4337429272113622,0.8929380124972773,0.4011709597065691,1.0654236757915512
1982-02-21,15.6,1,3.7141678384485957,1.7268965591288366,1.4327704124685126,0.892816837320731,0.40116116239562666,1.065074754088758,1.0900163980315516
1982-02-22,13.1,1,1.7253562471146262,1.4320650013442169,0.8920789174922579,0.40106584651106614,1.0650599100328548,1.0896637835103204,0.47519834203153716
1982-02-23,15.2,1,1.4307174928429272,0.8915404787390805,0.4005411947865717,1.0649296841041136,1.0896487525379372,0.4749380479712565,0.9916455090715491
1982-02-24,14.1,1,0.8905464433448123,0.40015454909804726,1.0641171204392479,1.0895172336445966,0.474927689910874,0.9913076658240701,0.721125564431543
1982-02-25,12.5,1,0.3994818528919803,1.0635255541134419,1.088694006574532,0.4748284951325156,0.9912933825176071,0.7208283421868821,0.3276420085915338
1982-02-26,14.6,0,1.0624190500033033,1.0880948505954935,0.4742718531924243,0.9911670354826636,0.7208161149616994,0.3274038714418812,0.8440891756315458
1982-02-27,10.4,1,1.0869722795259447,0.473862438544202,0.9903864620333948,0.720703990537348,0.3273946348803789,0.8437734892946949,-0.18880515844847817
1982-02-28,13.9,1,0.47314154145990484,0.9898176646672868,0.7200407145452674,0.32730319788961626,0.843760327487112,-0.1889657464109325,0.671940119951542
1982-03-01,11.9,1,0.9887593614353782,0.7195554033647186,0.3268105363807186,0.8436417382397643,-0.18897105772635425,0.6716502833437572,0.18008567515153046
1982-03-02,13.5,0,0.7186738366863208,0.3264466596518921,0.8429251452216889,-0.18903534246053177,0.6716384299515344,0.17986969491250593,0.5735692309915396
1982-03-03,9.8,1,0.32582216432405536,0.8424018857749769,-0.18930407246025183,0.6715288914563817,0.17986157984988377,0.5732941656575068,-0.3363614918884815
1982-03-04,14.0,1,0.8414399842995288,-0.18950856647119266,0.670886942274699,0.1797779006467169,0.5732830599312042,-0.3364999229403078,0.6965328421915424
1982-03-05,21.5,1,-0.1897956556514181,0.6704168104006155,0.1793492195690128,0.5731786932944487,-0.3365041127568494,0.6962393127653196,2.5409870101915857
1982-03-06,19.5,1,0.6695673776410378,0.17903088075958226,0.5725793977335617,-0.33656063970343114,0.6962272724566169,2.5404165193825117,2.049132565391574
1982-03-07,16.7,1,0.17850278718820586,0.5721396244724087,-0.3367653892719576,0.6961164409968649,2.540390460337807,2.0486359309512605,1.3605363426715578
1982-03-08,19.1,0,0.5713544595504713,-0.3369243453635025,0.6954638284099832,2.540182656533108,2.0486136102361563,1.3601431071475085,1.950761676431572
1982-03-09,11.0,0,-0.33711503278726757,0.694986106882667,2.5387302885563066,2.0484316657234434,1.3601260200938452,1.9502798132650105,-0.0412488250084748
1982-03-10,9.0,0,0.6941206071636793,2.5376833430365417,2.04719256585062,1.3599802785899122,1.9502582402158264,-0.041431569881557224,-0.5331032698084863
1982-03-11,10.0,1,2.535612821361799,2.0462974133955085,1.3590397540626593,1.9500814675615106,-0.041438002695859136,-0.5332121583128084,-0.2871760474084806
1982-03-12,14.6,1,2.044548230908967,1.3583571118980617,1.9488850213094833,-0.041510045217632394,-0.5332148527975098,-0.28732186409718286,0.8440891756315458
1982-03-13,12.5,1,1.357057804275002,1.9480202274673022,-0.04184275564854605,-0.5332610360272972,-0.2873264277466845,0.8437734892946949,0.3276420085915338
1982-03-14,17.2,1,1.946335312818401,-0.04209278757888279,-0.5333804783542322,-0.28738554062246485,0.843760327487112,0.3274038714418812,1.4834999538715608
1982-03-15,19.2,1,-0.042476278515568594,-0.533478717219916,-0.28761161700138915,0.8436417382397643,0.3273946348803789,1.4830882542553214,1.9753543986715723
1982-03-16,22.2,1,-0.5335408689684005,-0.2877857523993994,0.8429251452216889,0.32730319788961626,1.4830702326192577,1.9748688426865726,2.7131360658715895
1982-03-17,15.7,1,-0.2880085737419846,0.8424018857749769,0.3268105363807186,1.4829180262923285,1.9748470827209086,2.7125397253334493,1.114609120271552
1982-03-18,14.2,0,0.8414399842995288,0.3264466596518921,1.481924184739081,1.9746690171019934,2.7125123578733845,1.114252812931883,0.7457182866715434
1982-03-19,9.8,1,0.32582216432405536,1.48120359430832,1.973461907444767,2.712295503316491,1.11423759504302,0.7454173716084446,-0.3363614918884815
1982-03-20,14.0,1,1.4798239518882101,1.9725895239493532,2.7107684915032966,1.1141047831850799,0.7454049574667818,-0.3364999229403078,0.6965328421915424
1982-03-21,17.5,1,1.970888542341042,2.709668418410903,1.1132708927098163,0.7452915400778313,-0.3365041127568494,0.6962393127653196,1.5572781205915627
1982-03-22,20.7,1,2.70748542802029,1.1126641470775451,0.7446176006805516,-0.33656063970343114,0.6962272724566169,1.5568553425200093,2.344245232271581
1982-03-23,15.6,1,1.1115255090485863,0.7441246998467702,-0.3367653892719576,0.6961164409968649,1.5568367601345057,2.343704284010011,1.0900163980315516
1982-03-24,13.2,1,0.7432270662089623,-0.3369243453635025,0.6954638284099832,1.5566806749137785,2.3436797202971467,1.0896637835103204,0.4997910642715377
1982-03-25,14.5,1,-0.33711503278726757,0.694986106882667,1.555654843144934,2.343482260209242,1.0896487525379372,0.49952707739281893,0.8194964533915453
1982-03-26,16.8,1,0.6941206071636793,1.554911483754475,2.3421151994740317,1.0895172336445966,0.49951653241595645,0.8191844598731324,1.3851290649115586
1982-03-27,17.2,1,1.5534836404561352,2.341128971180128,1.088694006574532,0.49941604467299877,0.8191714849820295,1.3847321365690715,1.4834999538715608
1982-03-28,13.4,1,2.339186985180666,1.0880948505954935,0.49884873932770857,0.8190541886992811,1.384714862598928,1.4830882542553214,0.5489765087515391
1982-03-29,14.2,1,1.0869722795259447,0.4984317350262536,0.8183482590864047,1.384567828130396,1.4830702326192577,0.5487051362359443,0.7457182866715434
1982-03-30,14.3,0,0.49769477098254633,0.8178325892929253,1.383616640197944,1.4829180262923285,0.5486942174261218,0.7454173716084446,0.7703110089115444
1982-03-31,10.2,0,0.8168867547768872,1.3829264083801138,1.481924184739081,0.5485911437539656,0.7454049574667818,0.7700064010300075,-0.23799060292847957
1982-04-01,10.4,1,1.3816110337976442,1.48120359430832,0.5480025115982774,0.7452915400778313,0.7699937999718647,-0.2381438052540579,-0.18880515844847817
1982-04-02,12.3,1,1.4798239518882101,0.5475703279903572,0.7446176006805516,0.7698790896183149,-0.2381487427365196,-0.1889657464109325,0.27845656411153286
1982-04-03,11.9,1,0.5468012300278298,0.7441246998467702,0.7691944868158364,-0.2382104415414985,-0.18897105772635425,0.27822581259875623,0.18008567515153046
1982-04-04,11.2,0,0.7432270662089623,0.7686939963288222,-0.23845784473082068,-0.18903534246053177,0.278216949870214,0.17986969491250593,0.007936619471526173
1982-04-05,8.5,1,0.7677802957316042,-0.23864715943529624,-0.18930407246025183,0.27812809880864997,0.17986157984988377,0.0077464889615677275,-0.6560668810084892
1982-04-06,12.0,1,-0.23890211469670153,-0.18950856647119266,0.2776567641101501,0.1797779006467169,0.007739682314305756,-0.6561573054206212,0.20467839739153096
1982-04-07,12.4,1,-0.1897956556514181,0.27730806668778896,0.1793492195690128,0.007665053863333917,-0.6561590653229225,0.2044587243340684,0.30304928635153333
1982-04-08,12.9,0,0.2767157052787723,0.17903088075958226,0.007311016622022392,-0.6561987837297135,0.20445042235496622,0.3028148420203187,0.4260128975515362
1982-04-09,10.1,1,0.17850278718820586,0.007045805385220361,-0.6562649090306538,0.20436545018720004,0.3028057923752964,0.4257599891281315,-0.26258332516848004
1982-04-10,15.0,1,0.0066301805297144245,-0.6563251996301743,0.20392610570429703,0.3027156483491331,0.4257500049007091,-0.26273283467562036,0.9424600645915482
1982-04-11,13.6,1,-0.6563070165816085,0.20360017724163382,0.30223365024543436,0.42565339605154934,-0.262737585241602,0.9421296069809453,0.5981619532315401
1982-04-12,12.4,1,0.20305601671084736,0.30187736316984054,0.4251180809218559,-0.26279799108198165,0.9421156975074423,0.5978831950790693,0.30304928635153333
1982-04-13,13.6,1,0.3012689348014138,0.42472384558009885,-0.2630347308661049,0.9419919364016973,0.5978719024362866,0.3028148420203187,0.5981619532315401
1982-04-14,16.1,1,0.42403508241462184,-0.2632164559173478,0.9412326897628263,0.5977662428349318,0.3028057923752964,0.5978831950790693,1.2129800092315548
1982-04-15,19.5,1,-0.263455344219343,0.9406790717031837,0.5971562838688459,0.3027156483491331,0.5978719024362866,1.2126089306181338,2.049132565391574
1982-04-16,14.2,0,0.9396529023900952,0.5967089209544603,0.30223365024543436,0.5977662428349318,1.2125929650633505,2.0486359309512605,0.7457182866715434
1982-04-17,9.3,0,0.5959076890731129,0.30187736316984054,0.5971562838688459,1.2124549813470133,2.0486136102361563,0.7454173716084446,-0.4593251030884844
1982-04-18,10.1,0,0.3012689348014138,0.5967089209544603,1.2115784372509542,2.0484316657234434,0.7454049574667818,-0.4594450700481206,-0.26258332516848004
1982-04-19,7.4,0,0.5959076890731129,1.2109413330057524,2.04719256585062,0.7452915400778313,-0.45944832528226204,-0.26273283467562036,-0.9265868256484954
1982-04-20,8.6,0,1.2097384271391531,2.0462974133955085,0.7446176006805516,-0.45949838740584736,-0.262737585241602,-0.9266366290578093,-0.6314741587684887
1982-04-21,7.8,0,2.044548230908967,0.7441246998467702,-0.4596498199483791,-0.26279799108198165,-0.9266363328788303,-0.6315682759990587,-0.8282159366884932
1982-04-22,9.1,1,0.7432270662089623,-0.4597708277737608,-0.2630347308661049,-0.9266618286750291,-0.63157022281784,-0.8282805113715592,-0.5085105475684858
1982-04-23,13.0,1,-0.45988118040047554,-0.2632164559173478,-0.926610656518781,-0.6316112341892304,-0.8282809628585003,-0.508623128891246,0.4506056197915367
1982-04-24,16.5,1,-0.263455344219343,-0.9265874609327425,-0.6316880228953695,-0.8283116305130962,-0.5086260102924274,0.450349018549694,1.311350898191557
1982-04-25,12.9,0,-0.926392541330666,-0.6317559031481227,-0.828303111977644,-0.5086734864868141,0.45033884740579155,1.3109650483043838,0.4260128975515362
1982-04-26,6.9,0,-0.631753787058967,-0.828310275004536,-0.508803592218948,0.4502409455920325,1.3109483350836804,0.4257599891281315,-1.0495504368484982
1982-04-27,6.9,0,-0.8281796232400997,-0.5089094207378644,0.4496949670571401,1.310805179508946,0.4257500049007091,-1.049581776165622,-1.0495504368484982
1982-04-28,8.7,0,-0.508987639445759,0.44929314206215043,1.309885981792091,0.42565339605154934,-1.049580545404243,-1.049581776165622,-0.6068814365284882
1982-04-29,10.0,0,0.44858831193726334,1.3092185189339585,0.4251180809218559,-1.0495995763774453,-1.049580545404243,-0.6069792465774964,-0.2871760474084806
1982-04-30,10.8,0,1.3079513452297191,0.42472384558009885,-1.0494950871952027,-1.0495995763774453,-0.6069813803127576,-0.28732186409718286,-0.09043426948847577
1982-05-01,7.5,0,0.42403508241462184,-1.0494339433430009,-1.0494950871952027,-0.6070236846487471,-0.2873264277466845,-0.09060962872468217,-0.901994103408495
1982-05-02,6.3,1,-1.049158688943874,-1.0494339433430009,-0.6071111367600853,-0.28738554062246485,-0.09061568770602403,-0.9020475996362469,-1.1971067702885019
1982-05-03,11.9,1,-1.049158688943874,-0.6071866066660712,-0.28761161700138915,-0.09068514429859871,-0.9020474903737479,-1.1971159526949977,0.18008567515153046
1982-05-04,13.8,1,-0.6072005575363255,-0.2877857523993994,-0.09099652791911449,-0.902074279134546,-1.1971136004347382,0.17986969491250593,0.6473473977115415
1982-05-05,11.8,0,-0.2880085737419846,-0.09123138054298593,-0.9020337703834969,-1.1971248736203448,0.17986157984988377,0.6470612539221947,0.15549295291152998
1982-05-06,11.0,0,-0.09158273756085161,-0.9020181644506909,-1.1969564040069085,0.1797779006467169,0.647049587446452,0.15528066549094344,-0.0412488250084748
1982-05-07,10.1,0,-0.9018393118080245,-1.196849722235311,0.1793492195690128,0.6469413419158986,0.15527273734480132,-0.041431569881557224,-0.26258332516848004
1982-05-08,8.5,0,-1.1964780660797236,0.17903088075958226,0.6463100561394147,0.15519035110623372,-0.041438002695859136,-0.26273283467562036,-0.6560668810084892
1982-05-09,5.5,0,0.17850278718820586,0.6458475139185639,0.1547723334337286,-0.041510045217632394,-0.262737585241602,-0.6561573054206212,-1.3938485482085063
1982-05-10,7.6,0,0.6450141481183963,0.15446158427753068,-0.04184275564854605,-0.26279799108198165,-0.6561590653229225,-1.393828188067498,-0.8774013811684944
1982-05-11,8.7,0,0.15394955766556434,-0.04209278757888279,-0.2630347308661049,-0.6561987837297135,-1.3938243404753985,-0.8774585702146844,-0.6068814365284882
1982-05-12,10.8,1,-0.042476278515568594,-0.2632164559173478,-0.6562649090306538,-1.3938252699442109,-0.8774586478686653,-0.6069792465774964,-0.09043426948847577
1982-05-13,11.2,0,-0.263455344219343,-0.6563251996301743,-1.393571493089183,-0.8774867295940627,-0.6069813803127576,-0.09060962872468217,0.007936619471526173
1982-05-14,9.1,0,-0.6563070165816085,-1.393404094091724,-0.8774568842482127,-0.6070236846487471,-0.09061568770602403,0.0077464889615677275,-0.5085105475684858
1982-05-15,3.7,0,-1.3929039022608565,-0.8774488679686393,-0.6071111367600853,-0.09068514429859871,0.007739682314305756,-0.508623128891246,-1.8365175485285168
1982-05-16,4.6,0,-0.877286082285383,-0.6071866066660712,-0.09099652791911449,0.007665053863333917,-0.5086260102924274,-1.8364307176556243,-1.6151830483685117
1982-05-17,6.6,1,-0.6072005575363255,-0.09123138054298593,0.007311016622022392,-0.5086734864868141,-1.836423505566884,-1.6151294528615612,-1.1233286035685002
1982-05-18,13.2,1,-0.09158273756085161,0.007045805385220361,-0.508803592218948,-1.8364011616729092,-1.6151239230211414,-1.12334886443031,0.4997910642715377
1982-05-19,15.2,0,0.0066301805297144245,-0.5089094207378644,-1.8359554435243006,-1.6151132158085602,-1.1233470729194908,0.49952707739281893,0.9916455090715491
1982-05-20,7.6,0,-0.508987639445759,-1.835651430768654,-1.614763468306742,-1.1233622249988953,0.49951653241595645,0.9913076658240701,-0.8774013811684944
1982-05-21,8.4,0,-1.834862033668405,-1.6145277624301893,-1.1232257456010557,0.49941604467299877,0.9912933825176071,-0.8774585702146844,-0.6806596032484896
1982-05-22,6.0,0,-1.613882967964631,-1.123141832789156,0.49884873932770857,0.9911670354826636,-0.8774586478686653,-0.6807463348421837,-1.2708849370085036
1982-05-23,8.3,0,-1.1228183775117988,0.4984317350262536,0.9903864620333948,-0.8774867295940627,-0.680747907828005,-1.2708830409596852,-0.7052523254884902
1982-05-24,8.6,0,0.49769477098254633,0.9898176646672868,-0.8774568842482127,-0.6807863332701967,-1.270880127949986,-0.7053353642637462,-0.6314741587684887
1982-05-25,11.1,1,0.9887593614353782,-0.8774488679686393,-0.680841795165938,-1.2708875222417946,-0.7053367503330874,-0.6315682759990587,-0.016656102768474314
1982-05-26,12.1,1,-0.877286082285383,-0.6808944961122259,-1.2706870624127615,-0.7053738828106798,-0.63157022281784,-0.016842540459994747,0.22927111963153143
1982-05-27,12.9,1,-0.68086024610425,-1.2705576116814659,-0.7054186813012222,-0.6316112341892304,-0.01684916019077669,0.22904775375563086,0.4260128975515362
1982-05-28,14.0,1,-1.2701377546476484,-0.7054637925942775,-0.6316880228953695,-0.01692249567714924,0.22903926486004866,0.4257599891281315,0.6965328421915424
1982-05-29,12.5,1,-0.7054134756268915,-0.6317559031481227,-0.01726586951326183,0.2289529997276832,0.4257500049007091,0.6962393127653196,0.3276420085915338
1982-05-30,11.5,0,-0.631753787058967,-0.017523491096831212,0.22850299183958125,0.42565339605154934,0.6962272724566169,0.3274038714418812,0.08171478619152807
1982-05-31,7.0,0,-0.017923048992927085,0.2281694737236854,0.4251180809218559,0.6961164409968649,0.3273946348803789,0.08151357722625559,-1.0249577146084978
1982-06-01,7.1,0,0.22760924623348888,0.42472384558009885,0.6954638284099832,0.32730319788961626,0.08150620982955353,-1.0249927467440596,-1.0003649923684974
1982-06-02,9.0,0,0.42403508241462184,0.694986106882667,0.3268105363807186,0.08142770248478383,-1.0249917028991604,-1.000403717322497,-0.5331032698084863
1982-06-03,3.1,0,0.6941206071636793,0.3264466596518921,0.08104167502787549,-1.0250120268369622,-1.000402860394078,-0.5332121583128084,-1.9840738819685204
1982-06-04,2.5,0,0.32582216432405536,0.08075369483137552,-1.0249182010599185,-1.000424477296479,-0.5332148527975098,-1.9839648941849997,-2.131630215408524
1982-06-05,0.0,0,0.08028986909763938,-1.0248646468609492,-1.000341314924634,-0.5332610360272972,-1.9839565605973795,-2.131499070714375,-2.746448271408538
1982-06-06,1.6,0,-1.0246054594212324,-1.0002953503788976,-0.5333804783542322,-1.9839264589158088,-2.1314896156278746,-2.746224806253439,-2.352964715568529
1982-06-07,2.6,0,-1.000052229898591,-0.533478717219916,-1.9834167603360064,-2.1314517561587083,-2.746210678254938,-2.352800335508438,-2.1070374931685234
1982-06-08,5.7,0,-0.5335408689684005,-1.983067209660964,-2.1308780771477123,-2.7461404946707892,-2.3527891981736175,-2.1069100412928123,-1.3446631037285053
1982-06-09,2.3,0,-1.9821814108042548,-2.130482988553274,-2.74530023052982,-2.352739702023057,-2.106900773122792,-1.3446501292243729,-2.180815659888525
1982-06-10,4.5,0,-2.1295007879401044,-2.7447154006045653,-2.352070052365271,-2.106864206618225,-1.3446466554652334,-2.1806771295575005,-1.639775770608512
1982-06-11,8.2,0,-2.743331526006144,-2.351606656891739,-2.106301191012428,-1.3446501708632443,-2.1806673006380395,-1.6397184822831237,-0.7298450477284911
1982-06-12,6.9,0,-2.3504798536438787,-2.1059136920712223,-1.3444177208186143,-2.1806268552396744,-1.6397127655262238,-0.7299243936853091,-1.0495504368484982
1982-06-13,7.3,0,-2.1049475584174626,-1.3442655011276208,-2.180031849418281,-1.6397007653490432,-0.7299255928381703,-1.049581776165622,-0.9511795478884961
1982-06-14,6.0,0,-1.343797443215573,-2.1796215815173774,-1.6393403544420262,-0.7299614323511634,-1.049580545404243,-0.951225658479372,-1.2708849370085036
1982-06-15,7.3,0,-2.178607246985387,-1.6390970589122407,-0.7299955674365068,-1.0495995763774453,-0.9512251753839129,-1.2708830409596852,-0.9511795478884961
1982-06-16,7.6,0,-1.6384361974872723,-0.7300330890763295,-1.0494950871952027,-0.9512493782155125,-1.270880127949986,-0.951225658479372,-0.8774013811684944
1982-06-17,8.0,0,-0.7299667051495334,-1.0494339433430009,-0.9511875426540655,-1.2708875222417946,-0.9512251753839129,-0.8774585702146844,-0.7790304922084921
1982-06-18,8.0,0,-1.049158688943874,-0.9511567574147943,-1.2706870624127615,-0.9512493782155125,-0.8774586478686653,-0.779102452528434,-0.7790304922084921
1982-06-19,6.8,0,-0.9509457708533077,-1.2705576116814659,-0.9511875426540655,-0.8774867295940627,-0.7791032778483352,-0.779102452528434,-1.0741431590884989
1982-06-20,7.3,0,-1.2701377546476484,-0.9511567574147943,-0.8774568842482127,-0.7791365314321297,-0.7791032778483352,-1.0741708055871848,-0.9511795478884961
1982-06-21,6.2,0,-0.9509457708533077,-0.8774488679686393,-0.7791493397070753,-0.7791365314321297,-1.0741693879093257,-0.951225658479372,-1.2216994925285023
1982-06-22,6.9,0,-0.877286082285383,-0.7791716820404326,-0.7791493397070753,-1.0741871259179288,-0.9512251753839129,-1.2217049821165602,-1.0495504368484982
1982-06-23,8.9,0,-0.7790731641948164,-0.7791716820404326,-1.074071973330487,-0.9512493782155125,-1.2217024429398207,-1.049581776165622,-0.5576959920484867
1982-06-24,4.0,0,-0.7790731641948164,-1.0740032398250525,-0.9511875426540655,-1.221712423160828,-1.049580545404243,-0.5578011877343709,-1.762739381808515
1982-06-25,1.3,0,-1.0737119184665156,-0.9511567574147943,-1.221533290142193,-1.0495995763774453,-0.5578036953025923,-1.7626636293909366,-2.42674288228853
1982-06-26,0.8,0,-0.9509457708533077,-1.2214190187173624,-1.0494950871952027,-0.5578485855677804,-1.7626569780516366,-2.4265674237731254,-2.549706493488533
1982-06-27,4.3,0,-1.2210312956023652,-1.0494339433430009,-0.5579573644895165,-1.7626385130514595,-2.426555725688865,-2.5495125708809385,-1.6889612150885134
1982-06-28,7.3,0,-1.049158688943874,-0.5580480137019675,-1.7622247851184476,-2.426502350644507,-2.5494999382142773,-1.6888965411262489,-0.9511795478884961
1982-06-29,7.7,0,-0.558094098491042,-1.761943541322499,-2.425800710771124,-2.549440098346923,-1.688890450536389,-0.951225658479372,-0.8528086589284938
1982-06-30,9.0,0,-1.7612023451004803,-2.425314546337894,-2.5486851414475455,-1.6888758644300097,-0.9512251753839129,-0.8528695407931217,-0.5331032698084863
1982-07-01,4.2,0,-2.4241395422118033,-2.548161028748152,-1.6884941267125948,-0.9512493782155125,-0.8528698053635827,-0.5332121583128084,-1.7135539373285138
1982-07-02,1.6,0,-2.546905689825011,-1.6882356518763442,-0.9511875426540655,-0.8528991800535793,-0.5332148527975098,-1.7134855705478114,-2.352964715568529
1982-07-03,2.6,0,-1.6875426565325555,-0.9511567574147943,-0.8528799981129281,-0.5332610360272972,-1.7134792930414715,-2.352800335508438,-2.1070374931685234
1982-07-04,3.4,0,-0.9509457708533077,-0.8528795714865876,-0.5333804783542322,-1.713463413970493,-2.3527891981736175,-2.1069100412928123,-1.9102957152485185
1982-07-05,3.9,0,-0.8527328527627412,-0.533478717219916,-1.713071012847879,-2.352739702023057,-2.106900773122792,-1.9101978059203117,-1.7873321040485155
1982-07-06,7.0,0,-0.5335408689684005,-1.7128049483583956,-2.352070052365271,-2.106864206618225,-1.9101900330821318,-1.787252658812499,-1.0249577146084978
1982-07-07,7.8,0,-1.7120958860551971,-2.351606656891739,-2.106301191012428,-1.9101638102943588,-1.787245820556719,-1.0249927467440596,-0.8282159366884932
1982-07-08,5.3,0,-2.3504798536438787,-2.1059136920712223,-1.9096861019301534,-1.7872260625919425,-1.0249917028991604,-0.8282805113715592,-1.4430339926885076
1982-07-09,2.4,0,-2.1049475584174626,-1.909359320214809,-1.7868016712537318,-1.0250120268369622,-0.8282809628585003,-1.4430062469106233,-2.1562229376485242
1982-07-10,2.8,0,-1.9085217222363298,-1.7865128378045507,-1.0249182010599185,-0.8283116305130962,-1.4430020254855636,-2.1560881001359373,-2.057852048688522
1982-07-11,4.0,0,-1.7857555746231217,-1.0248646468609492,-0.828303111977644,-1.4430003690251774,-2.156078458132957,-2.0577319824496874,-1.762739381808515
1982-07-12,7.5,0,-1.0246054594212324,-0.828310275004536,-1.4427252653597518,-2.156039305699191,-2.0577230881126267,-1.7626636293909366,-0.901994103408495
1982-07-13,7.8,0,-0.8281796232400997,-1.4425426870558276,-2.1554549632829967,-2.057689107537258,-1.7626569780516366,-0.9020475996362469,-0.8282159366884932
1982-07-14,5.6,0,-1.4420103613061397,-2.1550522850353255,-2.0571474187418595,-1.7626385130514595,-0.9020474903737479,-0.8282805113715592,-1.369255825968506
1982-07-15,3.3,0,-2.154054017462746,-2.0567750991071194,-1.7622247851184476,-0.902074279134546,-0.8282809628585003,-1.3692391586459356,-1.9348884374885191
1982-07-16,5.0,0,-2.0558410993721794,-1.761943541322499,-0.9020337703834969,-0.8283116305130962,-1.369235497970316,-1.9347868353418745,-1.5168121594085093
1982-07-17,3.7,0,-1.7612023451004803,-0.9020181644506909,-0.828303111977644,-1.3692377204037276,-1.9347788755872144,-1.516773335175311,-1.8365175485285168
1982-07-18,3.9,0,-0.9018393118080245,-0.828310275004536,-1.3689946069538987,-1.9347513598348423,-1.5167685530008113,-1.8364307176556243,-1.7873321040485155
1982-07-19,5.2,0,-0.8281796232400997,-1.3688347976096726,-1.9342629880654378,-1.516763017646627,-1.836423505566884,-1.787252658812499,-1.467626714928508
1982-07-20,0.2,0,-1.3683506727382149,-1.9339286166968608,-1.5164559237656046,-1.8364011616729092,-1.787245820556719,-1.4675952763321858,-2.697262826928537
1982-07-21,0.8,0,-1.9330749517589716,-1.5162505765019825,-1.8359554435243006,-1.7872260625919425,-1.4675908679906462,-2.697046747410314,-2.549706493488533
1982-07-22,0.9,0,-1.5156700498740643,-1.835651430768654,-1.7868016712537318,-1.4675879185656604,-2.697032993244773,-2.5495125708809385,-2.5251137712485328
1982-07-23,3.5,0,-1.834862033668405,-1.7865128378045507,-1.467302151495036,-2.6969653955898227,-2.5494999382142773,-2.524923541459376,-1.8857029930085178
1982-07-24,6.6,0,-1.7857555746231217,-1.467111983537879,-2.6961464582592516,-2.549440098346923,-2.524911095709195,-1.8856087764987493,-1.1233286035685002
1982-07-25,9.5,0,-1.466563590828781,-2.6955768076404625,-2.5486851414475455,-2.52485254880644,-1.8856011905770491,-1.12334886443031,-0.41013965860848345
1982-07-26,9.0,0,-2.694225066960861,-2.548161028748152,-2.524108255312261,-1.8855762607538757,-1.1233470729194908,-0.41026701120499565,-0.5331032698084863
1982-07-27,3.5,0,-2.546905689825011,-2.5235917322661003,-1.8851092157948692,-1.1233622249988953,-0.41027064027209714,-0.5332121583128084,-1.8857029930085178
1982-07-28,4.5,0,-2.5223524603023697,-1.8847900237327573,-1.1232257456010557,-0.410323288324881,-0.5332148527975098,-1.8856087764987493,-1.639775770608512
1982-07-29,5.7,0,-1.8839684927136884,-1.123141832789156,-0.41049604767781067,-0.5332610360272972,-1.8856011905770491,-1.6397184822831237,-1.3446631037285053
1982-07-30,5.6,0,-1.1228183775117988,-0.4106322348096577,-0.5333804783542322,-1.8855762607538757,-1.6397127655262238,-1.3446501292243729,-1.369255825968506
1982-07-31,7.1,0,-0.41077472135519255,-0.533478717219916,-1.8851092157948692,-1.6397007653490432,-1.3446466554652334,-1.3692391586459356,-1.0003649923684974
1982-08-01,9.7,0,-0.5335408689684005,-1.8847900237327573,-1.6393403544420262,-1.3446501708632443,-1.369235497970316,-1.000403717322497,-0.36095421412848244
1982-08-02,8.3,0,-1.8839684927136884,-1.6390970589122407,-1.3444177208186143,-1.3692377204037276,-1.000402860394078,-0.3610889523618707,-0.7052523254884902
1982-08-03,9.1,0,-1.6384361974872723,-1.3442655011276208,-1.3689946069538987,-1.000424477296479,-0.36109295526193225,-0.7053353642637462,-0.5085105475684858
1982-08-04,2.8,0,-1.343797443215573,-1.3688347976096726,-1.000341314924634,-0.36114818924391473,-0.7053367503330874,-0.508623128891246,-2.057852048688522
1982-08-05,2.2,0,-1.3683506727382149,-1.0002953503788976,-0.36134227540724223,-0.7053738828106798,-0.5086260102924274,-2.0577319824496874,-2.205408382128525
1982-08-06,4.5,0,-1.000052229898591,-0.36149364184555455,-0.7054186813012222,-0.5086734864868141,-2.0577230881126267,-2.2052661589790623,-1.639775770608512
1982-08-07,3.8,0,-0.3616682623099095,-0.7054637925942775,-0.508803592218948,-2.057689107537258,-2.205256143143122,-1.6397184822831237,-1.8119248262885161
1982-08-08,3.8,0,-0.7054134756268915,-0.5089094207378644,-2.0571474187418595,-2.205214404780158,-1.6397127655262238,-1.8118416882340618,-1.8119248262885161
1982-08-09,6.2,1,-0.508987639445759,-2.0567750991071194,-2.204608735553565,-1.6397007653490432,-1.8118346630618016,-1.8118416882340618,-1.2216994925285023
1982-08-10,11.5,0,-2.0558410993721794,-2.204190877999429,-1.6393403544420262,-1.811813612132426,-1.8118346630618016,-1.2217049821165602,0.08171478619152807
1982-08-11,10.2,0,-2.203160476508029,-1.6390970589122407,-1.8113785573890164,-1.811813612132426,-1.2217024429398207,0.08151357722625559,-0.23799060292847957
1982-08-12,7.9,0,-1.6384361974872723,-1.8110821342866024,-1.8113785573890164,-1.221712423160828,0.08150620982955353,-0.2381438052540579,-0.8036232144484925
1982-08-13,9.0,0,-1.8103088041457636,-1.8110821342866024,-1.221533290142193,0.08142770248478383,-0.2381487427365196,-0.8036914819499965,-0.5331032698084863
1982-08-14,9.5,0,-1.8103088041457636,-1.2214190187173624,0.08104167502787549,-0.2382104415414985,-0.8036921203534176,-0.5332121583128084,-0.41013965860848345
1982-08-15,6.0,0,-1.2210312956023652,0.08075369483137552,-0.23845784473082068,-0.8037240809726128,-0.5332148527975098,-0.41026701120499565,-1.2708849370085036
1982-08-16,8.2,0,0.08028986909763938,-0.23864715943529624,-0.8037262258423595,-0.5332610360272972,-0.41027064027209714,-1.2708830409596852,-0.7298450477284911
1982-08-17,9.2,0,-0.23890211469670153,-0.8037409785224842,-0.5333804783542322,-0.410323288324881,-1.270880127949986,-0.7299243936853091,-0.4839178253284853
1982-08-18,4.3,0,-0.803626393717458,-0.533478717219916,-0.41049604767781067,-1.2708875222417946,-0.7299255928381703,-0.4840340994696835,-1.6889612150885134
1982-08-19,6.6,0,-0.5335408689684005,-0.4106322348096577,-1.2706870624127615,-0.7299614323511634,-0.48403716778734496,-1.6888965411262489,-1.1233286035685002
1982-08-20,9.4,1,-0.41077472135519255,-1.2705576116814659,-0.7299955674365068,-0.48408593694633095,-1.688890450536389,-1.12334886443031,-0.4347323808484839
1982-08-21,13.2,0,-1.2701377546476484,-0.7300330890763295,-0.4842267060836638,-1.6888758644300097,-1.1233470729194908,-0.43485604062655814,0.4997910642715377
1982-08-22,6.6,0,-0.7299667051495334,-0.48434012425581285,-1.6884941267125948,-1.1233622249988953,-0.4348594827771796,0.49952707739281893,-1.1233286035685002
1982-08-23,5.1,1,-0.4844344099231175,-1.6882356518763442,-1.1232257456010557,-0.4349108378653642,0.49951653241595645,-1.12334886443031,-1.492219437168509
1982-08-24,12.1,1,-1.6875426565325555,-1.123141832789156,-0.4350729338130949,0.49941604467299877,-1.1233470729194908,-1.4921843057537485,0.22927111963153143
1982-08-25,11.2,0,-1.1228183775117988,-0.4352015312917093,0.49884873932770857,-1.1233622249988953,-1.4921797104957288,0.22904775375563086,0.007936619471526173
1982-08-26,8.5,0,-0.43532795087783405,0.4984317350262536,-1.1232257456010557,-1.4921754681061439,0.22903926486004866,0.0077464889615677275,-0.6560668810084892
1982-08-27,4.6,0,0.49769477098254633,-1.123141832789156,-1.4918790376303204,0.2289529997276832,0.007739682314305756,-0.6561573054206212,-1.6151830483685117
1982-08-28,7.0,1,-1.1228183775117988,-1.4916812800199308,0.22850299183958125,0.007665053863333917,-0.6561590653229225,-1.6151294528615612,-1.0249577146084978
1982-08-29,14.2,1,-1.491116820351423,0.2281694737236854,0.007311016622022392,-0.6561987837297135,-1.6151239230211414,-1.0249927467440596,0.7457182866715434
1982-08-30,12.7,0,0.22760924623348888,0.007045805385220361,-0.6562649090306538,-1.6151132158085602,-1.0249917028991604,0.7454173716084446,0.3768274530715348
1982-08-31,7.6,0,0.0066301805297144245,-0.6563251996301743,-1.614763468306742,-1.0250120268369622,0.7454049574667818,0.37658193028500614,-0.8774013811684944
1982-09-01,4.0,0,-0.6563070165816085,-1.6145277624301893,-1.0249182010599185,0.7452915400778313,0.3765723198905438,-0.8774585702146844,-1.762739381808515
1982-09-02,10.0,0,-1.613882967964631,-1.0248646468609492,0.7446176006805516,0.37647829697058255,-0.8774586478686653,-1.7626636293909366,-0.2871760474084806
1982-09-03,10.5,0,-1.0246054594212324,0.7441246998467702,0.37596430865128705,-0.8774867295940627,-1.7626569780516366,-0.28732186409718286,-0.16421243620847767
1982-09-04,5.0,0,0.7432270662089623,0.3755852526159953,-0.8774568842482127,-1.7626385130514595,-0.2873264277466845,-0.16437671698937004,-1.5168121594085093
1982-09-05,4.5,0,0.37492862336933835,-0.8774488679686393,-1.7622247851184476,-0.28738554062246485,-0.1643822152212718,-1.516773335175311,-1.639775770608512
1982-09-06,8.2,0,-0.877286082285383,-1.761943541322499,-0.28761161700138915,-0.1644477929200486,-1.5167685530008113,-1.6397184822831237,-0.7298450477284911
1982-09-07,4.3,0,-1.7612023451004803,-0.2877857523993994,-0.1647271863249676,-1.516763017646627,-1.6397127655262238,-0.7299243936853091,-1.6889612150885134
1982-09-08,9.8,0,-0.2880085737419846,-0.1649392699891411,-1.5164559237656046,-1.6397007653490432,-0.7299255928381703,-1.6888965411262489,-0.3363614918884815
1982-09-09,5.8,0,-0.16524242612877657,-1.5162505765019825,-1.6393403544420262,-0.7299614323511634,-1.688890450536389,-0.3364999229403078,-1.3200703814885046
1982-09-10,5.0,0,-1.5156700498740643,-1.6390970589122407,-0.7299955674365068,-1.6888758644300097,-0.3365041127568494,-1.3200610998028104,-1.5168121594085093
1982-09-11,8.5,0,-1.6384361974872723,-0.7300330890763295,-1.6884941267125948,-0.33656063970343114,-1.320057812960151,-1.516773335175311,-0.6560668810084892
1982-09-12,9.0,0,-0.7299667051495334,-1.6882356518763442,-0.3367653892719576,-1.320062621322761,-1.5167685530008113,-0.6561573054206212,-0.5331032698084863
1982-09-13,3.6,0,-1.6875426565325555,-0.3369243453635025,-1.3198408346833301,-1.516763017646627,-0.6561590653229225,-0.5332121583128084,-1.8611102707685174
1982-09-14,6.7,0,-0.33711503278726757,-1.3196962046455691,-1.5164559237656046,-0.6561987837297135,-0.5332148527975098,-1.8610197470771868,-1.0987358813284995
1982-09-15,6.7,0,-1.3192442136929317,-1.5162505765019825,-0.6562649090306538,-0.5332610360272972,-1.8610123480719667,-1.0987598350087473,-1.0987358813284995
1982-09-16,10.1,1,-1.5156700498740643,-0.6563251996301743,-0.5333804783542322,-1.8609887112133925,-1.0987582304144081,-1.0987598350087473,-0.26258332516848004
1982-09-17,15.0,0,-0.6563070165816085,-0.533478717219916,-1.860532329659585,-1.0987746754584118,-1.0987582304144081,-0.26273283467562036,0.9424600645915482
1982-09-18,8.9,0,-0.5335408689684005,-1.8602207272507059,-1.0986488594657713,-1.0987746754584118,-0.262737585241602,0.9421296069809453,-0.5576959920484867
1982-09-19,5.7,0,-1.8594152631910468,-1.0985725363071042,-1.0986488594657713,-0.26279799108198165,0.9421156975074423,-0.5578011877343709,-1.3446631037285053
1982-09-20,4.2,0,-1.0982651479891572,-1.0985725363071042,-0.2630347308661049,0.9419919364016973,-0.5578036953025923,-1.3446501292243729,-1.7135539373285138
1982-09-21,4.0,0,-1.0982651479891572,-0.2632164559173478,0.9412326897628263,-0.5578485855677804,-1.3446466554652334,-1.7134855705478114,-1.762739381808515
1982-09-22,5.3,0,-0.263455344219343,0.9406790717031837,-0.5579573644895165,-1.3446501708632443,-1.7134792930414715,-1.7626636293909366,-1.4430339926885076
1982-09-23,6.3,0,0.9396529023900952,-0.5580480137019675,-1.3444177208186143,-1.713463413970493,-1.7626569780516366,-1.4430062469106233,-1.1971067702885019
1982-09-24,8.5,1,-0.558094098491042,-1.3442655011276208,-1.713071012847879,-1.7626385130514595,-1.4430020254855636,-1.1971159526949977,-0.6560668810084892
1982-09-25,11.5,0,-1.343797443215573,-1.7128049483583956,-1.7622247851184476,-1.4430003690251774,-1.1971136004347382,-0.6561573054206212,0.08171478619152807
1982-09-26,7.7,0,-1.7120958860551971,-1.761943541322499,-1.4427252653597518,-1.1971248736203448,-0.6561590653229225,0.08151357722625559,-0.8528086589284938
1982-09-27,9.2,0,-1.7612023451004803,-1.4425426870558276,-1.1969564040069085,-0.6561987837297135,0.08150620982955353,-0.8528695407931217,-0.4839178253284853
1982-09-28,7.8,0,-1.4420103613061397,-1.196849722235311,-0.6562649090306538,0.08142770248478383,-0.8528698053635827,-0.4840340994696835,-0.8282159366884932
1982-09-29,6.3,0,-1.1964780660797236,-0.6563251996301743,0.08104167502787549,-0.8528991800535793,-0.48403716778734496,-0.8282805113715592,-1.1971067702885019
1982-09-30,6.3,0,-0.6563070165816085,0.08075369483137552,-0.8528799981129281,-0.48408593694633095,-0.8282809628585003,-1.1971159526949977,-1.1971067702885019
1982-10-01,8.6,0,0.08028986909763938,-0.8528795714865876,-0.4842267060836638,-0.8283116305130962,-1.1971136004347382,-1.1971159526949977,-0.6314741587684887
1982-10-02,6.1,1,-0.8527328527627412,-0.48434012425581285,-0.828303111977644,-1.1971248736203448,-1.1971136004347382,-0.6315682759990587,-1.2462922147685032
1982-10-03,13.2,0,-0.4844344099231175,-0.828310275004536,-1.1969564040069085,-1.1971248736203448,-0.63157022281784,-1.246294011538123,0.4997910642715377
1982-10-04,9.9,0,-0.8281796232400997,-1.196849722235311,-1.1969564040069085,-0.6316112341892304,-1.2462912854449033,0.49952707739281893,-0.31176876964848105
1982-10-05,4.7,0,-1.1964780660797236,-1.196849722235311,-0.6316880228953695,-1.2462999727013113,0.49951653241595645,-0.3119108935187453,-1.590590326128511
1982-10-06,5.8,1,-1.1964780660797236,-0.6317559031481227,-1.2461101762774773,0.49941604467299877,-0.3119152702517669,-1.5905404234399985,-1.3200703814885046
1982-10-07,14.9,0,-0.631753787058967,-1.2459883151994142,0.49884873932770857,-0.311973090162948,-1.5905350805160587,-1.3200610998028104,0.9178673423515477
1982-10-08,10.7,0,-1.2455845251250068,0.4984317350262536,-0.31218850313667335,-1.5905256662680767,-1.320057812960151,0.9175405775593828,-0.1150269917284767
1982-10-09,8.6,0,0.49769477098254633,-0.312355048881451,-1.5901865821714574,-1.320062621322761,0.9175268550023598,-0.11519865814624508,-0.6314741587684887
1982-10-10,9.4,0,-0.31256180326462607,-1.5899584659481374,-1.3198408346833301,0.9174043868612142,-0.11520453021110692,-0.6315682759990587,-0.4347323808484839
1982-10-11,5.7,0,-1.589329738441989,-1.3196962046455691,0.9166558036275421,-0.1152726938390823,-0.63157022281784,-0.43485604062655814,-1.3446631037285053
1982-10-12,10.9,1,-1.3192442136929317,0.9161097752211321,-0.11557341405439915,-0.6316112341892304,-0.4348594827771796,-1.3446501292243729,-0.0658415472484753
1982-10-13,13.1,0,0.9150996728674538,-0.11580067702503795,-0.6316880228953695,-0.4349108378653642,-1.3446466554652334,-0.0660205993031197,0.47519834203153716
1982-10-14,10.4,0,-0.11613596708349355,-0.6317559031481227,-0.4350729338130949,-1.3446501708632443,-0.06602684520094158,0.4749380479712565,-0.18880515844847817
1982-10-15,8.2,0,-0.631753787058967,-0.4352015312917093,-1.3444177208186143,-0.06609759475811555,0.474927689910874,-0.1889657464109325,-0.7298450477284911
1982-10-16,9.8,0,-0.43532795087783405,-1.3442655011276208,-0.06641964178383027,0.4748284951325156,-0.18897105772635425,-0.7299243936853091,-0.3363614918884815
1982-10-17,7.5,0,-1.343797443215573,-0.06666208406093437,0.4742718531924243,-0.18903534246053177,-0.7299255928381703,-0.3364999229403078,-0.901994103408495
1982-10-18,5.8,0,-0.0670295080382101,0.473862438544202,-0.18930407246025183,-0.7299614323511634,-0.3365041127568494,-0.9020475996362469,-1.3200703814885046
1982-10-19,9.8,0,0.47314154145990484,-0.18950856647119266,-0.7299955674365068,-0.33656063970343114,-0.9020474903737479,-1.3200610998028104,-0.3363614918884815
1982-10-20,7.9,0,-0.1897956556514181,-0.7300330890763295,-0.3367653892719576,-0.902074279134546,-1.320057812960151,-0.3364999229403078,-0.8036232144484925
1982-10-21,8.7,0,-0.7299667051495334,-0.3369243453635025,-0.9020337703834969,-1.320062621322761,-0.3365041127568494,-0.8036914819499965,-0.6068814365284882
1982-10-22,10.0,0,-0.33711503278726757,-0.9020181644506909,-1.3198408346833301,-0.33656063970343114,-0.8036921203534176,-0.6069792465774964,-0.2871760474084806
1982-10-23,10.6,0,-0.9018393118080245,-1.3196962046455691,-0.3367653892719576,-0.8037240809726128,-0.6069813803127576,-0.28732186409718286,-0.1396197139684772
1982-10-24,8.0,0,-1.3192442136929317,-0.3369243453635025,-0.8037262258423595,-0.6070236846487471,-0.2873264277466845,-0.13978768756780754,-0.7790304922084921
1982-10-25,10.2,1,-0.33711503278726757,-0.8037409785224842,-0.6071111367600853,-0.28738554062246485,-0.13979337271618936,-0.779102452528434,-0.23799060292847957
1982-10-26,15.1,1,-0.803626393717458,-0.6071866066660712,-0.28761161700138915,-0.13986024337956546,-0.7791032778483352,-0.2381438052540579,0.9670527868315487
1982-10-27,13.9,0,-0.6072005575363255,-0.2877857523993994,-0.14015030018968339,-0.7791365314321297,-0.2381487427365196,0.9667186364025077,0.671940119951542
1982-10-28,9.2,0,-0.2880085737419846,-0.14036997350708952,-0.7791493397070753,-0.2382104415414985,0.9667045400125247,0.6716502833437572,-0.4839178253284853
1982-10-29,9.0,1,-0.14068919660613508,-0.7791716820404326,-0.23845784473082068,0.9665794859421805,0.6716384299515344,-0.4840340994696835,-0.5331032698084863
1982-10-30,13.2,0,-0.7790731641948164,-0.23864715943529624,0.9658095758981106,0.6715288914563817,-0.48403716778734496,-0.5332121583128084,0.4997910642715377
1982-10-31,7.0,0,-0.23890211469670153,0.9652483681852352,0.670886942274699,-0.48408593694633095,-0.5332148527975098,0.49952707739281893,-1.0249577146084978
1982-11-01,10.6,0,0.9642061319127367,0.6704168104006155,-0.4842267060836638,-0.5332610360272972,0.49951653241595645,-1.0249927467440596,-0.1396197139684772
1982-11-02,6.9,0,0.6695673776410378,-0.48434012425581285,-0.5333804783542322,0.49941604467299877,-1.0249917028991604,-0.13978768756780754,-1.0495504368484982
1982-11-03,9.5,1,-0.4844344099231175,-0.533478717219916,0.49884873932770857,-1.0250120268369622,-0.13979337271618936,-1.049581776165622,-0.41013965860848345
1982-11-04,12.5,1,-0.5335408689684005,0.4984317350262536,-1.0249182010599185,-0.13986024337956546,-1.049580545404243,-0.41026701120499565,0.3276420085915338
1982-11-05,13.6,1,0.49769477098254633,-1.0248646468609492,-0.14015030018968339,-1.0495995763774453,-0.41027064027209714,0.3274038714418812,0.5981619532315401
1982-11-06,17.7,1,-1.0246054594212324,-0.14036997350708952,-1.0494950871952027,-0.410323288324881,0.3273946348803789,0.5978831950790693,1.6064635650715635
1982-11-07,16.0,1,-0.14068919660613508,-1.0494339433430009,-0.41049604767781067,0.32730319788961626,0.5978719024362866,1.6060334013631343,1.188387286991554
1982-11-08,11.3,0,-1.049158688943874,-0.4106322348096577,0.3268105363807186,0.5977662428349318,1.6060144451446705,1.1880199011965709,0.0325293417115271
1982-11-09,10.5,1,-0.41077472135519255,0.3264466596518921,0.5971562838688459,1.6058557739947448,1.1880041225582676,0.03233551838313064,-0.16421243620847767
1982-11-10,14.4,0,0.32582216432405536,0.5967089209544603,1.6048086154155023,1.1878674318065299,0.03232852481938864,-0.16437671698937004,0.7949037311515448
1982-11-11,10.3,0,0.5959076890731129,1.6040500767185784,1.1870015511156693,0.03225260340381751,-0.1643822152212718,0.79459543045157,-0.21339788068847865
1982-11-12,9.0,0,1.6025900995014182,1.1863720365237003,0.03188790275730705,-0.1644477929200486,0.7945826424769471,-0.21355477583249496,-0.5331032698084863
1982-11-13,11.1,1,1.1851851976165113,0.03161510186727237,-0.1647271863249676,0.794466639158798,-0.2135599002314367,-0.5332121583128084,-0.016656102768474314
1982-11-14,14.5,1,0.03118341005235637,-0.1649392699891411,0.7937713729511205,-0.21362289200101492,-0.5332148527975098,-0.016842540459994747,0.8194964533915453
1982-11-15,18.0,1,-0.16524242612877657,0.7932632928108738,-0.21388095859553605,-0.5332610360272972,-0.01684916019077669,0.8191844598731324,1.6802417317915654
1982-11-16,12.8,0,0.7923335252542457,-0.21407786295324424,-0.5333804783542322,-0.01692249567714924,0.8191714849820295,1.679800489627822,0.40142017531153573
1982-11-17,10.7,0,-0.2143488851740596,-0.533478717219916,-0.01726586951326183,0.8190541886992811,1.6797809726599182,0.4011709597065691,-0.1150269917284767
1982-11-18,9.1,0,-0.5335408689684005,-0.017523491096831212,0.8183482590864047,1.6796184226161945,0.40116116239562666,-0.11519865814624508,-0.5085105475684858
1982-11-19,8.7,1,-0.017923048992927085,0.8178325892929253,1.6785392738213556,0.40106584651106614,-0.11520453021110692,-0.508623128891246,-0.6068814365284882
1982-11-20,12.4,1,0.8168867547768872,1.6777579661647335,0.4005411947865717,-0.1152726938390823,-0.5086260102924274,-0.6069792465774964,0.30304928635153333
1982-11-21,12.6,0,1.6762497880693432,0.40015454909804726,-0.11557341405439915,-0.5086734864868141,-0.6069813803127576,0.3028148420203187,0.35223473083153434
1982-11-22,10.3,1,0.3994818528919803,-0.11580067702503795,-0.508803592218948,-0.6070236846487471,0.3028057923752964,0.3519929008634437,-0.21339788068847865
1982-11-23,13.7,1,-0.11613596708349355,-0.5089094207378644,-0.6071111367600853,0.3027156483491331,0.3519834773854613,-0.21355477583249496,0.6227546754715405
1982-11-24,16.0,1,-0.508987639445759,-0.6071866066660712,0.30223365024543436,0.3518907474300994,-0.2135599002314367,0.6224722245006318,1.188387286991554
1982-11-25,15.8,1,-0.6072005575363255,0.30187736316984054,0.3513874225160028,-0.21362289200101492,0.6224607449413692,1.1880199011965709,1.1392018425115529
1982-11-26,12.1,1,0.3012689348014138,0.3510159561339437,-0.21388095859553605,0.622353792375415,1.1880041225582676,1.1388418423534459,0.22927111963153143
1982-11-27,12.5,1,0.35037539384669686,-0.21407786295324424,0.6217331700041301,1.1878674318065299,1.1388264375481028,0.22904775375563086,0.3276420085915338
1982-11-28,12.2,1,-0.2143488851740596,0.6212782174365119,1.1870015511156693,1.1386923327255634,0.22903926486004866,0.3274038714418812,0.25386384187153194
1982-11-29,13.7,1,0.6204609185957544,1.1863720365237003,1.137847778845101,0.2289529997276832,0.3273946348803789,0.25363678317719335,0.6227546754715405
1982-11-30,16.1,1,1.1851851976165113,1.1372334435595972,0.22850299183958125,0.32730319788961626,0.2536281073651311,0.6224722245006318,1.2129800092315548
1982-12-01,15.5,0,1.136078738571228,0.2281694737236854,0.3268105363807186,0.2535405492681663,0.6224607449413692,1.2126089306181338,1.0654236757915512
1982-12-02,10.3,0,0.22760924623348888,0.3264466596518921,0.2530798779748655,0.622353792375415,1.2125929650633505,1.065074754088758,-0.21339788068847865
1982-12-03,10.5,0,0.32582216432405536,0.252738770205737,0.6217331700041301,1.2124549813470133,1.0650599100328548,-0.21355477583249496,-0.16421243620847767
1982-12-04,11.0,1,0.2521624757561304,0.6212782174365119,1.2115784372509542,1.0649296841041136,-0.2135599002314367,-0.16437671698937004,-0.0412488250084748
1982-12-05,11.9,1,0.6204609185957544,1.2109413330057524,1.0641171204392479,-0.21362289200101492,-0.1643822152212718,-0.041431569881557224,0.18008567515153046
1982-12-06,13.0,1,1.2097384271391531,1.0635255541134419,-0.21388095859553605,-0.1644477929200486,-0.041438002695859136,0.17986969491250593,0.4506056197915367
1982-12-07,12.2,0,1.0624190500033033,-0.21407786295324424,-0.1647271863249676,-0.041510045217632394,0.17986157984988377,0.450349018549694,0.25386384187153194
1982-12-08,10.6,1,-0.2143488851740596,-0.1649392699891411,-0.04184275564854605,0.1797779006467169,0.45033884740579155,0.25363678317719335,-0.1396197139684772
1982-12-09,13.0,1,-0.16524242612877657,-0.04209278757888279,0.1793492195690128,0.4502409455920325,0.2536281073651311,-0.13978768756780754,0.4506056197915367
1982-12-10,13.0,1,-0.042476278515568594,0.17903088075958226,0.4496949670571401,0.2535405492681663,-0.13979337271618936,0.450349018549694,0.4506056197915367
1982-12-11,12.2,1,0.17850278718820586,0.44929314206215043,0.2530798779748655,-0.13986024337956546,0.45033884740579155,0.450349018549694,0.25386384187153194
1982-12-12,12.6,1,0.44858831193726334,0.252738770205737,-0.14015030018968339,0.4502409455920325,0.45033884740579155,0.25363678317719335,0.35223473083153434
1982-12-13,18.7,1,0.2521624757561304,-0.14036997350708952,0.4496949670571401,0.4502409455920325,0.2536281073651311,0.3519929008634437,1.8523907874715693
1982-12-14,15.2,1,-0.14068919660613508,0.44929314206215043,0.4496949670571401,0.2535405492681663,0.3519834773854613,1.85192369557876,0.9916455090715491
1982-12-15,15.3,1,0.44858831193726334,0.44929314206215043,0.2530798779748655,0.3518907474300994,1.8519028701954958,0.9913076658240701,1.01623823131155
1982-12-16,13.9,1,0.44858831193726334,0.252738770205737,0.3513874225160028,1.851731269399577,0.9912933825176071,1.0158966952456332,0.671940119951542
1982-12-17,15.8,1,0.2521624757561304,0.3510159561339437,1.8505774767683456,0.9911670354826636,1.01588222502269,0.6716502833437572,1.1392018425115529
1982-12-18,13.0,1,0.35037539384669686,1.849743041539095,0.9903864620333948,1.0157545850231473,0.6716384299515344,1.1388418423534459,0.4506056197915367
1982-12-19,13.0,1,1.848122394727834,0.9898176646672868,1.0149633481686795,0.6715288914563817,1.1388264375481028,0.450349018549694,0.4506056197915367
1982-12-20,13.7,1,0.9887593614353782,1.0143869611493388,0.670886942274699,1.1386923327255634,0.45033884740579155,0.450349018549694,0.6227546754715405
1982-12-21,12.0,0,1.0133125909580203,0.6704168104006155,1.137847778845101,0.4502409455920325,0.45033884740579155,0.6224722245006318,0.20467839739153096
1982-12-22,10.8,1,0.6695673776410378,1.1372334435595972,0.4496949670571401,0.4502409455920325,0.6224607449413692,0.2044587243340684,-0.09043426948847577
1982-12-23,15.6,1,1.136078738571228,0.44929314206215043,0.4496949670571401,0.622353792375415,0.20445042235496622,-0.09060962872468217,1.0900163980315516
1982-12-24,15.3,1,0.44858831193726334,0.44929314206215043,0.6217331700041301,0.20436545018720004,-0.09061568770602403,1.0896637835103204,1.01623823131155
1982-12-25,13.9,1,0.44858831193726334,0.6212782174365119,0.20392610570429703,-0.09068514429859871,1.0896487525379372,1.0158966952456332,0.671940119951542
1982-12-26,13.0,1,0.6204609185957544,0.20360017724163382,-0.09099652791911449,1.0895172336445966,1.01588222502269,0.6716502833437572,0.4506056197915367
1982-12-27,15.3,1,0.20305601671084736,-0.09123138054298593,1.088694006574532,1.0157545850231473,0.6716384299515344,0.450349018549694,1.01623823131155
1982-12-28,16.3,1,-0.09158273756085161,1.0880948505954935,1.0149633481686795,0.6715288914563817,0.45033884740579155,1.0158966952456332,1.2621654537115559
1982-12-29,15.8,1,1.0869722795259447,1.0143869611493388,0.670886942274699,0.4502409455920325,1.01588222502269,1.2617869894612588,1.1392018425115529
1982-12-30,17.7,1,1.0133125909580203,0.6704168104006155,0.4496949670571401,1.0157545850231473,1.2617706500735153,1.1388418423534459,1.6064635650715635
1982-12-31,16.3,1,0.6695673776410378,0.44929314206215043,1.0149633481686795,1.2616300804279796,1.1388264375481028,1.6060334013631343,1.2621654537115559
1983-01-01,18.4,1,0.44858831193726334,1.0143869611493388,1.2607322095215225,1.1386923327255634,1.6060144451446705,1.2617869894612588,1.7786126207515673
1983-01-02,15.0,0,1.0133125909580203,1.2600799259698554,1.137847778845101,1.6058557739947448,1.2617706500735153,1.778156607314072,0.9424600645915482
1983-01-03,10.9,1,1.2588448861844361,1.1372334435595972,1.6048086154155023,1.2616300804279796,1.7781363426802481,0.9421296069809453,-0.0658415472484753
1983-01-04,11.4,1,1.136078738571228,1.6040500767185784,1.2607322095215225,1.7779686207781273,0.9421156975074423,-0.0660205993031197,0.05712206395152759
1983-01-05,14.8,1,1.6025900995014182,1.2600799259698554,1.7768468183624924,0.9419919364016973,-0.06602684520094158,0.05692454780469311,0.8932746201115472
1983-01-06,12.1,1,1.2588448861844361,1.7760351520929398,0.9412326897628263,-0.06609759475811555,0.056917367324471085,0.8929515481378203,0.22927111963153143
1983-01-07,12.8,1,1.7744627061599092,0.9406790717031837,-0.06641964178383027,0.05684015294430066,0.8929380124972773,0.22904775375563086,0.40142017531153573
1983-01-08,16.2,1,0.9396529023900952,-0.06666208406093437,0.056464788892591274,0.892816837320731,0.22903926486004866,0.4011709597065691,1.237572731471555
1983-01-09,15.5,1,-0.0670295080382101,0.05618439834932394,0.8920789174922579,0.2289529997276832,0.40116116239562666,1.2371979600396958,1.0654236757915512
1983-01-10,13.0,0,0.05573663957499788,0.8915404787390805,0.22850299183958125,0.40106584651106614,1.2371818075684324,1.065074754088758,0.4506056197915367
1983-01-11,10.5,0,0.8905464433448123,0.2281694737236854,0.4005411947865717,1.2370425308874962,1.0650599100328548,0.450349018549694,-0.16421243620847767
1983-01-12,9.1,0,0.22760924623348888,0.40015454909804726,1.236155323386238,1.0649296841041136,0.45033884740579155,-0.16437671698937004,-0.5085105475684858
1983-01-13,10.5,1,0.3994818528919803,1.2355106294878033,1.0641171204392479,0.4502409455920325,-0.1643822152212718,-0.508623128891246,-0.16421243620847767
1983-01-14,11.8,1,1.2342916566617943,1.0635255541134419,0.4496949670571401,-0.1644477929200486,-0.5086260102924274,-0.16437671698937004,0.15549295291152998
1983-01-15,12.7,1,1.0624190500033033,0.44929314206215043,-0.1647271863249676,-0.5086734864868141,-0.1643822152212718,0.15528066549094344,0.3768274530715348
1983-01-16,12.7,1,0.44858831193726334,-0.1649392699891411,-0.508803592218948,-0.1644477929200486,0.15527273734480132,0.37658193028500614,0.3768274530715348
1983-01-17,11.5,1,-0.16524242612877657,-0.5089094207378644,-0.1647271863249676,0.15519035110623372,0.3765723198905438,0.37658193028500614,0.08171478619152807
1983-01-18,13.8,1,-0.508987639445759,-0.1649392699891411,0.1547723334337286,0.37647829697058255,0.3765723198905438,0.08151357722625559,0.6473473977115415
1983-01-19,13.3,1,-0.16524242612877657,0.15446158427753068,0.37596430865128705,0.37647829697058255,0.08150620982955353,0.6470612539221947,0.5243837865115386
1983-01-20,11.6,1,0.15394955766556434,0.3755852526159953,0.37596430865128705,0.08142770248478383,0.647049587446452,0.5241161068143819,0.10630750843152856
1983-01-21,15.4,1,0.37492862336933835,0.3755852526159953,0.08104167502787549,0.6469413419158986,0.5241053749210394,0.10610260664781807,1.0408309535515505
1983-01-22,12.4,1,0.37492862336933835,0.08075369483137552,0.6463100561394147,0.5240035942134824,0.10609505233463598,1.0404857246671955,0.30304928635153333
1983-01-23,16.9,1,0.08028986909763938,0.6458475139185639,0.5234256254629932,0.10601525202526697,1.0404710675277724,0.3028148420203187,1.4097217871515588
1983-01-24,14.7,0,0.6450141481183963,0.5230010315083056,0.10561856116315971,1.0403421345636303,0.3028057923752964,1.4093211659906335,0.8686818978715463
1983-01-25,10.6,1,0.5222480005051883,0.1053229913134271,1.0395402343039637,0.3027156483491331,1.40930370510401,0.8683625187162574,-0.1396197139684772
1983-01-26,15.6,0,0.10484309862028089,1.0389562576313904,0.30223365024543436,1.4091553776708787,0.8683491699921945,-0.13978768756780754,1.0900163980315516
1983-01-27,10.7,1,1.0378658204806617,0.30187736316984054,1.408193526333228,0.8682292877802474,-0.13979337271618936,1.0896637835103204,-0.1150269917284767
1983-01-28,12.6,1,0.3012689348014138,1.4074957048621648,0.8675020313569732,-0.13986024337956546,1.0896487525379372,-0.11519865814624508,0.35223473083153434
1983-01-29,13.8,1,1.4061642633202853,0.8669711822570285,-0.14015030018968339,1.0895172336445966,-0.11520453021110692,0.3519929008634437,0.6473473977115415
1983-01-30,14.3,1,0.8659932138221703,-0.14036997350708952,1.088694006574532,-0.1152726938390823,0.3519834773854613,0.6470612539221947,0.7703110089115444
1983-01-31,14.0,1,-0.14068919660613508,1.0880948505954935,-0.11557341405439915,0.3518907474300994,0.647049587446452,0.7700064010300075,0.6965328421915424
1983-02-01,18.1,1,1.0869722795259447,-0.11580067702503795,0.3513874225160028,0.6469413419158986,0.7699937999718647,0.6962393127653196,1.7048344540315663
1983-02-02,17.3,1,-0.11613596708349355,0.3510159561339437,0.6463100561394147,0.7698790896183149,0.6962272724566169,1.704389519049385,1.5080926761115616
1983-02-03,13.0,1,0.35037539384669686,0.6458475139185639,0.7691944868158364,0.6961164409968649,1.704369815165001,1.5076772836768844,0.4506056197915367
1983-02-04,16.0,1,0.6450141481183963,0.7686939963288222,0.6954638284099832,1.7042059721566782,1.5076590751243406,0.450349018549694,1.188387286991554
1983-02-05,14.9,1,0.7677802957316042,0.694986106882667,1.7031161599566402,1.5075055758328122,0.45033884740579155,1.1880199011965709,0.9178673423515477
1983-02-06,16.2,1,0.6941206071636793,1.7023272626467856,1.5065010708743656,0.4502409455920325,1.1880041225582676,0.9175405775593828,1.237572731471555
1983-02-07,20.3,1,1.700803017591985,1.505772890790372,0.4496949670571401,1.1878674318065299,0.9175268550023598,1.2371979600396958,2.245874343311579
1983-02-08,22.5,1,1.5043771814108522,0.44929314206215043,1.1870015511156693,0.9174043868612142,1.2371818075684324,2.2453481663237613,2.786914232591591
1983-02-09,17.2,1,0.44858831193726334,1.1863720365237003,0.9166558036275421,1.2370425308874962,2.2453243502768165,2.7863068135981375,1.4834999538715608
1983-02-10,15.9,1,1.1851851976165113,0.9161097752211321,1.236155323386238,2.2451320620473094,2.7862788853886324,1.4830882542553214,1.1637945647515535
1983-02-11,16.8,1,0.9150996728674538,1.2355106294878033,2.243807654932895,2.7860581519379406,1.4830702326192577,1.1634308717750084,1.3851290649115586
1983-02-12,13.8,1,1.2342916566617943,2.2428517852519216,2.7844991499091494,1.4829180262923285,1.1634152800531852,1.3847321365690715,0.6473473977115415
1983-02-13,12.8,1,2.2409740670901,2.783376307857058,1.481924184739081,1.1632798822660466,1.384714862598928,0.6470612539221947,0.40142017531153573
1983-02-14,14.0,1,2.781145116588215,1.48120359430832,1.162424664980385,1.384567828130396,0.647049587446452,0.4011709597065691,0.6965328421915424
1983-02-15,17.5,1,1.4798239518882101,1.1618027400416486,1.383616640197944,0.6469413419158986,0.40116116239562666,0.6962393127653196,1.5572781205915627
1983-02-16,21.5,1,1.1606319680938697,1.3829264083801138,0.6463100561394147,0.40106584651106614,0.6962272724566169,1.5568553425200093,2.5409870101915857
1983-02-17,16.8,1,1.3816110337976442,0.6458475139185639,0.4005411947865717,0.6961164409968649,1.5568367601345057,2.5404165193825117,1.3851290649115586
1983-02-18,13.6,1,0.6450141481183963,0.40015454909804726,0.6954638284099832,1.5566806749137785,2.540390460337807,1.3847321365690715,0.5981619532315401
1983-02-19,14.5,1,0.3994818528919803,0.694986106882667,1.555654843144934,2.540182656533108,1.384714862598928,0.5978831950790693,0.8194964533915453
1983-02-20,14.2,1,0.6941206071636793,1.554911483754475,2.5387302885563066,1.384567828130396,0.5978719024362866,0.8191844598731324,0.7457182866715434
1983-02-21,15.7,1,1.5534836404561352,2.5376833430365417,1.383616640197944,0.5977662428349318,0.8191714849820295,0.7454173716084446,1.114609120271552
1983-02-22,19.7,1,2.535612821361799,1.3829264083801138,0.5971562838688459,0.8190541886992811,0.7454049574667818,1.114252812931883,2.098318009871575
1983-02-23,17.4,1,1.3816110337976442,0.5967089209544603,0.8183482590864047,0.7452915400778313,1.11423759504302,2.0978139897943855,1.5326853983515616
1983-02-24,14.4,1,0.5959076890731129,0.8178325892929253,0.7446176006805516,1.1141047831850799,2.097791295246321,1.5322663130984464,0.7949037311515448
1983-02-25,16.9,1,0.8168867547768872,0.7441246998467702,1.1132708927098163,2.0976067648044094,1.5322479176294228,0.79459543045157,1.4097217871515588
1983-02-26,19.1,1,0.7432270662089623,1.1126641470775451,2.0963463381211884,1.5320931253732948,0.7945826424769471,1.4093211659906335,1.950761676431572
1983-02-27,20.4,1,1.1115255090485863,2.0954360063596114,1.5310779570096493,0.794466639158798,1.40930370510401,1.9502798132650105,2.270467065551579
1983-02-28,20.1,1,2.09365468995425,1.5303421872724232,0.7937713729511205,1.4091553776708787,1.9502582402158264,2.269937195745323,2.196688898831578
1983-03-01,19.9,1,1.5289304109334931,0.7932632928108738,1.408193526333228,1.9500814675615106,2.2699131927818987,2.1961701074806363,2.147503454351576
1983-03-02,22.0,1,0.7923335252542457,1.4074957048621648,1.9488850213094833,2.2697196115877922,2.1961466652666517,2.1469920486375105,2.6639506213915882
1983-03-03,20.5,1,1.4061642633202853,1.9480202274673022,2.2683845410681784,2.195956962966343,2.146968980256486,2.6633616664903244,2.2950597877915797
1983-03-04,22.1,1,1.946335312818401,2.267421081733973,2.1946538826623265,2.146781863885376,2.6633346728632197,2.2945262251668863,2.6885433436315895
1983-03-05,20.6,1,2.265527296612741,2.193713192287819,2.1455001103917573,2.6631204042355243,2.294502035286982,2.6879506959118875,2.3196525100315806
1983-03-06,15.0,1,2.191867608044817,2.1445745993237146,2.6616147192327277,2.294307161128276,2.6879235153683023,2.319115254588449,0.9424600645915482
1983-03-07,20.6,1,2.1427611489995333,2.6605298254467997,2.2929614272034633,2.687707953776008,2.3190908777920645,0.9421296069809453,2.3196525100315806
1983-03-08,21.5,1,2.658378968975007,2.291990378216025,2.6861916053680126,2.318894710668759,0.9421156975074423,2.319115254588449,2.5409870101915857
1983-03-09,16.2,1,2.290080526135383,2.685099121928852,2.317538313338748,0.9419919364016973,2.3190908777920645,2.5404165193825117,1.237572731471555
1983-03-10,14.1,1,2.682932198497649,2.316559674698077,0.9412326897628263,2.318894710668759,2.540390460337807,1.2371979600396958,0.721125564431543
1983-03-11,14.5,1,2.3146337556580248,0.9406790717031837,2.317538313338748,2.540182656533108,1.2371818075684324,0.7208283421868821,0.8194964533915453
1983-03-12,21.1,1,0.9396529023900952,2.316559674698077,2.5387302885563066,1.2370425308874962,0.7208161149616994,0.8191844598731324,2.4426161212315836
1983-03-13,15.9,1,2.3146337556580248,2.5376833430365417,1.236155323386238,0.720703990537348,0.8191714849820295,2.4420604016962617,1.1637945647515535
1983-03-14,15.2,1,2.535612821361799,1.2355106294878033,0.7200407145452674,0.8190541886992811,2.4420350903174772,1.1634308717750084,0.9916455090715491
1983-03-15,13.1,1,1.2342916566617943,0.7195554033647186,0.8183482590864047,2.4418324583711755,1.1634152800531852,0.9913076658240701,0.47519834203153716
1983-03-16,13.2,1,0.7186738366863208,0.8178325892929253,2.4404227440151693,1.1632798822660466,0.9912933825176071,0.4749380479712565,0.4997910642715377
1983-03-17,12.5,1,0.8168867547768872,2.439406157108335,1.162424664980385,0.9911670354826636,0.474927689910874,0.49952707739281893,0.3276420085915338
1983-03-18,15.2,1,2.437399903271233,1.1618027400416486,0.9903864620333948,0.4748284951325156,0.49951653241595645,0.3274038714418812,0.9916455090715491
1983-03-19,17.6,1,1.1606319680938697,0.9898176646672868,0.4742718531924243,0.49941604467299877,0.3273946348803789,0.9913076658240701,1.5818708428315635
1983-03-20,15.5,1,0.9887593614353782,0.473862438544202,0.49884873932770857,0.32730319788961626,0.9912933825176071,1.5814443719415723,1.0654236757915512
1983-03-21,16.7,1,0.47314154145990484,0.4984317350262536,0.3268105363807186,0.9911670354826636,1.5814256026395885,1.065074754088758,1.3605363426715578
1983-03-22,16.3,1,0.49769477098254633,0.3264466596518921,0.9903864620333948,1.581268224454262,1.0650599100328548,1.3601431071475085,1.2621654537115559
1983-03-23,15.1,1,0.32582216432405536,0.9898176646672868,1.5802317292802186,1.0649296841041136,1.3601260200938452,1.2617869894612588,0.9670527868315487
1983-03-24,12.7,0,0.9887593614353782,1.5794807802365272,1.0641171204392479,1.3599802785899122,1.2617706500735153,0.9667186364025077,0.3768274530715348
1983-03-25,10.0,1,1.578036869978777,1.0635255541134419,1.3590397540626593,1.2616300804279796,0.9667045400125247,0.37658193028500614,-0.2871760474084806
1983-03-26,11.4,1,1.0624190500033033,1.3583571118980617,1.2607322095215225,0.9665794859421805,0.3765723198905438,-0.28732186409718286,0.05712206395152759
1983-03-27,12.6,0,1.357057804275002,1.2600799259698554,0.9658095758981106,0.37647829697058255,-0.2873264277466845,0.05692454780469311,0.35223473083153434
1983-03-28,10.7,0,1.2588448861844361,0.9652483681852352,0.37596430865128705,-0.28738554062246485,0.056917367324471085,0.3519929008634437,-0.1150269917284767
1983-03-29,10.0,1,0.9642061319127367,0.3755852526159953,-0.28761161700138915,0.05684015294430066,0.3519834773854613,-0.11519865814624508,-0.2871760474084806
1983-03-30,13.9,1,0.37492862336933835,-0.2877857523993994,0.056464788892591274,0.3518907474300994,-0.11520453021110692,-0.28732186409718286,0.671940119951542
1983-03-31,13.4,1,-0.2880085737419846,0.05618439834932394,0.3513874225160028,-0.1152726938390823,-0.2873264277466845,0.6716502833437572,0.5489765087515391
1983-04-01,12.5,1,0.05573663957499788,0.3510159561339437,-0.11557341405439915,-0.28738554062246485,0.6716384299515344,0.5487051362359443,0.3276420085915338
1983-04-02,12.8,0,0.35037539384669686,-0.11580067702503795,-0.28761161700138915,0.6715288914563817,0.5486942174261218,0.3274038714418812,0.40142017531153573
1983-04-03,7.8,0,-0.11613596708349355,-0.2877857523993994,0.670886942274699,0.5485911437539656,0.3273946348803789,0.4011709597065691,-0.8282159366884932
1983-04-04,11.1,0,-0.2880085737419846,0.6704168104006155,0.5480025115982774,0.32730319788961626,0.40116116239562666,-0.8282805113715592,-0.016656102768474314
1983-04-05,10.7,0,0.6695673776410378,0.5475703279903572,0.3268105363807186,0.40106584651106614,-0.8282809628585003,-0.016842540459994747,-0.1150269917284767
1983-04-06,7.1,0,0.5468012300278298,0.3264466596518921,0.4005411947865717,-0.8283116305130962,-0.01684916019077669,-0.11519865814624508,-1.0003649923684974
1983-04-07,6.7,0,0.32582216432405536,0.40015454909804726,-0.828303111977644,-0.01692249567714924,-0.11520453021110692,-1.000403717322497,-1.0987358813284995
1983-04-08,5.7,0,0.3994818528919803,-0.828310275004536,-0.01726586951326183,-0.1152726938390823,-1.000402860394078,-1.0987598350087473,-1.3446631037285053
1983-04-09,9.1,1,-0.8281796232400997,-0.017523491096831212,-0.11557341405439915,-1.000424477296479,-1.0987582304144081,-1.3446501292243729,-0.5085105475684858
1983-04-10,15.2,1,-0.017923048992927085,-0.11580067702503795,-1.000341314924634,-1.0987746754584118,-1.3446466554652334,-0.508623128891246,0.9916455090715491
1983-04-11,15.5,0,-0.11613596708349355,-1.0002953503788976,-1.0986488594657713,-1.3446501708632443,-0.5086260102924274,0.9913076658240701,1.0654236757915512
1983-04-12,11.1,1,-1.000052229898591,-1.0985725363071042,-1.3444177208186143,-0.5086734864868141,0.9912933825176071,1.065074754088758,-0.016656102768474314
1983-04-13,11.7,1,-1.0982651479891572,-1.3442655011276208,-0.508803592218948,0.9911670354826636,1.0650599100328548,-0.016842540459994747,0.13090023067152906
1983-04-14,11.5,0,-1.343797443215573,-0.5089094207378644,0.9903864620333948,1.0649296841041136,-0.01684916019077669,0.13069163606938053,0.08171478619152807
1983-04-15,9.8,0,-0.508987639445759,0.9898176646672868,1.0641171204392479,-0.01692249567714924,0.13068389483971843,0.08151357722625559,-0.3363614918884815
1983-04-16,6.2,0,0.9887593614353782,1.0635255541134419,-0.01726586951326183,0.13060280156575013,0.08150620982955353,-0.3364999229403078,-1.2216994925285023
1983-04-17,6.7,0,1.0624190500033033,-0.017523491096831212,0.13019544729844393,0.08142770248478383,-0.3365041127568494,-1.2217049821165602,-1.0987358813284995
1983-04-18,7.5,0,-0.017923048992927085,0.12989228779547868,0.08104167502787549,-0.33656063970343114,-1.2217024429398207,-1.0987598350087473,-0.901994103408495
1983-04-19,8.8,0,0.1293963281429224,0.08075369483137552,-0.3367653892719576,-1.221712423160828,-1.0987582304144081,-0.9020475996362469,-0.5822887142884873
1983-04-20,8.0,0,0.08028986909763938,-0.3369243453635025,-1.221533290142193,-1.0987746754584118,-0.9020474903737479,-0.5823902171559334,-0.7790304922084921
1983-04-21,10.4,1,-0.33711503278726757,-1.2214190187173624,-1.0986488594657713,-0.902074279134546,-0.5823925378076747,-0.779102452528434,-0.18880515844847817
1983-04-22,14.5,1,-1.2210312956023652,-1.0985725363071042,-0.9020337703834969,-0.5824361351082635,-0.7791032778483352,-0.1889657464109325,0.8194964533915453
1983-04-23,16.5,1,-1.0982651479891572,-0.9020181644506909,-0.5825342506248007,-0.7791365314321297,-0.18897105772635425,0.8191844598731324,1.311350898191557
1983-04-24,14.1,0,-0.9018393118080245,-0.5826173101840192,-0.7791493397070753,-0.18903534246053177,0.8191714849820295,1.3109650483043838,0.721125564431543
1983-04-25,10.5,1,-0.5826473280136836,-0.7791716820404326,-0.18930407246025183,0.8190541886992811,1.3109483350836804,0.7208283421868821,-0.16421243620847767
1983-04-26,12.6,1,-0.7790731641948164,-0.18950856647119266,0.8183482590864047,1.310805179508946,0.7208161149616994,-0.16437671698937004,0.35223473083153434
1983-04-27,13.0,0,-0.1897956556514181,0.8178325892929253,1.309885981792091,0.720703990537348,-0.1643822152212718,0.3519929008634437,0.4506056197915367
1983-04-28,8.7,0,0.8168867547768872,1.3092185189339585,0.7200407145452674,-0.1644477929200486,0.3519834773854613,0.450349018549694,-0.6068814365284882
1983-04-29,10.1,1,1.3079513452297191,0.7195554033647186,-0.1647271863249676,0.3518907474300994,0.45033884740579155,-0.6069792465774964,-0.26258332516848004
1983-04-30,12.0,1,0.7186738366863208,-0.1649392699891411,0.3513874225160028,0.4502409455920325,-0.6069813803127576,-0.26273283467562036,0.20467839739153096
1983-05-01,12.5,1,-0.16524242612877657,0.3510159561339437,0.4496949670571401,-0.6070236846487471,-0.262737585241602,0.2044587243340684,0.3276420085915338
1983-05-02,13.5,1,0.35037539384669686,0.44929314206215043,-0.6071111367600853,-0.26279799108198165,0.20445042235496622,0.3274038714418812,0.5735692309915396
1983-05-03,13.7,1,0.44858831193726334,-0.6071866066660712,-0.2630347308661049,0.20436545018720004,0.3273946348803789,0.5732941656575068,0.6227546754715405
1983-05-04,13.5,0,-0.6072005575363255,-0.2632164559173478,0.20392610570429703,0.32730319788961626,0.5732830599312042,0.6224722245006318,0.5735692309915396
1983-05-05,10.7,1,-0.263455344219343,0.20360017724163382,0.3268105363807186,0.5731786932944487,0.6224607449413692,0.5732941656575068,-0.1150269917284767
1983-05-06,13.0,1,0.20305601671084736,0.3264466596518921,0.5725793977335617,0.622353792375415,0.5732830599312042,-0.11519865814624508,0.4506056197915367
1983-05-07,11.6,1,0.32582216432405536,0.5721396244724087,0.6217331700041301,0.5731786932944487,-0.11520453021110692,0.450349018549694,0.10630750843152856
1983-05-08,13.0,1,0.5713544595504713,0.6212782174365119,0.5725793977335617,-0.1152726938390823,0.45033884740579155,0.10610260664781807,0.4506056197915367
1983-05-09,11.2,1,0.6204609185957544,0.5721396244724087,-0.11557341405439915,0.4502409455920325,0.10609505233463598,0.450349018549694,0.007936619471526173
1983-05-10,13.5,1,0.5713544595504713,-0.11580067702503795,0.4496949670571401,0.10601525202526697,0.45033884740579155,0.0077464889615677275,0.5735692309915396
1983-05-11,12.9,0,-0.11613596708349355,0.44929314206215043,0.10561856116315971,0.4502409455920325,0.007739682314305756,0.5732941656575068,0.4260128975515362
1983-05-12,6.8,0,0.44858831193726334,0.1053229913134271,0.4496949670571401,0.007665053863333917,0.5732830599312042,0.4257599891281315,-1.0741431590884989
1983-05-13,10.0,1,0.10484309862028089,0.44929314206215043,0.007311016622022392,0.5731786932944487,0.4257500049007091,-1.0741708055871848,-0.2871760474084806
1983-05-14,14.5,1,0.44858831193726334,0.007045805385220361,0.5725793977335617,0.42565339605154934,-1.0741693879093257,-0.28732186409718286,0.8194964533915453
1983-05-15,11.7,0,0.0066301805297144245,0.5721396244724087,0.4251180809218559,-1.0741871259179288,-0.2873264277466845,0.8191844598731324,0.13090023067152906
1983-05-16,6.7,0,0.5713544595504713,0.42472384558009885,-1.074071973330487,-0.28738554062246485,0.8191714849820295,0.13069163606938053,-1.0987358813284995
1983-05-17,4.6,0,0.42403508241462184,-1.0740032398250525,-0.28761161700138915,0.8190541886992811,0.13068389483971843,-1.0987598350087473,-1.6151830483685117
1983-05-18,4.9,0,-1.0737119184665156,-0.2877857523993994,0.8183482590864047,0.13060280156575013,-1.0987582304144081,-1.6151294528615612,-1.5414048816485098
1983-05-19,7.4,0,-0.2880085737419846,0.8178325892929253,0.13019544729844393,-1.0987746754584118,-1.6151239230211414,-1.5413623645968735,-0.9265868256484954
1983-05-20,8.3,0,0.8168867547768872,0.12989228779547868,-1.0986488594657713,-1.6151132158085602,-1.5413573955058937,-0.9266366290578093,-0.7052523254884902
1983-05-21,7.5,0,0.1293963281429224,-1.0985725363071042,-1.614763468306742,-1.5413505671871102,-0.9266363328788303,-0.7053353642637462,-0.901994103408495
1983-05-22,6.2,0,-1.0982651479891572,-1.6145277624301893,-1.5410328099008888,-0.9266618286750291,-0.7053367503330874,-0.9020475996362469,-1.2216994925285023
1983-05-23,7.8,1,-1.613882967964631,-1.5408198729840341,-0.926610656518781,-0.7053738828106798,-0.9020474903737479,-1.2217049821165602,-0.8282159366884932
1983-05-24,13.2,1,-1.540223279396706,-0.9265874609327425,-0.7054186813012222,-0.902074279134546,-1.2217024429398207,-0.8282805113715592,0.4997910642715377
1983-05-25,11.9,0,-0.926392541330666,-0.7054637925942775,-0.9020337703834969,-1.221712423160828,-0.8282809628585003,0.49952707739281893,0.18008567515153046
1983-05-26,6.5,0,-0.7054134756268915,-0.9020181644506909,-1.221533290142193,-0.8283116305130962,0.49951653241595645,0.17986969491250593,-1.1479213258085006
1983-05-27,8.3,1,-0.9018393118080245,-1.2214190187173624,-0.828303111977644,0.49941604467299877,0.17986157984988377,-1.1479378938518725,-0.7052523254884902
1983-05-28,12.1,0,-1.2210312956023652,-0.828310275004536,0.49884873932770857,0.1797779006467169,-1.1479359154245732,-0.7053353642637462,0.22927111963153143
1983-05-29,9.3,0,-0.8281796232400997,0.4984317350262536,0.1793492195690128,-1.1479497745393783,-0.7053367503330874,0.22904775375563086,-0.4593251030884844
1983-05-30,7.5,0,0.49769477098254633,0.17903088075958226,-1.14780263173634,-0.7053738828106798,0.22903926486004866,-0.4594450700481206,-0.901994103408495
1983-05-31,9.3,0,0.17850278718820586,-1.1477111292712074,-0.7054186813012222,0.2289529997276832,-0.45944832528226204,-0.9020475996362469,-0.4593251030884844
1983-06-01,11.0,0,-1.1473716070344404,-0.7054637925942775,0.22850299183958125,-0.45949838740584736,-0.9020474903737479,-0.4594450700481206,-0.0412488250084748
1983-06-02,10.8,0,-0.7054134756268915,0.2281694737236854,-0.4596498199483791,-0.902074279134546,-0.45944832528226204,-0.041431569881557224,-0.09043426948847577
1983-06-03,5.3,0,0.22760924623348888,-0.4597708277737608,-0.9020337703834969,-0.45949838740584736,-0.041438002695859136,-0.09060962872468217,-1.4430339926885076
1983-06-04,7.6,0,-0.45988118040047554,-0.9020181644506909,-0.4596498199483791,-0.041510045217632394,-0.09061568770602403,-1.4430062469106233,-0.8774013811684944
1983-06-05,5.6,0,-0.9018393118080245,-0.4597708277737608,-0.04184275564854605,-0.09068514429859871,-1.4430020254855636,-0.8774585702146844,-1.369255825968506
1983-06-06,7.2,0,-0.45988118040047554,-0.04209278757888279,-0.09099652791911449,-1.4430003690251774,-0.8774586478686653,-1.3692391586459356,-0.9757722701284967
1983-06-07,9.6,0,-0.042476278515568594,-0.09123138054298593,-1.4427252653597518,-0.8774867295940627,-1.369235497970316,-0.9758146879009345,-0.3855469363684829
1983-06-08,7.0,0,-0.09158273756085161,-1.4425426870558276,-0.8774568842482127,-1.3692377204037276,-0.9758140178889954,-0.38567798178343315,-1.0249577146084978
1983-06-09,8.3,0,-1.4420103613061397,-0.8774488679686393,-1.3689946069538987,-0.9758369277559956,-0.3856817977670147,-1.0249927467440596,-0.7052523254884902
1983-06-10,7.8,0,-0.877286082285383,-1.3688347976096726,-0.9757644287893498,-0.3857357387843979,-1.0249917028991604,-0.7053353642637462,-0.8282159366884932
1983-06-11,4.7,0,-1.3683506727382149,-0.9757260538968459,-0.3859191615425265,-1.0250120268369622,-0.7053367503330874,-0.8282805113715592,-1.590590326128511
1983-06-12,6.8,0,-0.9754990003759492,-0.38606293832760613,-1.0249182010599185,-0.7053738828106798,-0.8282809628585003,-1.5905404234399985,-1.0741431590884989
1983-06-13,7.2,0,-0.386221491832551,-1.0248646468609492,-0.7054186813012222,-0.8283116305130962,-1.5905350805160587,-1.0741708055871848,-0.9757722701284967
1983-06-14,8.3,0,-1.0246054594212324,-0.7054637925942775,-0.828303111977644,-1.5905256662680767,-1.0741693879093257,-0.9758146879009345,-0.7052523254884902
1983-06-15,9.5,0,-0.7054134756268915,-0.828310275004536,-1.5901865821714574,-1.0741871259179288,-0.9758140178889954,-0.7053353642637462,-0.41013965860848345
1983-06-16,4.7,0,-0.8281796232400997,-1.5899584659481374,-1.074071973330487,-0.9758369277559956,-0.7053367503330874,-0.41026701120499565,-1.590590326128511
1983-06-17,3.0,0,-1.589329738441989,-1.0740032398250525,-0.9757644287893498,-0.7053738828106798,-0.41027064027209714,-1.5905404234399985,-2.008666604208521
1983-06-18,1.5,0,-1.0737119184665156,-0.9757260538968459,-0.7054186813012222,-0.410323288324881,-1.5905350805160587,-2.008553923606562,-2.3775574378085294
1983-06-19,2.5,0,-0.9754990003759492,-0.7054637925942775,-0.41049604767781067,-1.5905256662680767,-2.008545403102462,-2.3773893649300004,-2.131630215408524
1983-06-20,6.2,1,-0.7054134756268915,-0.4106322348096577,-1.5901865821714574,-2.008514008456292,-2.3773780406786997,-2.131499070714375,-1.2216994925285023
1983-06-21,11.6,0,-0.41077472135519255,-1.5899584659481374,-2.0079936464712906,-2.3773272515635404,-2.1314896156278746,-1.2217049821165602,0.10630750843152856
1983-06-22,6.6,0,-1.589329738441989,-2.0076365061430157,-2.3766469385005555,-2.1314517561587083,-1.2217024429398207,0.10610260664781807,-1.1233286035685002
1983-06-23,6.6,0,-2.006734640326896,-2.3761759533737905,-2.1308780771477123,-1.221712423160828,0.10609505233463598,-1.12334886443031,-1.1233286035685002
1983-06-24,8.0,0,-2.37503308316652,-2.130482988553274,-1.221533290142193,0.10601525202526697,-1.1233470729194908,-1.12334886443031,-0.7790304922084921
1983-06-25,7.9,0,-2.1295007879401044,-1.2214190187173624,0.10561856116315971,-1.1233622249988953,-1.1233470729194908,-0.779102452528434,-0.8036232144484925
1983-06-26,3.3,0,-1.2210312956023652,0.1053229913134271,-1.1232257456010557,-1.1233622249988953,-0.7791032778483352,-0.8036914819499965,-1.9348884374885191
1983-06-27,3.9,0,0.10484309862028089,-1.123141832789156,-1.1232257456010557,-0.7791365314321297,-0.8036921203534176,-1.9347868353418745,-1.7873321040485155
1983-06-28,6.0,0,-1.1228183775117988,-1.123141832789156,-0.7791493397070753,-0.8037240809726128,-1.9347788755872144,-1.787252658812499,-1.2708849370085036
1983-06-29,4.0,0,-1.1228183775117988,-0.7791716820404326,-0.8037262258423595,-1.9347513598348423,-1.787245820556719,-1.2708830409596852,-1.762739381808515
1983-06-30,5.5,0,-0.7790731641948164,-0.8037409785224842,-1.9342629880654378,-1.7872260625919425,-1.270880127949986,-1.7626636293909366,-1.3938485482085063
1983-07-01,8.5,0,-0.803626393717458,-1.9339286166968608,-1.7868016712537318,-1.2708875222417946,-1.7626569780516366,-1.393828188067498,-0.6560668810084892
1983-07-02,9.8,0,-1.9330749517589716,-1.7865128378045507,-1.2706870624127615,-1.7626385130514595,-1.3938243404753985,-0.6561573054206212,-0.3363614918884815
1983-07-03,9.5,0,-1.7857555746231217,-1.2705576116814659,-1.7622247851184476,-1.3938252699442109,-0.6561590653229225,-0.3364999229403078,-0.41013965860848345
1983-07-04,7.2,0,-1.2701377546476484,-1.761943541322499,-1.393571493089183,-0.6561987837297135,-0.3365041127568494,-0.41026701120499565,-0.9757722701284967
1983-07-05,8.1,0,-1.7612023451004803,-1.393404094091724,-0.6562649090306538,-0.33656063970343114,-0.41027064027209714,-0.9758146879009345,-0.7544377699684915
1983-07-06,8.0,0,-1.3929039022608565,-0.6563251996301743,-0.3367653892719576,-0.410323288324881,-0.9758140178889954,-0.7545134231068716,-0.7790304922084921
1983-07-07,8.5,0,-0.6563070165816085,-0.3369243453635025,-0.41049604767781067,-0.9758369277559956,-0.7545144353432527,-0.779102452528434,-0.6560668810084892
1983-07-08,8.8,0,-0.33711503278726757,-0.4106322348096577,-0.9757644287893498,-0.7545489818916465,-0.7791032778483352,-0.6561573054206212,-0.5822887142884873
1983-07-09,8.3,0,-0.41077472135519255,-0.9757260538968459,-0.754572453571791,-0.7791365314321297,-0.6561590653229225,-0.5823902171559334,-0.7052523254884902
1983-07-10,2.4,0,-0.9754990003759492,-0.754602385558381,-0.7791493397070753,-0.6561987837297135,-0.5823925378076747,-0.7053353642637462,-2.1562229376485242
1983-07-11,4.9,0,-0.7545199346721749,-0.7791716820404326,-0.6562649090306538,-0.5824361351082635,-0.7053367503330874,-2.1560881001359373,-1.5414048816485098
1983-07-12,5.9,0,-0.7790731641948164,-0.6563251996301743,-0.5825342506248007,-0.7053738828106798,-2.156078458132957,-1.5413623645968735,-1.295477659248504
1983-07-13,6.7,0,-0.6563070165816085,-0.5826173101840192,-0.7054186813012222,-2.156039305699191,-1.5413573955058937,-1.2954720703812477,-1.0987358813284995
1983-07-14,8.4,0,-0.5826473280136836,-0.7054637925942775,-2.1554549632829967,-1.5413505671871102,-1.2954689704550684,-1.0987598350087473,-0.6806596032484896
1983-07-15,6.5,0,-0.7054134756268915,-2.1550522850353255,-1.5410328099008888,-1.2954750717822778,-1.0987582304144081,-0.6807463348421837,-1.1479213258085006
1983-07-16,7.9,0,-2.154054017462746,-1.5408198729840341,-1.2952639485480457,-1.0987746754584118,-0.680747907828005,-1.1479378938518725,-0.8036232144484925
1983-07-17,4.1,0,-1.540223279396706,-1.2951269081635175,-1.0986488594657713,-0.6807863332701967,-1.1479359154245732,-0.8036914819499965,-1.7381466595685147
1983-07-18,5.4,0,-1.2946909841702898,-1.0985725363071042,-0.680841795165938,-1.1479497745393783,-0.8036921203534176,-1.738074599969374,-1.418441270448507
1983-07-19,7.5,0,-1.0982651479891572,-0.6808944961122259,-1.14780263173634,-0.8037240809726128,-1.7380681355465541,-1.4184172174890606,-0.901994103408495
1983-07-20,3.9,0,-0.68086024610425,-1.1477111292712074,-0.8037262258423595,-1.7380509635109762,-1.418413182980481,-0.9020475996362469,-1.7873321040485155
1983-07-21,2.5,0,-1.1473716070344404,-0.8037409785224842,-1.7376478989831634,-1.4184128194846939,-0.9020474903737479,-1.787252658812499,-2.131630215408524
1983-07-22,5.3,0,-0.803626393717458,-1.7373742448404474,-1.4181483792244673,-0.902074279134546,-1.787245820556719,-2.131499070714375,-1.4430339926885076
1983-07-23,6.6,0,-1.7366491155778387,-1.4179733905737757,-0.9020337703834969,-1.7872260625919425,-2.1314896156278746,-1.4430062469106233,-1.1233286035685002
1983-07-24,0.0,0,-1.4174571317834979,-0.9020181644506909,-1.7868016712537318,-2.1314517561587083,-1.4430020254855636,-1.12334886443031,-2.746448271408538
1983-07-25,0.7,0,-0.9018393118080245,-1.7865128378045507,-2.1308780771477123,-1.4430003690251774,-1.1233470729194908,-2.746224806253439,-2.574299215728534
1983-07-26,7.6,1,-1.7857555746231217,-2.130482988553274,-1.4427252653597518,-1.1233622249988953,-2.746210678254938,-2.5741016003025012,-0.8774013811684944
1983-07-27,12.3,0,-2.1295007879401044,-1.4425426870558276,-1.1232257456010557,-2.7461404946707892,-2.5740887807193604,-0.8774585702146844,0.27845656411153286
1983-07-28,9.2,0,-1.4420103613061397,-1.123141832789156,-2.74530023052982,-2.5740276478874065,-0.8774586478686653,0.27822581259875623,-0.4839178253284853
1983-07-29,9.6,0,-1.1228183775117988,-2.7447154006045653,-2.57326202758283,-0.8774867295940627,0.278216949870214,-0.4840340994696835,-0.3855469363684829
1983-07-30,9.5,0,-2.743331526006144,-2.572730325230204,-0.8774568842482127,0.27812809880864997,-0.48403716778734496,-0.38567798178343315,-0.41013965860848345
1983-07-31,10.0,0,-2.5714589193476534,-0.8774488679686393,0.2776567641101501,-0.48408593694633095,-0.3856817977670147,-0.41026701120499565,-0.2871760474084806
1983-08-01,7.7,0,-0.877286082285383,0.27730806668778896,-0.4842267060836638,-0.3857357387843979,-0.41027064027209714,-0.28732186409718286,-0.8528086589284938
1983-08-02,8.0,0,0.2767157052787723,-0.48434012425581285,-0.3859191615425265,-0.410323288324881,-0.2873264277466845,-0.8528695407931217,-0.7790304922084921
1983-08-03,8.3,0,-0.4844344099231175,-0.38606293832760613,-0.41049604767781067,-0.28738554062246485,-0.8528698053635827,-0.779102452528434,-0.7052523254884902
1983-08-04,8.3,0,-0.386221491832551,-0.4106322348096577,-0.28761161700138915,-0.8528991800535793,-0.7791032778483352,-0.7053353642637462,-0.7052523254884902
1983-08-05,4.5,0,-0.41077472135519255,-0.2877857523993994,-0.8528799981129281,-0.7791365314321297,-0.7053367503330874,-0.7053353642637462,-1.639775770608512
1983-08-06,6.5,0,-0.2880085737419846,-0.8528795714865876,-0.7791493397070753,-0.7053738828106798,-0.7053367503330874,-1.6397184822831237,-1.1479213258085006
1983-08-07,9.4,0,-0.8527328527627412,-0.7791716820404326,-0.7054186813012222,-0.7053738828106798,-1.6397127655262238,-1.1479378938518725,-0.4347323808484839
1983-08-08,9.4,0,-0.7790731641948164,-0.7054637925942775,-0.7054186813012222,-1.6397007653490432,-1.1479359154245732,-0.43485604062655814,-0.4347323808484839
1983-08-09,10.5,0,-0.7054134756268915,-0.7054637925942775,-1.6393403544420262,-1.1479497745393783,-0.4348594827771796,-0.43485604062655814,-0.16421243620847767
1983-08-10,10.7,0,-0.7054134756268915,-1.6390970589122407,-1.14780263173634,-0.4349108378653642,-0.4348594827771796,-0.16437671698937004,-0.1150269917284767
1983-08-11,9.9,0,-1.6384361974872723,-1.1477111292712074,-0.4350729338130949,-0.4349108378653642,-0.1643822152212718,-0.11519865814624508,-0.31176876964848105
1983-08-12,7.6,0,-1.1473716070344404,-0.4352015312917093,-0.4350729338130949,-0.1644477929200486,-0.11520453021110692,-0.3119108935187453,-0.8774013811684944
1983-08-13,5.8,0,-0.43532795087783405,-0.4352015312917093,-0.1647271863249676,-0.1152726938390823,-0.3119152702517669,-0.8774585702146844,-1.3200703814885046
1983-08-14,8.5,1,-0.43532795087783405,-0.1649392699891411,-0.11557341405439915,-0.311973090162948,-0.8774586478686653,-1.3200610998028104,-0.6560668810084892
1983-08-15,13.8,1,-0.16524242612877657,-0.11580067702503795,-0.31218850313667335,-0.8774867295940627,-1.320057812960151,-0.6561573054206212,0.6473473977115415
1983-08-16,14.3,0,-0.11613596708349355,-0.312355048881451,-0.8774568842482127,-1.320062621322761,-0.6561590653229225,0.6470612539221947,0.7703110089115444
1983-08-17,8.3,0,-0.31256180326462607,-0.8774488679686393,-1.3198408346833301,-0.6561987837297135,0.647049587446452,0.7700064010300075,-0.7052523254884902
1983-08-18,5.3,0,-0.877286082285383,-1.3196962046455691,-0.6562649090306538,0.6469413419158986,0.7699937999718647,-0.7053353642637462,-1.4430339926885076
1983-08-19,3.0,0,-1.3192442136929317,-0.6563251996301743,0.6463100561394147,0.7698790896183149,-0.7053367503330874,-1.4430062469106233,-2.008666604208521
1983-08-20,5.2,0,-0.6563070165816085,0.6458475139185639,0.7691944868158364,-0.7053738828106798,-1.4430020254855636,-2.008553923606562,-1.467626714928508
1983-08-21,10.3,0,0.6450141481183963,0.7686939963288222,-0.7054186813012222,-1.4430003690251774,-2.008545403102462,-1.4675952763321858,-0.21339788068847865
1983-08-22,11.1,0,0.7677802957316042,-0.7054637925942775,-1.4427252653597518,-2.008514008456292,-1.4675908679906462,-0.21355477583249496,-0.016656102768474314
1983-08-23,10.5,0,-0.7054134756268915,-1.4425426870558276,-2.0079936464712906,-1.4675879185656604,-0.2135599002314367,-0.016842540459994747,-0.16421243620847767
1983-08-24,9.0,1,-1.4420103613061397,-2.0076365061430157,-1.467302151495036,-0.21362289200101492,-0.01684916019077669,-0.16437671698937004,-0.5331032698084863
1983-08-25,13.0,0,-2.006734640326896,-1.467111983537879,-0.21388095859553605,-0.01692249567714924,-0.1643822152212718,-0.5332121583128084,0.4506056197915367
1983-08-26,6.4,0,-1.466563590828781,-0.21407786295324424,-0.01726586951326183,-0.1644477929200486,-0.5332148527975098,0.450349018549694,-1.1725140480485012
1983-08-27,8.4,0,-0.2143488851740596,-0.017523491096831212,-0.1647271863249676,-0.5332610360272972,0.45033884740579155,-1.172526923273435,-0.6806596032484896
1983-08-28,6.7,0,-0.017923048992927085,-0.1649392699891411,-0.5333804783542322,0.4502409455920325,-1.1725247579296556,-0.6807463348421837,-1.0987358813284995
1983-08-29,8.3,1,-0.16524242612877657,-0.533478717219916,0.4496949670571401,-1.1725373240798616,-0.680747907828005,-1.0987598350087473,-0.7052523254884902
1983-08-30,11.2,0,-0.5335408689684005,0.44929314206215043,-1.172379517871624,-0.6807863332701967,-1.0987582304144081,-0.7053353642637462,0.007936619471526173
1983-08-31,10.0,0,0.44858831193726334,-1.172280425753259,-0.680841795165938,-1.0987746754584118,-0.7053367503330874,0.0077464889615677275,-0.2871760474084806
1983-09-01,10.1,0,-1.171924836557082,-0.6808944961122259,-1.0986488594657713,-0.7053738828106798,0.007739682314305756,-0.28732186409718286,-0.26258332516848004
1983-09-02,10.6,0,-0.68086024610425,-1.0985725363071042,-0.7054186813012222,0.007665053863333917,-0.2873264277466845,-0.26273283467562036,-0.1396197139684772
1983-09-03,10.9,0,-1.0982651479891572,-0.7054637925942775,0.007311016622022392,-0.28738554062246485,-0.262737585241602,-0.13978768756780754,-0.0658415472484753
1983-09-04,5.7,0,-0.7054134756268915,0.007045805385220361,-0.28761161700138915,-0.26279799108198165,-0.13979337271618936,-0.0660205993031197,-1.3446631037285053
1983-09-05,9.5,0,0.0066301805297144245,-0.2877857523993994,-0.2630347308661049,-0.13986024337956546,-0.06602684520094158,-1.3446501292243729,-0.41013965860848345
1983-09-06,10.4,0,-0.2880085737419846,-0.2632164559173478,-0.14015030018968339,-0.06609759475811555,-1.3446466554652334,-0.41026701120499565,-0.18880515844847817
1983-09-07,11.1,1,-0.263455344219343,-0.14036997350708952,-0.06641964178383027,-1.3446501708632443,-0.41027064027209714,-0.1889657464109325,-0.016656102768474314
1983-09-08,12.2,0,-0.14068919660613508,-0.06666208406093437,-1.3444177208186143,-0.410323288324881,-0.18897105772635425,-0.016842540459994747,0.25386384187153194
1983-09-09,10.6,0,-0.0670295080382101,-1.3442655011276208,-0.41049604767781067,-0.18903534246053177,-0.01684916019077669,0.25363678317719335,-0.1396197139684772
1983-09-10,8.8,0,-1.343797443215573,-0.4106322348096577,-0.18930407246025183,-0.01692249567714924,0.2536281073651311,-0.13978768756780754,-0.5822887142884873
1983-09-11,9.2,0,-0.41077472135519255,-0.18950856647119266,-0.01726586951326183,0.2535405492681663,-0.13979337271618936,-0.5823902171559334,-0.4839178253284853
1983-09-12,5.5,0,-0.1897956556514181,-0.017523491096831212,0.2530798779748655,-0.13986024337956546,-0.5823925378076747,-0.4840340994696835,-1.3938485482085063
1983-09-13,7.1,0,-0.017923048992927085,0.252738770205737,-0.14015030018968339,-0.5824361351082635,-0.48403716778734496,-1.393828188067498,-1.0003649923684974
1983-09-14,6.5,0,0.2521624757561304,-0.14036997350708952,-0.5825342506248007,-0.48408593694633095,-1.3938243404753985,-1.000403717322497,-1.1479213258085006
1983-09-15,4.3,0,-0.14068919660613508,-0.5826173101840192,-0.4842267060836638,-1.3938252699442109,-1.000402860394078,-1.1479378938518725,-1.6889612150885134
1983-09-16,5.0,1,-0.5826473280136836,-0.48434012425581285,-1.393571493089183,-1.000424477296479,-1.1479359154245732,-1.6888965411262489,-1.5168121594085093
1983-09-17,11.2,0,-0.4844344099231175,-1.393404094091724,-1.000341314924634,-1.1479497745393783,-1.688890450536389,-1.516773335175311,0.007936619471526173
1983-09-18,7.5,1,-1.3929039022608565,-1.0002953503788976,-1.14780263173634,-1.6888758644300097,-1.5167685530008113,0.0077464889615677275,-0.901994103408495
1983-09-19,12.0,1,-1.000052229898591,-1.1477111292712074,-1.6884941267125948,-1.516763017646627,0.007739682314305756,-0.9020475996362469,0.20467839739153096
1983-09-20,13.6,0,-1.1473716070344404,-1.6882356518763442,-1.5164559237656046,0.007665053863333917,-0.9020474903737479,0.2044587243340684,0.5981619532315401
1983-09-21,8.3,0,-1.6875426565325555,-1.5162505765019825,0.007311016622022392,-0.902074279134546,0.20445042235496622,0.5978831950790693,-0.7052523254884902
1983-09-22,8.5,1,-1.5156700498740643,0.007045805385220361,-0.9020337703834969,0.20436545018720004,0.5978719024362866,-0.7053353642637462,-0.6560668810084892
1983-09-23,12.9,0,0.0066301805297144245,-0.9020181644506909,0.20392610570429703,0.5977662428349318,-0.7053367503330874,-0.6561573054206212,0.4260128975515362
1983-09-24,7.7,0,-0.9018393118080245,0.20360017724163382,0.5971562838688459,-0.7053738828106798,-0.6561590653229225,0.4257599891281315,-0.8528086589284938
1983-09-25,7.6,0,0.20305601671084736,0.5967089209544603,-0.7054186813012222,-0.6561987837297135,0.4257500049007091,-0.8528695407931217,-0.8774013811684944
1983-09-26,3.5,0,0.5959076890731129,-0.7054637925942775,-0.6562649090306538,0.42565339605154934,-0.8528698053635827,-0.8774585702146844,-1.8857029930085178
1983-09-27,10.4,1,-0.7054134756268915,-0.6563251996301743,0.4251180809218559,-0.8528991800535793,-0.8774586478686653,-1.8856087764987493,-0.18880515844847817
1983-09-28,15.4,0,-0.6563070165816085,0.42472384558009885,-0.8528799981129281,-0.8774867295940627,-1.8856011905770491,-0.1889657464109325,1.0408309535515505
1983-09-29,10.6,0,0.42403508241462184,-0.8528795714865876,-0.8774568842482127,-1.8855762607538757,-0.18897105772635425,1.0404857246671955,-0.1396197139684772
1983-09-30,9.6,0,-0.8527328527627412,-0.8774488679686393,-1.8851092157948692,-0.18903534246053177,1.0404710675277724,-0.13978768756780754,-0.3855469363684829
1983-10-01,9.3,1,-0.877286082285383,-1.8847900237327573,-0.18930407246025183,1.0403421345636303,-0.13979337271618936,-0.38567798178343315,-0.4593251030884844
1983-10-02,13.9,0,-1.8839684927136884,-0.18950856647119266,1.0395402343039637,-0.13986024337956546,-0.3856817977670147,-0.4594450700481206,0.671940119951542
1983-10-03,7.7,0,-0.1897956556514181,1.0389562576313904,-0.14015030018968339,-0.3857357387843979,-0.45944832528226204,0.6716502833437572,-0.8528086589284938
1983-10-04,9.5,0,1.0378658204806617,-0.14036997350708952,-0.3859191615425265,-0.45949838740584736,0.6716384299515344,-0.8528695407931217,-0.41013965860848345
1983-10-05,7.6,0,-0.14068919660613508,-0.38606293832760613,-0.4596498199483791,0.6715288914563817,-0.8528698053635827,-0.41026701120499565,-0.8774013811684944
1983-10-06,6.9,0,-0.386221491832551,-0.4597708277737608,0.670886942274699,-0.8528991800535793,-0.41027064027209714,-0.8774585702146844,-1.0495504368484982
1983-10-07,6.8,0,-0.45988118040047554,0.6704168104006155,-0.8528799981129281,-0.410323288324881,-0.8774586478686653,-1.049581776165622,-1.0741431590884989
1983-10-08,5.8,0,0.6695673776410378,-0.8528795714865876,-0.41049604767781067,-0.8774867295940627,-1.049580545404243,-1.0741708055871848,-1.3200703814885046
1983-10-09,6.0,0,-0.8527328527627412,-0.4106322348096577,-0.8774568842482127,-1.0495995763774453,-1.0741693879093257,-1.3200610998028104,-1.2708849370085036
1983-10-10,8.3,0,-0.41077472135519255,-0.8774488679686393,-1.0494950871952027,-1.0741871259179288,-1.320057812960151,-1.2708830409596852,-0.7052523254884902
1983-10-11,9.1,1,-0.877286082285383,-1.0494339433430009,-1.074071973330487,-1.320062621322761,-1.270880127949986,-0.7053353642637462,-0.5085105475684858
1983-10-12,12.5,1,-1.049158688943874,-1.0740032398250525,-1.3198408346833301,-1.2708875222417946,-0.7053367503330874,-0.508623128891246,0.3276420085915338
1983-10-13,13.2,1,-1.0737119184665156,-1.3196962046455691,-1.2706870624127615,-0.7053738828106798,-0.5086260102924274,0.3274038714418812,0.4997910642715377
1983-10-14,16.2,1,-1.3192442136929317,-1.2705576116814659,-0.7054186813012222,-0.5086734864868141,0.3273946348803789,0.49952707739281893,1.237572731471555
1983-10-15,12.5,1,-1.2701377546476484,-0.7054637925942775,-0.508803592218948,0.32730319788961626,0.49951653241595645,1.2371979600396958,0.3276420085915338
1983-10-16,11.8,0,-0.7054134756268915,-0.5089094207378644,0.3268105363807186,0.49941604467299877,1.2371818075684324,0.3274038714418812,0.15549295291152998
1983-10-17,10.6,0,-0.508987639445759,0.3264466596518921,0.49884873932770857,1.2370425308874962,0.3273946348803789,0.15528066549094344,-0.1396197139684772
1983-10-18,10.0,1,0.32582216432405536,0.4984317350262536,1.236155323386238,0.32730319788961626,0.15527273734480132,-0.13978768756780754,-0.2871760474084806
1983-10-19,12.2,0,0.49769477098254633,1.2355106294878033,0.3268105363807186,0.15519035110623372,-0.13979337271618936,-0.28732186409718286,0.25386384187153194
1983-10-20,8.9,0,1.2342916566617943,0.3264466596518921,0.1547723334337286,-0.13986024337956546,-0.2873264277466845,0.25363678317719335,-0.5576959920484867
1983-10-21,10.3,0,0.32582216432405536,0.15446158427753068,-0.14015030018968339,-0.28738554062246485,0.2536281073651311,-0.5578011877343709,-0.21339788068847865
1983-10-22,7.5,1,0.15394955766556434,-0.14036997350708952,-0.28761161700138915,0.2535405492681663,-0.5578036953025923,-0.21355477583249496,-0.901994103408495
1983-10-23,11.6,1,-0.14068919660613508,-0.2877857523993994,0.2530798779748655,-0.5578485855677804,-0.2135599002314367,-0.9020475996362469,0.10630750843152856
1983-10-24,12.6,1,-0.2880085737419846,0.252738770205737,-0.5579573644895165,-0.21362289200101492,-0.9020474903737479,0.10610260664781807,0.35223473083153434
1983-10-25,12.9,1,0.2521624757561304,-0.5580480137019675,-0.21388095859553605,-0.902074279134546,0.10609505233463598,0.3519929008634437,0.4260128975515362
1983-10-26,11.7,1,-0.558094098491042,-0.21407786295324424,-0.9020337703834969,0.10601525202526697,0.3519834773854613,0.4257599891281315,0.13090023067152906
1983-10-27,14.0,1,-0.2143488851740596,-0.9020181644506909,0.10561856116315971,0.3518907474300994,0.4257500049007091,0.13069163606938053,0.6965328421915424
1983-10-28,12.3,0,-0.9018393118080245,0.1053229913134271,0.3513874225160028,0.42565339605154934,0.13068389483971843,0.6962393127653196,0.27845656411153286
1983-10-29,9.0,0,0.10484309862028089,0.3510159561339437,0.4251180809218559,0.13060280156575013,0.6962272724566169,0.27822581259875623,-0.5331032698084863
1983-10-30,9.2,0,0.35037539384669686,0.42472384558009885,0.13019544729844393,0.6961164409968649,0.278216949870214,-0.5332121583128084,-0.4839178253284853
1983-10-31,9.8,1,0.42403508241462184,0.12989228779547868,0.6954638284099832,0.27812809880864997,-0.5332148527975098,-0.4840340994696835,-0.3363614918884815
1983-11-01,11.8,0,0.1293963281429224,0.694986106882667,0.2776567641101501,-0.5332610360272972,-0.48403716778734496,-0.3364999229403078,0.15549295291152998
1983-11-02,10.6,1,0.6941206071636793,0.27730806668778896,-0.5333804783542322,-0.48408593694633095,-0.3365041127568494,0.15528066549094344,-0.1396197139684772
1983-11-03,12.6,0,0.2767157052787723,-0.533478717219916,-0.4842267060836638,-0.33656063970343114,0.15527273734480132,-0.13978768756780754,0.35223473083153434
1983-11-04,11.0,0,-0.5335408689684005,-0.48434012425581285,-0.3367653892719576,0.15519035110623372,-0.13979337271618936,0.3519929008634437,-0.0412488250084748
1983-11-05,8.2,0,-0.4844344099231175,-0.3369243453635025,0.1547723334337286,-0.13986024337956546,0.3519834773854613,-0.041431569881557224,-0.7298450477284911
1983-11-06,7.5,1,-0.33711503278726757,0.15446158427753068,-0.14015030018968339,0.3518907474300994,-0.041438002695859136,-0.7299243936853091,-0.901994103408495
1983-11-07,13.6,1,0.15394955766556434,-0.14036997350708952,0.3513874225160028,-0.041510045217632394,-0.7299255928381703,-0.9020475996362469,0.5981619532315401
1983-11-08,14.8,0,-0.14068919660613508,0.3510159561339437,-0.04184275564854605,-0.7299614323511634,-0.9020474903737479,0.5978831950790693,0.8932746201115472
1983-11-09,10.9,0,0.35037539384669686,-0.04209278757888279,-0.7299955674365068,-0.902074279134546,0.5978719024362866,0.8929515481378203,-0.0658415472484753
1983-11-10,7.7,0,-0.042476278515568594,-0.7300330890763295,-0.9020337703834969,0.5977662428349318,0.8929380124972773,-0.0660205993031197,-0.8528086589284938
1983-11-11,10.2,0,-0.7299667051495334,-0.9020181644506909,0.5971562838688459,0.892816837320731,-0.06602684520094158,-0.8528695407931217,-0.23799060292847957
1983-11-12,10.8,0,-0.9018393118080245,0.5967089209544603,0.8920789174922579,-0.06609759475811555,-0.8528698053635827,-0.2381438052540579,-0.09043426948847577
1983-11-13,10.8,1,0.5959076890731129,0.8915404787390805,-0.06641964178383027,-0.8528991800535793,-0.2381487427365196,-0.09060962872468217,-0.09043426948847577
1983-11-14,12.5,1,0.8905464433448123,-0.06666208406093437,-0.8528799981129281,-0.2382104415414985,-0.09061568770602403,-0.09060962872468217,0.3276420085915338
1983-11-15,13.2,0,-0.0670295080382101,-0.8528795714865876,-0.23845784473082068,-0.09068514429859871,-0.09061568770602403,0.3274038714418812,0.4997910642715377
1983-11-16,8.7,0,-0.8527328527627412,-0.23864715943529624,-0.09099652791911449,-0.09068514429859871,0.3273946348803789,0.49952707739281893,-0.6068814365284882
1983-11-17,5.7,0,-0.23890211469670153,-0.09123138054298593,-0.09099652791911449,0.32730319788961626,0.49951653241595645,-0.6069792465774964,-1.3446631037285053
1983-11-18,9.8,0,-0.09158273756085161,-0.09123138054298593,0.3268105363807186,0.49941604467299877,-0.6069813803127576,-1.3446501292243729,-0.3363614918884815
1983-11-19,7.3,0,-0.09158273756085161,0.3264466596518921,0.49884873932770857,-0.6070236846487471,-1.3446466554652334,-0.3364999229403078,-0.9511795478884961
1983-11-20,10.8,0,0.32582216432405536,0.4984317350262536,-0.6071111367600853,-1.3446501708632443,-0.3365041127568494,-0.951225658479372,-0.09043426948847577
1983-11-21,10.0,1,0.49769477098254633,-0.6071866066660712,-1.3444177208186143,-0.33656063970343114,-0.9512251753839129,-0.09060962872468217,-0.2871760474084806
1983-11-22,16.2,1,-0.6072005575363255,-1.3442655011276208,-0.3367653892719576,-0.9512493782155125,-0.09061568770602403,-0.28732186409718286,1.237572731471555
1983-11-23,15.0,1,-1.343797443215573,-0.3369243453635025,-0.9511875426540655,-0.09068514429859871,-0.2873264277466845,1.2371979600396958,0.9424600645915482
1983-11-24,14.5,1,-0.33711503278726757,-0.9511567574147943,-0.09099652791911449,-0.28738554062246485,1.2371818075684324,0.9421296069809453,0.8194964533915453
1983-11-25,15.9,1,-0.9509457708533077,-0.09123138054298593,-0.28761161700138915,1.2370425308874962,0.9421156975074423,0.8191844598731324,1.1637945647515535
1983-11-26,14.9,1,-0.09158273756085161,-0.2877857523993994,1.236155323386238,0.9419919364016973,0.8191714849820295,1.1634308717750084,0.9178673423515477
1983-11-27,14.2,1,-0.2880085737419846,1.2355106294878033,0.9412326897628263,0.8190541886992811,1.1634152800531852,0.9175405775593828,0.7457182866715434
1983-11-28,15.8,1,1.2342916566617943,0.9406790717031837,0.8183482590864047,1.1632798822660466,0.9175268550023598,0.7454173716084446,1.1392018425115529
1983-11-29,17.2,1,0.9396529023900952,0.8178325892929253,1.162424664980385,0.9174043868612142,0.7454049574667818,1.1388418423534459,1.4834999538715608
1983-11-30,17.6,1,0.8168867547768872,1.1618027400416486,0.9166558036275421,0.7452915400778313,1.1388264375481028,1.4830882542553214,1.5818708428315635
1983-12-01,12.1,1,1.1606319680938697,0.9161097752211321,0.7446176006805516,1.1386923327255634,1.4830702326192577,1.5814443719415723,0.22927111963153143
1983-12-02,11.4,1,0.9150996728674538,0.7441246998467702,1.137847778845101,1.4829180262923285,1.5814256026395885,0.22904775375563086,0.05712206395152759
1983-12-03,13.0,1,0.7432270662089623,1.1372334435595972,1.481924184739081,1.581268224454262,0.22903926486004866,0.05692454780469311,0.4506056197915367
1983-12-04,13.2,1,1.136078738571228,1.48120359430832,1.5802317292802186,0.2289529997276832,0.056917367324471085,0.450349018549694,0.4997910642715377
1983-12-05,12.0,1,1.4798239518882101,1.5794807802365272,0.22850299183958125,0.05684015294430066,0.45033884740579155,0.49952707739281893,0.20467839739153096
1983-12-06,15.3,1,1.578036869978777,0.2281694737236854,0.056464788892591274,0.4502409455920325,0.49951653241595645,0.2044587243340684,1.01623823131155
1983-12-07,12.7,1,0.22760924623348888,0.05618439834932394,0.4496949670571401,0.49941604467299877,0.20445042235496622,1.0158966952456332,0.3768274530715348
1983-12-08,12.1,1,0.05573663957499788,0.44929314206215043,0.49884873932770857,0.20436545018720004,1.01588222502269,0.37658193028500614,0.22927111963153143
1983-12-09,13.8,0,0.44858831193726334,0.4984317350262536,0.20392610570429703,1.0157545850231473,0.3765723198905438,0.22904775375563086,0.6473473977115415
1983-12-10,10.9,1,0.49769477098254633,0.20360017724163382,1.0149633481686795,0.37647829697058255,0.22903926486004866,0.6470612539221947,-0.0658415472484753
1983-12-11,12.0,1,0.20305601671084736,1.0143869611493388,0.37596430865128705,0.2289529997276832,0.647049587446452,-0.0660205993031197,0.20467839739153096
1983-12-12,16.5,1,1.0133125909580203,0.3755852526159953,0.22850299183958125,0.6469413419158986,-0.06602684520094158,0.2044587243340684,1.311350898191557
1983-12-13,15.0,1,0.37492862336933835,0.2281694737236854,0.6463100561394147,-0.06609759475811555,0.20445042235496622,1.3109650483043838,0.9424600645915482
1983-12-14,11.2,1,0.22760924623348888,0.6458475139185639,-0.06641964178383027,0.20436545018720004,1.3109483350836804,0.9421296069809453,0.007936619471526173
1983-12-15,13.9,1,0.6450141481183963,-0.06666208406093437,0.20392610570429703,1.310805179508946,0.9421156975074423,0.0077464889615677275,0.671940119951542
1983-12-16,15.0,1,-0.0670295080382101,0.20360017724163382,1.309885981792091,0.9419919364016973,0.007739682314305756,0.6716502833437572,0.9424600645915482
1983-12-17,14.8,1,0.20305601671084736,1.3092185189339585,0.9412326897628263,0.007665053863333917,0.6716384299515344,0.9421296069809453,0.8932746201115472
1983-12-18,15.0,1,1.3079513452297191,0.9406790717031837,0.007311016622022392,0.6715288914563817,0.9421156975074423,0.8929515481378203,0.9424600645915482
1983-12-19,13.3,1,0.9396529023900952,0.007045805385220361,0.670886942274699,0.9419919364016973,0.8929380124972773,0.9421296069809453,0.5243837865115386
1983-12-20,20.4,1,0.0066301805297144245,0.6704168104006155,0.9412326897628263,0.892816837320731,0.9421156975074423,0.5241161068143819,2.270467065551579
1983-12-21,18.0,1,0.6695673776410378,0.9406790717031837,0.8920789174922579,0.9419919364016973,0.5241053749210394,2.269937195745323,1.6802417317915654
1983-12-22,12.2,1,0.9396529023900952,0.8915404787390805,0.9412326897628263,0.5240035942134824,2.2699131927818987,1.679800489627822,0.25386384187153194
1983-12-23,16.7,1,0.8905464433448123,0.9406790717031837,0.5234256254629932,2.2697196115877922,1.6797809726599182,0.25363678317719335,1.3605363426715578
1983-12-24,13.8,1,0.9396529023900952,0.5230010315083056,2.2683845410681784,1.6796184226161945,0.2536281073651311,1.3601431071475085,0.6473473977115415
1983-12-25,17.5,1,0.5222480005051883,2.267421081733973,1.6785392738213556,0.2535405492681663,1.3601260200938452,0.6470612539221947,1.5572781205915627
1983-12-26,15.0,1,2.265527296612741,1.6777579661647335,0.2530798779748655,1.3599802785899122,0.647049587446452,1.5568553425200093,0.9424600645915482
1983-12-27,13.9,0,1.6762497880693432,0.252738770205737,1.3590397540626593,0.6469413419158986,1.5568367601345057,0.9421296069809453,0.671940119951542
1983-12-28,11.1,1,0.2521624757561304,1.3583571118980617,0.6463100561394147,1.5566806749137785,0.9421156975074423,0.6716502833437572,-0.016656102768474314
1983-12-29,16.1,1,1.357057804275002,0.6458475139185639,1.555654843144934,0.9419919364016973,0.6716384299515344,-0.016842540459994747,1.2129800092315548
1983-12-30,20.4,1,0.6450141481183963,1.554911483754475,0.9412326897628263,0.6715288914563817,-0.01684916019077669,1.2126089306181338,2.270467065551579
1983-12-31,18.0,1,1.5534836404561352,0.9406790717031837,0.670886942274699,-0.01692249567714924,1.2125929650633505,2.269937195745323,1.6802417317915654
1984-01-01,19.5,1,0.9396529023900952,0.6704168104006155,-0.01726586951326183,1.2124549813470133,2.2699131927818987,1.679800489627822,2.049132565391574
1984-01-02,17.1,1,0.6695673776410378,-0.017523491096831212,1.2115784372509542,2.2697196115877922,1.6797809726599182,2.0486359309512605,1.4589072316315606
1984-01-03,17.1,1,-0.017923048992927085,1.2109413330057524,2.2683845410681784,1.6796184226161945,2.0486136102361563,1.4584992248337594,1.4589072316315606
1984-01-04,12.0,0,1.2097384271391531,2.267421081733973,1.6785392738213556,2.0484316657234434,1.4584813901141758,1.4584992248337594,0.20467839739153096
1984-01-05,11.0,1,2.265527296612741,1.6777579661647335,2.04719256585062,1.458330476751846,1.4584813901141758,0.2044587243340684,-0.0412488250084748
1984-01-06,16.3,1,1.6762497880693432,2.0462974133955085,1.4573472986037972,1.458330476751846,0.20445042235496622,-0.041431569881557224,1.2621654537115559
1984-01-07,16.1,1,2.044548230908967,1.456634297826269,1.4573472986037972,0.20436545018720004,-0.041438002695859136,1.2617869894612588,1.2129800092315548
1984-01-08,13.0,1,1.4552707223655692,1.456634297826269,0.20392610570429703,-0.041510045217632394,1.2617706500735153,1.2126089306181338,0.4506056197915367
1984-01-09,13.4,1,1.4552707223655692,0.20360017724163382,-0.04184275564854605,1.2616300804279796,1.2125929650633505,0.450349018549694,0.5489765087515391
1984-01-10,15.2,1,0.20305601671084736,-0.04209278757888279,1.2607322095215225,1.2124549813470133,0.45033884740579155,0.5487051362359443,0.9916455090715491
1984-01-11,12.5,1,-0.042476278515568594,1.2600799259698554,1.2115784372509542,0.4502409455920325,0.5486942174261218,0.9913076658240701,0.3276420085915338
1984-01-12,14.3,1,1.2588448861844361,1.2109413330057524,0.4496949670571401,0.5485911437539656,0.9912933825176071,0.3274038714418812,0.7703110089115444
1984-01-13,16.5,1,1.2097384271391531,0.44929314206215043,0.5480025115982774,0.9911670354826636,0.3273946348803789,0.7700064010300075,1.311350898191557
1984-01-14,18.6,1,0.44858831193726334,0.5475703279903572,0.9903864620333948,0.32730319788961626,0.7699937999718647,1.3109650483043838,1.8277980652315693
1984-01-15,18.0,1,0.5468012300278298,0.9898176646672868,0.3268105363807186,0.7698790896183149,1.3109483350836804,1.8273346661571979,1.6802417317915654
1984-01-16,18.2,1,0.9887593614353782,0.3264466596518921,0.7691944868158364,1.310805179508946,1.8273140276904138,1.679800489627822,1.7294271762715665
1984-01-17,11.4,1,0.32582216432405536,0.7686939963288222,1.309885981792091,1.8271437198590945,1.6797809726599182,1.728978548470947,0.05712206395152759
1984-01-18,11.9,1,0.7677802957316042,1.3092185189339585,1.8260005906330619,1.6796184226161945,1.728958657670083,0.05692454780469311,0.18008567515153046
1984-01-19,12.2,1,1.3079513452297191,1.8251737450570438,1.6785392738213556,1.728793521697161,0.056917367324471085,0.17986969491250593,0.25386384187153194
1984-01-20,14.8,1,1.823569165205193,1.6777579661647335,1.727693046091924,0.05684015294430066,0.17986157984988377,0.25363678317719335,0.8932746201115472
1984-01-21,13.1,1,1.6762497880693432,1.7268965591288366,0.056464788892591274,0.1797779006467169,0.2536281073651311,0.8929515481378203,0.47519834203153716
1984-01-22,12.7,0,1.7253562471146262,0.05618439834932394,0.1793492195690128,0.2535405492681663,0.8929380124972773,0.4749380479712565,0.3768274530715348
1984-01-23,10.5,1,0.05573663957499788,0.17903088075958226,0.2530798779748655,0.892816837320731,0.474927689910874,0.37658193028500614,-0.16421243620847767
1984-01-24,13.8,1,0.17850278718820586,0.252738770205737,0.8920789174922579,0.4748284951325156,0.3765723198905438,-0.16437671698937004,0.6473473977115415
1984-01-25,18.8,1,0.2521624757561304,0.8915404787390805,0.4742718531924243,0.37647829697058255,-0.1643822152212718,0.6470612539221947,1.8769835097115701
1984-01-26,13.9,1,0.8905464433448123,0.473862438544202,0.37596430865128705,-0.1644477929200486,0.647049587446452,1.8765127250003228,0.671940119951542
1984-01-27,11.2,0,0.47314154145990484,0.3755852526159953,-0.1647271863249676,0.6469413419158986,1.8764917127005787,0.6716502833437572,0.007936619471526173
1984-01-28,10.6,1,0.37492862336933835,-0.1649392699891411,0.6463100561394147,1.8763188189400608,0.6716384299515344,0.0077464889615677275,-0.1396197139684772
1984-01-29,14.7,1,-0.16524242612877657,0.6458475139185639,1.8751543629036302,0.6715288914563817,0.007739682314305756,-0.13978768756780754,0.8686818978715463
1984-01-30,13.1,1,0.6450141481183963,1.8743123380211468,0.670886942274699,0.007665053863333917,-0.13979337271618936,0.8683625187162574,0.47519834203153716
1984-01-31,12.1,1,1.872675624250476,0.6704168104006155,0.007311016622022392,-0.13986024337956546,0.8683491699921945,0.4749380479712565,0.22927111963153143
1984-02-01,14.7,0,0.6695673776410378,0.007045805385220361,-0.14015030018968339,0.8682292877802474,0.474927689910874,0.22904775375563086,0.8686818978715463
1984-02-02,11.1,1,0.0066301805297144245,-0.14036997350708952,0.8675020313569732,0.4748284951325156,0.22903926486004866,0.8683625187162574,-0.016656102768474314
1984-02-03,13.0,1,-0.14068919660613508,0.8669711822570285,0.4742718531924243,0.2289529997276832,0.8683491699921945,-0.016842540459994747,0.4506056197915367
1984-02-04,15.6,1,0.8659932138221703,0.473862438544202,0.22850299183958125,0.8682292877802474,-0.01684916019077669,0.450349018549694,1.0900163980315516
1984-02-05,14.2,1,0.47314154145990484,0.2281694737236854,0.8675020313569732,-0.01692249567714924,0.45033884740579155,1.0896637835103204,0.7457182866715434
1984-02-06,15.5,1,0.22760924623348888,0.8669711822570285,-0.01726586951326183,0.4502409455920325,1.0896487525379372,0.7454173716084446,1.0654236757915512
1984-02-07,18.0,1,0.8659932138221703,-0.017523491096831212,0.4496949670571401,1.0895172336445966,0.7454049574667818,1.065074754088758,1.6802417317915654
1984-02-08,15.0,1,-0.017923048992927085,0.44929314206215043,1.088694006574532,0.7452915400778313,1.0650599100328548,1.679800489627822,0.9424600645915482
1984-02-09,15.9,1,0.44858831193726334,1.0880948505954935,0.7446176006805516,1.0649296841041136,1.6797809726599182,0.9421296069809453,1.1637945647515535
1984-02-10,15.5,1,1.0869722795259447,0.7441246998467702,1.0641171204392479,1.6796184226161945,0.9421156975074423,1.1634308717750084,1.0654236757915512
1984-02-11,15.8,1,0.7432270662089623,1.0635255541134419,1.6785392738213556,0.9419919364016973,1.1634152800531852,1.065074754088758,1.1392018425115529
1984-02-12,16.6,1,1.0624190500033033,1.6777579661647335,0.9412326897628263,1.1632798822660466,1.0650599100328548,1.1388418423534459,1.3359436204315578
1984-02-13,13.6,1,1.6762497880693432,0.9406790717031837,1.162424664980385,1.0649296841041136,1.1388264375481028,1.3355540777259465,0.5981619532315401
1984-02-14,13.8,1,0.9396529023900952,1.1618027400416486,1.0641171204392479,1.1386923327255634,1.3355371775887632,0.5978831950790693,0.6473473977115415
1984-02-15,14.6,1,1.1606319680938697,1.0635255541134419,1.137847778845101,1.3353927290494296,0.5978719024362866,0.6470612539221947,0.8440891756315458
1984-02-16,15.6,1,1.0624190500033033,1.1372334435595972,1.3344628679273756,0.5977662428349318,0.647049587446452,0.8437734892946949,1.0900163980315516
1984-02-17,16.6,1,1.136078738571228,1.3337878154160105,0.5971562838688459,0.6469413419158986,0.843760327487112,1.0896637835103204,1.3359436204315578
1984-02-18,14.3,1,1.3325045747523612,0.5967089209544603,0.6463100561394147,0.8436417382397643,1.0896487525379372,1.3355540777259465,0.7703110089115444
1984-02-19,16.3,1,0.5959076890731129,0.6458475139185639,0.8429251452216889,1.0895172336445966,1.3355371775887632,0.7700064010300075,1.2621654537115559
1984-02-20,18.9,1,0.6450141481183963,0.8424018857749769,1.088694006574532,1.3353927290494296,0.7699937999718647,1.2617869894612588,1.9015762319515703
1984-02-21,18.7,1,0.8414399842995288,1.0880948505954935,1.3344628679273756,0.7698790896183149,1.2617706500735153,1.901101754421885,1.8523907874715693
1984-02-22,14.5,1,1.0869722795259447,1.3337878154160105,0.7691944868158364,1.2616300804279796,1.9010805552056607,1.85192369557876,0.8194964533915453
1984-02-23,16.5,1,1.3325045747523612,0.7686939963288222,1.2607322095215225,1.9009063684805434,1.8519028701954958,0.8191844598731324,1.311350898191557
1984-02-24,14.1,1,0.7677802957316042,1.2600799259698554,1.899731249038914,1.851731269399577,0.8191714849820295,1.3109650483043838,0.721125564431543
1984-02-25,13.5,1,1.2588448861844361,1.898881634503198,1.8505774767683456,0.8190541886992811,1.3109483350836804,0.7208283421868821,0.5735692309915396
1984-02-26,11.7,1,1.8972288537731172,1.849743041539095,0.8183482590864047,1.310805179508946,0.7208161149616994,0.5732941656575068,0.13090023067152906
1984-02-27,15.1,1,1.848122394727834,0.8178325892929253,1.309885981792091,0.720703990537348,0.5732830599312042,0.13069163606938053,0.9670527868315487
1984-02-28,11.2,1,0.8168867547768872,1.3092185189339585,0.7200407145452674,0.5731786932944487,0.13068389483971843,0.9667186364025077,0.007936619471526173
1984-02-29,13.5,1,1.3079513452297191,0.7195554033647186,0.5725793977335617,0.13060280156575013,0.9667045400125247,0.0077464889615677275,0.5735692309915396
1984-03-01,12.6,0,0.7186738366863208,0.5721396244724087,0.13019544729844393,0.9665794859421805,0.007739682314305756,0.5732941656575068,0.35223473083153434
1984-03-02,8.8,0,0.5713544595504713,0.12989228779547868,0.9658095758981106,0.007665053863333917,0.5732830599312042,0.3519929008634437,-0.5822887142884873
1984-03-03,10.5,1,0.1293963281429224,0.9652483681852352,0.007311016622022392,0.5731786932944487,0.3519834773854613,-0.5823902171559334,-0.16421243620847767
1984-03-04,12.1,1,0.9642061319127367,0.007045805385220361,0.5725793977335617,0.3518907474300994,-0.5823925378076747,-0.16437671698937004,0.22927111963153143
1984-03-05,14.5,1,0.0066301805297144245,0.5721396244724087,0.3513874225160028,-0.5824361351082635,-0.1643822152212718,0.22904775375563086,0.8194964533915453
1984-03-06,19.5,1,0.5713544595504713,0.3510159561339437,-0.5825342506248007,-0.1644477929200486,0.22903926486004866,0.8191844598731324,2.049132565391574
1984-03-07,14.0,1,0.35037539384669686,-0.5826173101840192,-0.1647271863249676,0.2289529997276832,0.8191714849820295,2.0486359309512605,0.6965328421915424
1984-03-08,13.8,0,-0.5826473280136836,-0.1649392699891411,0.22850299183958125,0.8190541886992811,2.0486136102361563,0.6962393127653196,0.6473473977115415
1984-03-09,10.5,1,-0.16524242612877657,0.2281694737236854,0.8183482590864047,2.0484316657234434,0.6962272724566169,0.6470612539221947,-0.16421243620847767
1984-03-10,13.8,1,0.22760924623348888,0.8178325892929253,2.04719256585062,0.6961164409968649,0.647049587446452,-0.16437671698937004,0.6473473977115415
1984-03-11,11.4,1,0.8168867547768872,2.0462974133955085,0.6954638284099832,0.6469413419158986,-0.1643822152212718,0.6470612539221947,0.05712206395152759
1984-03-12,15.6,0,2.044548230908967,0.694986106882667,0.6463100561394147,-0.1644477929200486,0.647049587446452,0.05692454780469311,1.0900163980315516
1984-03-13,11.1,1,0.6941206071636793,0.6458475139185639,-0.1647271863249676,0.6469413419158986,0.056917367324471085,1.0896637835103204,-0.016656102768474314
1984-03-14,12.1,1,0.6450141481183963,-0.1649392699891411,0.6463100561394147,0.05684015294430066,1.0896487525379372,-0.016842540459994747,0.22927111963153143
1984-03-15,14.2,0,-0.16524242612877657,0.6458475139185639,0.056464788892591274,1.0895172336445966,-0.01684916019077669,0.22904775375563086,0.7457182866715434
1984-03-16,10.9,1,0.6450141481183963,0.05618439834932394,1.088694006574532,-0.01692249567714924,0.22903926486004866,0.7454173716084446,-0.0658415472484753
1984-03-17,14.2,1,0.05573663957499788,1.0880948505954935,-0.01726586951326183,0.2289529997276832,0.7454049574667818,-0.0660205993031197,0.7457182866715434
1984-03-18,13.8,1,1.0869722795259447,-0.017523491096831212,0.22850299183958125,0.7452915400778313,-0.06602684520094158,0.7454173716084446,0.6473473977115415
1984-03-19,15.1,1,-0.017923048992927085,0.2281694737236854,0.7446176006805516,-0.06609759475811555,0.7454049574667818,0.6470612539221947,0.9670527868315487
1984-03-20,14.0,1,0.22760924623348888,0.7441246998467702,-0.06641964178383027,0.7452915400778313,0.647049587446452,0.9667186364025077,0.6965328421915424
1984-03-21,12.1,1,0.7432270662089623,-0.06666208406093437,0.7446176006805516,0.6469413419158986,0.9667045400125247,0.6962393127653196,0.22927111963153143
1984-03-22,13.8,1,-0.0670295080382101,0.7441246998467702,0.6463100561394147,0.9665794859421805,0.6962272724566169,0.22904775375563086,0.6473473977115415
1984-03-23,16.6,1,0.7432270662089623,0.6458475139185639,0.9658095758981106,0.6961164409968649,0.22903926486004866,0.6470612539221947,1.3359436204315578
1984-03-24,17.8,0,0.6450141481183963,0.9652483681852352,0.6954638284099832,0.2289529997276832,0.647049587446452,1.3355540777259465,1.6310562873115644
1984-03-25,9.4,0,0.9642061319127367,0.694986106882667,0.22850299183958125,0.6469413419158986,1.3355371775887632,1.630622430784697,-0.4347323808484839
1984-03-26,10.2,0,0.6941206071636793,0.2281694737236854,0.6463100561394147,1.3353927290494296,1.6306032876497534,-0.43485604062655814,-0.23799060292847957
1984-03-27,7.4,0,0.22760924623348888,0.6458475139185639,1.3344628679273756,1.6304433235352283,-0.4348594827771796,-0.2381438052540579,-0.9265868256484954
1984-03-28,8.7,1,0.6450141481183963,1.3337878154160105,1.6293855015507872,-0.4349108378653642,-0.2381487427365196,-0.9266366290578093,-0.6068814365284882
1984-03-29,14.0,1,1.3325045747523612,1.6286193732006302,-0.4350729338130949,-0.2382104415414985,-0.9266363328788303,-0.6069792465774964,0.6965328421915424
1984-03-30,15.3,0,1.62714332902406,-0.4352015312917093,-0.23845784473082068,-0.9266618286750291,-0.6069813803127576,0.6962393127653196,1.01623823131155
1984-03-31,11.1,0,-0.43532795087783405,-0.23864715943529624,-0.926610656518781,-0.6070236846487471,0.6962272724566169,1.0158966952456332,-0.016656102768474314
1984-04-01,9.7,0,-0.23890211469670153,-0.9265874609327425,-0.6071111367600853,0.6961164409968649,1.01588222502269,-0.016842540459994747,-0.36095421412848244
1984-04-02,10.3,0,-0.926392541330666,-0.6071866066660712,0.6954638284099832,1.0157545850231473,-0.01684916019077669,-0.3610889523618707,-0.21339788068847865
1984-04-03,9.2,0,-0.6072005575363255,0.694986106882667,1.0149633481686795,-0.01692249567714924,-0.36109295526193225,-0.21355477583249496,-0.4839178253284853
1984-04-04,8.2,0,0.6941206071636793,1.0143869611493388,-0.01726586951326183,-0.36114818924391473,-0.2135599002314367,-0.4840340994696835,-0.7298450477284911
1984-04-05,9.7,1,1.0133125909580203,-0.017523491096831212,-0.36134227540724223,-0.21362289200101492,-0.48403716778734496,-0.7299243936853091,-0.36095421412848244
1984-04-06,12.4,1,-0.017923048992927085,-0.36149364184555455,-0.21388095859553605,-0.48408593694633095,-0.7299255928381703,-0.3610889523618707,0.30304928635153333
1984-04-07,12.5,0,-0.3616682623099095,-0.21407786295324424,-0.4842267060836638,-0.7299614323511634,-0.36109295526193225,0.3028148420203187,0.3276420085915338
1984-04-08,9.0,0,-0.2143488851740596,-0.48434012425581285,-0.7299955674365068,-0.36114818924391473,0.3028057923752964,0.3274038714418812,-0.5331032698084863
1984-04-09,9.7,0,-0.4844344099231175,-0.7300330890763295,-0.36134227540724223,0.3027156483491331,0.3273946348803789,-0.5332121583128084,-0.36095421412848244
1984-04-10,10.1,1,-0.7299667051495334,-0.36149364184555455,0.30223365024543436,0.32730319788961626,-0.5332148527975098,-0.3610889523618707,-0.26258332516848004
1984-04-11,11.2,1,-0.3616682623099095,0.30187736316984054,0.3268105363807186,-0.5332610360272972,-0.36109295526193225,-0.26273283467562036,0.007936619471526173
1984-04-12,12.0,0,0.3012689348014138,0.3264466596518921,-0.5333804783542322,-0.36114818924391473,-0.262737585241602,0.0077464889615677275,0.20467839739153096
1984-04-13,11.1,0,0.32582216432405536,-0.533478717219916,-0.36134227540724223,-0.26279799108198165,0.007739682314305756,0.2044587243340684,-0.016656102768474314
1984-04-14,10.8,1,-0.5335408689684005,-0.36149364184555455,-0.2630347308661049,0.007665053863333917,0.20445042235496622,-0.016842540459994747,-0.09043426948847577
1984-04-15,12.8,0,-0.3616682623099095,-0.2632164559173478,0.007311016622022392,0.20436545018720004,-0.01684916019077669,-0.09060962872468217,0.40142017531153573
1984-04-16,9.8,1,-0.263455344219343,0.007045805385220361,0.20392610570429703,-0.01692249567714924,-0.09061568770602403,0.4011709597065691,-0.3363614918884815
1984-04-17,13.7,0,0.0066301805297144245,0.20360017724163382,-0.01726586951326183,-0.09068514429859871,0.40116116239562666,-0.3364999229403078,0.6227546754715405
1984-04-18,11.0,1,0.20305601671084736,-0.017523491096831212,-0.09099652791911449,0.40106584651106614,-0.3365041127568494,0.6224722245006318,-0.0412488250084748
1984-04-19,13.2,1,-0.017923048992927085,-0.09123138054298593,0.4005411947865717,-0.33656063970343114,0.6224607449413692,-0.041431569881557224,0.4997910642715377
1984-04-20,13.0,0,-0.09158273756085161,0.40015454909804726,-0.3367653892719576,0.622353792375415,-0.041438002695859136,0.49952707739281893,0.4506056197915367
1984-04-21,10.2,1,0.3994818528919803,-0.3369243453635025,0.6217331700041301,-0.041510045217632394,0.49951653241595645,0.450349018549694,-0.23799060292847957
1984-04-22,13.2,0,-0.33711503278726757,0.6212782174365119,-0.04184275564854605,0.49941604467299877,0.45033884740579155,-0.2381438052540579,0.4997910642715377
1984-04-23,9.3,0,0.6204609185957544,-0.04209278757888279,0.49884873932770857,0.4502409455920325,-0.2381487427365196,0.49952707739281893,-0.4593251030884844
1984-04-24,11.1,0,-0.042476278515568594,0.4984317350262536,0.4496949670571401,-0.2382104415414985,0.49951653241595645,-0.4594450700481206,-0.016656102768474314
1984-04-25,10.3,0,0.49769477098254633,0.44929314206215043,-0.23845784473082068,0.49941604467299877,-0.45944832528226204,-0.016842540459994747,-0.21339788068847865
1984-04-26,8.7,1,0.44858831193726334,-0.23864715943529624,0.49884873932770857,-0.45949838740584736,-0.01684916019077669,-0.21355477583249496,-0.6068814365284882
1984-04-27,11.7,1,-0.23890211469670153,0.4984317350262536,-0.4596498199483791,-0.01692249567714924,-0.2135599002314367,-0.6069792465774964,0.13090023067152906
1984-04-28,12.5,0,0.49769477098254633,-0.4597708277737608,-0.01726586951326183,-0.21362289200101492,-0.6069813803127576,0.13069163606938053,0.3276420085915338
1984-04-29,6.5,0,-0.45988118040047554,-0.017523491096831212,-0.21388095859553605,-0.6070236846487471,0.13068389483971843,0.3274038714418812,-1.1479213258085006
1984-04-30,9.6,1,-0.017923048992927085,-0.21407786295324424,-0.6071111367600853,0.13060280156575013,0.3273946348803789,-1.1479378938518725,-0.3855469363684829
1984-05-01,13.8,1,-0.2143488851740596,-0.6071866066660712,0.13019544729844393,0.32730319788961626,-1.1479359154245732,-0.38567798178343315,0.6473473977115415
1984-05-02,14.7,0,-0.6072005575363255,0.12989228779547868,0.3268105363807186,-1.1479497745393783,-0.3856817977670147,0.6470612539221947,0.8686818978715463
1984-05-03,9.1,0,0.1293963281429224,0.3264466596518921,-1.14780263173634,-0.3857357387843979,0.647049587446452,0.8683625187162574,-0.5085105475684858
1984-05-04,4.8,0,0.32582216432405536,-1.1477111292712074,-0.3859191615425265,0.6469413419158986,0.8683491699921945,-0.508623128891246,-1.5659976038885104
1984-05-05,3.3,0,-1.1473716070344404,-0.38606293832760613,0.6463100561394147,0.8682292877802474,-0.5086260102924274,-1.565951394018436,-1.9348884374885191
1984-05-06,3.5,0,-0.386221491832551,0.6458475139185639,0.8675020313569732,-0.5086734864868141,-1.5659462380109763,-1.9347868353418745,-1.8857029930085178
1984-05-07,5.7,0,0.6450141481183963,0.8669711822570285,-0.508803592218948,-1.5659381167275936,-1.9347788755872144,-1.8856087764987493,-1.3446631037285053
1984-05-08,5.5,0,0.8659932138221703,-0.5089094207378644,-1.5656096960361732,-1.9347513598348423,-1.8856011905770491,-1.3446501292243729,-1.3938485482085063
1984-05-09,7.0,0,-0.508987639445759,-1.5653891694660858,-1.9342629880654378,-1.8855762607538757,-1.3446466554652334,-1.393828188067498,-1.0249577146084978
1984-05-10,9.5,0,-1.5647765089193475,-1.9339286166968608,-1.8851092157948692,-1.3446501708632443,-1.3938243404753985,-1.0249927467440596,-0.41013965860848345
1984-05-11,9.9,0,-1.9330749517589716,-1.8847900237327573,-1.3444177208186143,-1.3938252699442109,-1.0249917028991604,-0.41026701120499565,-0.31176876964848105
1984-05-12,4.9,0,-1.8839684927136884,-1.3442655011276208,-1.393571493089183,-1.0250120268369622,-0.41027064027209714,-0.3119108935187453,-1.5414048816485098
1984-05-13,6.3,0,-1.343797443215573,-1.393404094091724,-1.0249182010599185,-0.410323288324881,-0.3119152702517669,-1.5413623645968735,-1.1971067702885019
1984-05-14,4.8,0,-1.3929039022608565,-1.0248646468609492,-0.41049604767781067,-0.311973090162948,-1.5413573955058937,-1.1971159526949977,-1.5659976038885104
1984-05-15,6.2,0,-1.0246054594212324,-0.4106322348096577,-0.31218850313667335,-1.5413505671871102,-1.1971136004347382,-1.565951394018436,-1.2216994925285023
1984-05-16,7.1,0,-0.41077472135519255,-0.312355048881451,-1.5410328099008888,-1.1971248736203448,-1.5659462380109763,-1.2217049821165602,-1.0003649923684974
1984-05-17,7.5,0,-0.31256180326462607,-1.5408198729840341,-1.1969564040069085,-1.5659381167275936,-1.2217024429398207,-1.000403717322497,-0.901994103408495
1984-05-18,9.4,0,-1.540223279396706,-1.196849722235311,-1.5656096960361732,-1.221712423160828,-1.000402860394078,-0.9020475996362469,-0.4347323808484839
1984-05-19,8.7,0,-1.1964780660797236,-1.5653891694660858,-1.221533290142193,-1.000424477296479,-0.9020474903737479,-0.43485604062655814,-0.6068814365284882
1984-05-20,9.5,1,-1.5647765089193475,-1.2214190187173624,-1.000341314924634,-0.902074279134546,-0.4348594827771796,-0.6069792465774964,-0.41013965860848345
1984-05-21,12.1,0,-1.2210312956023652,-1.0002953503788976,-0.9020337703834969,-0.4349108378653642,-0.6069813803127576,-0.41026701120499565,0.22927111963153143
1984-05-22,9.5,0,-1.000052229898591,-0.9020181644506909,-0.4350729338130949,-0.6070236846487471,-0.41027064027209714,0.22904775375563086,-0.41013965860848345
1984-05-23,9.3,0,-0.9018393118080245,-0.4352015312917093,-0.6071111367600853,-0.410323288324881,0.22903926486004866,-0.41026701120499565,-0.4593251030884844
1984-05-24,8.5,0,-0.43532795087783405,-0.6071866066660712,-0.41049604767781067,0.2289529997276832,-0.41027064027209714,-0.4594450700481206,-0.6560668810084892
1984-05-25,8.0,0,-0.6072005575363255,-0.4106322348096577,0.22850299183958125,-0.410323288324881,-0.45944832528226204,-0.6561573054206212,-0.7790304922084921
1984-05-26,9.8,0,-0.41077472135519255,0.2281694737236854,-0.41049604767781067,-0.45949838740584736,-0.6561590653229225,-0.779102452528434,-0.3363614918884815
1984-05-27,6.2,0,0.22760924623348888,-0.4106322348096577,-0.4596498199483791,-0.6561987837297135,-0.7791032778483352,-0.3364999229403078,-1.2216994925285023
1984-05-28,7.3,0,-0.41077472135519255,-0.4597708277737608,-0.6562649090306538,-0.7791365314321297,-0.3365041127568494,-1.2217049821165602,-0.9511795478884961
1984-05-29,10.9,0,-0.45988118040047554,-0.6563251996301743,-0.7791493397070753,-0.33656063970343114,-1.2217024429398207,-0.951225658479372,-0.0658415472484753
1984-05-30,10.0,0,-0.6563070165816085,-0.7791716820404326,-0.3367653892719576,-1.221712423160828,-0.9512251753839129,-0.0660205993031197,-0.2871760474084806
1984-05-31,8.7,0,-0.7790731641948164,-0.3369243453635025,-1.221533290142193,-0.9512493782155125,-0.06602684520094158,-0.28732186409718286,-0.6068814365284882
1984-06-01,9.0,0,-0.33711503278726757,-1.2214190187173624,-0.9511875426540655,-0.06609759475811555,-0.2873264277466845,-0.6069792465774964,-0.5331032698084863
1984-06-02,10.8,1,-1.2210312956023652,-0.9511567574147943,-0.06641964178383027,-0.28738554062246485,-0.6069813803127576,-0.5332121583128084,-0.09043426948847577
1984-06-03,12.4,0,-0.9509457708533077,-0.06666208406093437,-0.28761161700138915,-0.6070236846487471,-0.5332148527975098,-0.09060962872468217,0.30304928635153333
1984-06-04,7.2,0,-0.0670295080382101,-0.2877857523993994,-0.6071111367600853,-0.5332610360272972,-0.09061568770602403,0.3028148420203187,-0.9757722701284967
1984-06-05,7.2,0,-0.2880085737419846,-0.6071866066660712,-0.5333804783542322,-0.09068514429859871,0.3028057923752964,-0.9758146879009345,-0.9757722701284967
1984-06-06,11.1,0,-0.6072005575363255,-0.533478717219916,-0.09099652791911449,0.3027156483491331,-0.9758140178889954,-0.9758146879009345,-0.016656102768474314
1984-06-07,9.3,0,-0.5335408689684005,-0.09123138054298593,0.30223365024543436,-0.9758369277559956,-0.9758140178889954,-0.016842540459994747,-0.4593251030884844
1984-06-08,10.1,0,-0.09158273756085161,0.30187736316984054,-0.9757644287893498,-0.9758369277559956,-0.01684916019077669,-0.4594450700481206,-0.26258332516848004
1984-06-09,3.9,0,0.3012689348014138,-0.9757260538968459,-0.9757644287893498,-0.01692249567714924,-0.45944832528226204,-0.26273283467562036,-1.7873321040485155
1984-06-10,5.0,0,-0.9754990003759492,-0.9757260538968459,-0.01726586951326183,-0.45949838740584736,-0.262737585241602,-1.787252658812499,-1.5168121594085093
1984-06-11,8.2,0,-0.9754990003759492,-0.017523491096831212,-0.4596498199483791,-0.26279799108198165,-1.787245820556719,-1.516773335175311,-0.7298450477284911
1984-06-12,2.8,0,-0.017923048992927085,-0.4597708277737608,-0.2630347308661049,-1.7872260625919425,-1.5167685530008113,-0.7299243936853091,-2.057852048688522
1984-06-13,4.3,0,-0.45988118040047554,-0.2632164559173478,-1.7868016712537318,-1.516763017646627,-0.7299255928381703,-2.0577319824496874,-1.6889612150885134
1984-06-14,8.1,0,-0.263455344219343,-1.7865128378045507,-1.5164559237656046,-0.7299614323511634,-2.0577230881126267,-1.6888965411262489,-0.7544377699684915
1984-06-15,11.1,0,-1.7857555746231217,-1.5162505765019825,-0.7299955674365068,-2.057689107537258,-1.688890450536389,-0.7545134231068716,-0.016656102768474314
1984-06-16,4.7,0,-1.5156700498740643,-0.7300330890763295,-2.0571474187418595,-1.6888758644300097,-0.7545144353432527,-0.016842540459994747,-1.590590326128511
1984-06-17,5.3,0,-0.7299667051495334,-2.0567750991071194,-1.6884941267125948,-0.7545489818916465,-0.01684916019077669,-1.5905404234399985,-1.4430339926885076
1984-06-18,10.0,0,-2.0558410993721794,-1.6882356518763442,-0.754572453571791,-0.01692249567714924,-1.5905350805160587,-1.4430062469106233,-0.2871760474084806
1984-06-19,5.6,0,-1.6875426565325555,-0.754602385558381,-0.01726586951326183,-1.5905256662680767,-1.4430020254855636,-0.28732186409718286,-1.369255825968506
1984-06-20,2.2,0,-0.7545199346721749,-0.017523491096831212,-1.5901865821714574,-1.4430003690251774,-0.2873264277466845,-1.3692391586459356,-2.205408382128525
1984-06-21,7.1,0,-0.017923048992927085,-1.5899584659481374,-1.4427252653597518,-0.28738554062246485,-1.369235497970316,-2.2052661589790623,-1.0003649923684974
1984-06-22,8.3,0,-1.589329738441989,-1.4425426870558276,-0.28761161700138915,-1.3692377204037276,-2.205256143143122,-1.000403717322497,-0.7052523254884902
1984-06-23,8.6,0,-1.4420103613061397,-0.2877857523993994,-1.3689946069538987,-2.205214404780158,-1.000402860394078,-0.7053353642637462,-0.6314741587684887
1984-06-24,10.1,0,-0.2880085737419846,-1.3688347976096726,-2.204608735553565,-1.000424477296479,-0.7053367503330874,-0.6315682759990587,-0.26258332516848004
1984-06-25,8.3,0,-1.3683506727382149,-2.204190877999429,-1.000341314924634,-0.7053738828106798,-0.63157022281784,-0.26273283467562036,-0.7052523254884902
1984-06-26,7.2,0,-2.203160476508029,-1.0002953503788976,-0.7054186813012222,-0.6316112341892304,-0.262737585241602,-0.7053353642637462,-0.9757722701284967
1984-06-27,7.7,0,-1.000052229898591,-0.7054637925942775,-0.6316880228953695,-0.26279799108198165,-0.7053367503330874,-0.9758146879009345,-0.8528086589284938
1984-06-28,7.8,0,-0.7054134756268915,-0.6317559031481227,-0.2630347308661049,-0.7053738828106798,-0.9758140178889954,-0.8528695407931217,-0.8282159366884932
1984-06-29,9.1,0,-0.631753787058967,-0.2632164559173478,-0.7054186813012222,-0.9758369277559956,-0.8528698053635827,-0.8282805113715592,-0.5085105475684858
1984-06-30,9.4,0,-0.263455344219343,-0.7054637925942775,-0.9757644287893498,-0.8528991800535793,-0.8282809628585003,-0.508623128891246,-0.4347323808484839
1984-07-01,7.8,0,-0.7054134756268915,-0.9757260538968459,-0.8528799981129281,-0.8283116305130962,-0.5086260102924274,-0.43485604062655814,-0.8282159366884932
1984-07-02,2.6,0,-0.9754990003759492,-0.8528795714865876,-0.828303111977644,-0.5086734864868141,-0.4348594827771796,-0.8282805113715592,-2.1070374931685234
1984-07-03,2.4,0,-0.8527328527627412,-0.828310275004536,-0.508803592218948,-0.4349108378653642,-0.8282809628585003,-2.1069100412928123,-2.1562229376485242
1984-07-04,3.9,0,-0.8281796232400997,-0.5089094207378644,-0.4350729338130949,-0.8283116305130962,-2.106900773122792,-2.1560881001359373,-1.7873321040485155
1984-07-05,1.3,0,-0.508987639445759,-0.4352015312917093,-0.828303111977644,-2.106864206618225,-2.156078458132957,-1.787252658812499,-2.42674288228853
1984-07-06,2.1,0,-0.43532795087783405,-0.828310275004536,-2.106301191012428,-2.156039305699191,-1.787245820556719,-2.4265674237731254,-2.230001104368526
1984-07-07,7.4,0,-0.8281796232400997,-2.1059136920712223,-2.1554549632829967,-1.7872260625919425,-2.426555725688865,-2.2298551884006255,-0.9265868256484954
1984-07-08,7.2,0,-2.1049475584174626,-2.1550522850353255,-1.7868016712537318,-2.426502350644507,-2.2298449856482048,-0.9266366290578093,-0.9757722701284967
1984-07-09,8.8,0,-2.154054017462746,-1.7865128378045507,-2.425800710771124,-2.2298019543206413,-0.9266363328788303,-0.9758146879009345,-0.5822887142884873
1984-07-10,8.9,0,-1.7857555746231217,-2.425314546337894,-2.2291856216888495,-0.9266618286750291,-0.9758140178889954,-0.5823902171559334,-0.5576959920484867
1984-07-11,8.8,0,-2.4241395422118033,-2.2287601744814807,-0.926610656518781,-0.9758369277559956,-0.5823925378076747,-0.5578011877343709,-0.5822887142884873
1984-07-12,8.0,0,-2.227713706030671,-0.9265874609327425,-0.9757644287893498,-0.5824361351082635,-0.5578036953025923,-0.5823902171559334,-0.7790304922084921
1984-07-13,0.7,0,-0.926392541330666,-0.9757260538968459,-0.5825342506248007,-0.5578485855677804,-0.5823925378076747,-0.779102452528434,-2.574299215728534
1984-07-14,0.1,0,-0.9754990003759492,-0.5826173101840192,-0.5579573644895165,-0.5824361351082635,-0.7791032778483352,-2.5741016003025012,-2.7218555491685374
1984-07-15,0.9,0,-0.5826473280136836,-0.5580480137019675,-0.5825342506248007,-0.7791365314321297,-2.5740887807193604,-2.7216357768318766,-2.5251137712485328
1984-07-16,7.8,0,-0.558094098491042,-0.5826173101840192,-0.7791493397070753,-2.5740276478874065,-2.7216218357498554,-2.524923541459376,-0.8282159366884932
1984-07-17,7.2,0,-0.5826473280136836,-0.7791716820404326,-2.57326202758283,-2.721552945130306,-2.524911095709195,-0.8282805113715592,-0.9757722701284967
1984-07-18,8.0,0,-0.7790731641948164,-2.572730325230204,-2.720723344394536,-2.52485254880644,-0.8282809628585003,-0.9758146879009345,-0.7790304922084921
1984-07-19,4.6,0,-2.5714589193476534,-2.720146104122514,-2.524108255312261,-0.8283116305130962,-0.9758140178889954,-0.779102452528434,-1.6151830483685117
1984-07-20,5.2,0,-2.7187782964835026,-2.5235917322661003,-0.828303111977644,-0.9758369277559956,-0.7791032778483352,-1.6151294528615612,-1.467626714928508
1984-07-21,5.8,0,-2.5223524603023697,-0.828310275004536,-0.9757644287893498,-0.7791365314321297,-1.6151239230211414,-1.4675952763321858,-1.3200703814885046
1984-07-22,6.8,0,-0.8281796232400997,-0.9757260538968459,-0.7791493397070753,-1.6151132158085602,-1.4675908679906462,-1.3200610998028104,-1.0741431590884989
1984-07-23,8.1,0,-0.9754990003759492,-0.7791716820404326,-1.614763468306742,-1.4675879185656604,-1.320057812960151,-1.0741708055871848,-0.7544377699684915
1984-07-24,7.5,0,-0.7790731641948164,-1.6145277624301893,-1.467302151495036,-1.320062621322761,-1.0741693879093257,-0.7545134231068716,-0.901994103408495
1984-07-25,5.4,0,-1.613882967964631,-1.467111983537879,-1.3198408346833301,-1.0741871259179288,-0.7545144353432527,-0.9020475996362469,-1.418441270448507
1984-07-26,4.6,0,-1.466563590828781,-1.3196962046455691,-1.074071973330487,-0.7545489818916465,-0.9020474903737479,-1.4184172174890606,-1.6151830483685117
1984-07-27,6.4,0,-1.3192442136929317,-1.0740032398250525,-0.754572453571791,-0.902074279134546,-1.418413182980481,-1.6151294528615612,-1.1725140480485012
1984-07-28,9.7,0,-1.0737119184665156,-0.754602385558381,-0.9020337703834969,-1.4184128194846939,-1.6151239230211414,-1.172526923273435,-0.36095421412848244
1984-07-29,7.0,0,-0.7545199346721749,-0.9020181644506909,-1.4181483792244673,-1.6151132158085602,-1.1725247579296556,-0.3610889523618707,-1.0249577146084978
1984-07-30,10.0,0,-0.9018393118080245,-1.4179733905737757,-1.614763468306742,-1.1725373240798616,-0.36109295526193225,-1.0249927467440596,-0.2871760474084806
1984-07-31,10.6,1,-1.4174571317834979,-1.6145277624301893,-1.172379517871624,-0.36114818924391473,-1.0249917028991604,-0.28732186409718286,-0.1396197139684772
1984-08-01,11.5,0,-1.613882967964631,-1.172280425753259,-0.36134227540724223,-1.0250120268369622,-0.2873264277466845,-0.13978768756780754,0.08171478619152807
1984-08-02,10.2,0,-1.171924836557082,-0.36149364184555455,-1.0249182010599185,-0.28738554062246485,-0.13979337271618936,0.08151357722625559,-0.23799060292847957
1984-08-03,11.1,0,-0.3616682623099095,-1.0248646468609492,-0.28761161700138915,-0.13986024337956546,0.08150620982955353,-0.2381438052540579,-0.016656102768474314
1984-08-04,11.0,0,-1.0246054594212324,-0.2877857523993994,-0.14015030018968339,0.08142770248478383,-0.2381487427365196,-0.016842540459994747,-0.0412488250084748
1984-08-05,8.9,0,-0.2880085737419846,-0.14036997350708952,0.08104167502787549,-0.2382104415414985,-0.01684916019077669,-0.041431569881557224,-0.5576959920484867
1984-08-06,9.9,1,-0.14068919660613508,0.08075369483137552,-0.23845784473082068,-0.01692249567714924,-0.041438002695859136,-0.5578011877343709,-0.31176876964848105
1984-08-07,11.7,1,0.08028986909763938,-0.23864715943529624,-0.01726586951326183,-0.041510045217632394,-0.5578036953025923,-0.3119108935187453,0.13090023067152906
1984-08-08,11.6,0,-0.23890211469670153,-0.017523491096831212,-0.04184275564854605,-0.5578485855677804,-0.3119152702517669,0.13069163606938053,0.10630750843152856
1984-08-09,9.0,0,-0.017923048992927085,-0.04209278757888279,-0.5579573644895165,-0.311973090162948,0.13068389483971843,0.10610260664781807,-0.5331032698084863
1984-08-10,6.3,0,-0.042476278515568594,-0.5580480137019675,-0.31218850313667335,0.13060280156575013,0.10609505233463598,-0.5332121583128084,-1.1971067702885019
1984-08-11,8.7,0,-0.558094098491042,-0.312355048881451,0.13019544729844393,0.10601525202526697,-0.5332148527975098,-1.1971159526949977,-0.6068814365284882
1984-08-12,8.5,0,-0.31256180326462607,0.12989228779547868,0.10561856116315971,-0.5332610360272972,-1.1971136004347382,-0.6069792465774964,-0.6560668810084892
1984-08-13,8.5,0,0.1293963281429224,0.1053229913134271,-0.5333804783542322,-1.1971248736203448,-0.6069813803127576,-0.6561573054206212,-0.6560668810084892
1984-08-14,8.0,0,0.10484309862028089,-0.533478717219916,-1.1969564040069085,-0.6070236846487471,-0.6561590653229225,-0.6561573054206212,-0.7790304922084921
1984-08-15,6.0,0,-0.5335408689684005,-1.196849722235311,-0.6071111367600853,-0.6561987837297135,-0.6561590653229225,-0.779102452528434,-1.2708849370085036
1984-08-16,8.0,0,-1.1964780660797236,-0.6071866066660712,-0.6562649090306538,-0.6561987837297135,-0.7791032778483352,-1.2708830409596852,-0.7790304922084921
1984-08-17,8.5,0,-0.6072005575363255,-0.6563251996301743,-0.6562649090306538,-0.7791365314321297,-1.270880127949986,-0.779102452528434,-0.6560668810084892
1984-08-18,7.7,0,-0.6563070165816085,-0.6563251996301743,-0.7791493397070753,-1.2708875222417946,-0.7791032778483352,-0.6561573054206212,-0.8528086589284938
1984-08-19,8.4,0,-0.6563070165816085,-0.7791716820404326,-1.2706870624127615,-0.7791365314321297,-0.6561590653229225,-0.8528695407931217,-0.6806596032484896
1984-08-20,9.0,0,-0.7790731641948164,-1.2705576116814659,-0.7791493397070753,-0.6561987837297135,-0.8528698053635827,-0.6807463348421837,-0.5331032698084863
1984-08-21,8.3,0,-1.2701377546476484,-0.7791716820404326,-0.6562649090306538,-0.8528991800535793,-0.680747907828005,-0.5332121583128084,-0.7052523254884902
1984-08-22,6.8,0,-0.7790731641948164,-0.6563251996301743,-0.8528799981129281,-0.6807863332701967,-0.5332148527975098,-0.7053353642637462,-1.0741431590884989
1984-08-23,9.3,0,-0.6563070165816085,-0.8528795714865876,-0.680841795165938,-0.5332610360272972,-0.7053367503330874,-1.0741708055871848,-0.4593251030884844
1984-08-24,6.7,0,-0.8527328527627412,-0.6808944961122259,-0.5333804783542322,-0.7053738828106798,-1.0741693879093257,-0.4594450700481206,-1.0987358813284995
1984-08-25,9.0,0,-0.68086024610425,-0.533478717219916,-0.7054186813012222,-1.0741871259179288,-0.45944832528226204,-1.0987598350087473,-0.5331032698084863
1984-08-26,7.3,0,-0.5335408689684005,-0.7054637925942775,-1.074071973330487,-0.45949838740584736,-1.0987582304144081,-0.5332121583128084,-0.9511795478884961
1984-08-27,6.3,0,-0.7054134756268915,-1.0740032398250525,-0.4596498199483791,-1.0987746754584118,-0.5332148527975098,-0.951225658479372,-1.1971067702885019
1984-08-28,7.9,0,-1.0737119184665156,-0.4597708277737608,-1.0986488594657713,-0.5332610360272972,-0.9512251753839129,-1.1971159526949977,-0.8036232144484925
1984-08-29,5.2,0,-0.45988118040047554,-1.0985725363071042,-0.5333804783542322,-0.9512493782155125,-1.1971136004347382,-0.8036914819499965,-1.467626714928508
1984-08-30,9.0,1,-1.0982651479891572,-0.533478717219916,-0.9511875426540655,-1.1971248736203448,-0.8036921203534176,-1.4675952763321858,-0.5331032698084863
1984-08-31,11.3,0,-0.5335408689684005,-0.9511567574147943,-1.1969564040069085,-0.8037240809726128,-1.4675908679906462,-0.5332121583128084,0.0325293417115271
1984-09-01,9.2,1,-0.9509457708533077,-1.196849722235311,-0.8037262258423595,-1.4675879185656604,-0.5332148527975098,0.03233551838313064,-0.4839178253284853
1984-09-02,11.3,0,-1.1964780660797236,-0.8037409785224842,-1.467302151495036,-0.5332610360272972,0.03232852481938864,-0.4840340994696835,0.0325293417115271
1984-09-03,7.0,0,-0.803626393717458,-1.467111983537879,-0.5333804783542322,0.03225260340381751,-0.48403716778734496,0.03233551838313064,-1.0249577146084978
1984-09-04,8.0,0,-1.466563590828781,-0.533478717219916,0.03188790275730705,-0.48408593694633095,0.03232852481938864,-1.0249927467440596,-0.7790304922084921
1984-09-05,4.6,0,-0.5335408689684005,0.03161510186727237,-0.4842267060836638,0.03225260340381751,-1.0249917028991604,-0.779102452528434,-1.6151830483685117
1984-09-06,8.5,0,0.03118341005235637,-0.48434012425581285,0.03188790275730705,-1.0250120268369622,-0.7791032778483352,-1.6151294528615612,-0.6560668810084892
1984-09-07,9.5,0,-0.4844344099231175,0.03161510186727237,-1.0249182010599185,-0.7791365314321297,-1.6151239230211414,-0.6561573054206212,-0.41013965860848345
1984-09-08,9.4,0,0.03118341005235637,-1.0248646468609492,-0.7791493397070753,-1.6151132158085602,-0.6561590653229225,-0.41026701120499565,-0.4347323808484839
1984-09-09,10.5,0,-1.0246054594212324,-0.7791716820404326,-1.614763468306742,-0.6561987837297135,-0.41027064027209714,-0.43485604062655814,-0.16421243620847767
1984-09-10,9.7,0,-0.7790731641948164,-1.6145277624301893,-0.6562649090306538,-0.410323288324881,-0.4348594827771796,-0.16437671698937004,-0.36095421412848244
1984-09-11,4.9,0,-1.613882967964631,-0.6563251996301743,-0.41049604767781067,-0.4349108378653642,-0.1643822152212718,-0.3610889523618707,-1.5414048816485098
1984-09-12,8.0,0,-0.6563070165816085,-0.4106322348096577,-0.4350729338130949,-0.1644477929200486,-0.36109295526193225,-1.5413623645968735,-0.7790304922084921
1984-09-13,5.8,0,-0.41077472135519255,-0.4352015312917093,-0.1647271863249676,-0.36114818924391473,-1.5413573955058937,-0.779102452528434,-1.3200703814885046
1984-09-14,5.5,0,-0.43532795087783405,-0.1649392699891411,-0.36134227540724223,-1.5413505671871102,-0.7791032778483352,-1.3200610998028104,-1.3938485482085063
1984-09-15,10.9,1,-0.16524242612877657,-0.36149364184555455,-1.5410328099008888,-0.7791365314321297,-1.320057812960151,-1.393828188067498,-0.0658415472484753
1984-09-16,11.7,0,-0.3616682623099095,-1.5408198729840341,-0.7791493397070753,-1.320062621322761,-1.3938243404753985,-0.0660205993031197,0.13090023067152906
1984-09-17,9.2,0,-1.540223279396706,-0.7791716820404326,-1.3198408346833301,-1.3938252699442109,-0.06602684520094158,0.13069163606938053,-0.4839178253284853
1984-09-18,8.9,1,-0.7790731641948164,-1.3196962046455691,-1.393571493089183,-0.06609759475811555,0.13068389483971843,-0.4840340994696835,-0.5576959920484867
1984-09-19,11.3,0,-1.3192442136929317,-1.393404094091724,-0.06641964178383027,0.13060280156575013,-0.48403716778734496,-0.5578011877343709,0.0325293417115271
1984-09-20,8.6,0,-1.3929039022608565,-0.06666208406093437,0.13019544729844393,-0.48408593694633095,-0.5578036953025923,0.03233551838313064,-0.6314741587684887
1984-09-21,6.2,0,-0.0670295080382101,0.12989228779547868,-0.4842267060836638,-0.5578485855677804,0.03232852481938864,-0.6315682759990587,-1.2216994925285023
1984-09-22,6.6,0,0.1293963281429224,-0.48434012425581285,-0.5579573644895165,0.03225260340381751,-0.63157022281784,-1.2217049821165602,-1.1233286035685002
1984-09-23,9.1,0,-0.4844344099231175,-0.5580480137019675,0.03188790275730705,-0.6316112341892304,-1.2217024429398207,-1.12334886443031,-0.5085105475684858
1984-09-24,6.1,0,-0.558094098491042,0.03161510186727237,-0.6316880228953695,-1.221712423160828,-1.1233470729194908,-0.508623128891246,-1.2462922147685032
1984-09-25,7.5,0,0.03118341005235637,-0.6317559031481227,-1.221533290142193,-1.1233622249988953,-0.5086260102924274,-1.246294011538123,-0.901994103408495
1984-09-26,10.7,0,-0.631753787058967,-1.2214190187173624,-1.1232257456010557,-0.5086734864868141,-1.2462912854449033,-0.9020475996362469,-0.1150269917284767
1984-09-27,6.3,0,-1.2210312956023652,-1.123141832789156,-0.508803592218948,-1.2462999727013113,-0.9020474903737479,-0.11519865814624508,-1.1971067702885019
1984-09-28,5.5,0,-1.1228183775117988,-0.5089094207378644,-1.2461101762774773,-0.902074279134546,-0.11520453021110692,-1.1971159526949977,-1.3938485482085063
1984-09-29,6.7,0,-0.508987639445759,-1.2459883151994142,-0.9020337703834969,-0.1152726938390823,-1.1971136004347382,-1.393828188067498,-1.0987358813284995
1984-09-30,4.2,1,-1.2455845251250068,-0.9020181644506909,-0.11557341405439915,-1.1971248736203448,-1.3938243404753985,-1.0987598350087473,-1.7135539373285138
1984-10-01,11.3,1,-0.9018393118080245,-0.11580067702503795,-1.1969564040069085,-1.3938252699442109,-1.0987582304144081,-1.7134855705478114,0.0325293417115271
1984-10-02,16.3,0,-0.11613596708349355,-1.196849722235311,-1.393571493089183,-1.0987746754584118,-1.7134792930414715,0.03233551838313064,1.2621654537115559
1984-10-03,10.5,0,-1.1964780660797236,-1.393404094091724,-1.0986488594657713,-1.713463413970493,0.03232852481938864,1.2617869894612588,-0.16421243620847767
1984-10-04,10.3,0,-1.3929039022608565,-1.0985725363071042,-1.713071012847879,0.03225260340381751,1.2617706500735153,-0.16437671698937004,-0.21339788068847865
1984-10-05,7.9,0,-1.0982651479891572,-1.7128049483583956,0.03188790275730705,1.2616300804279796,-0.1643822152212718,-0.21355477583249496,-0.8036232144484925
1984-10-06,7.7,1,-1.7120958860551971,0.03161510186727237,1.2607322095215225,-0.1644477929200486,-0.2135599002314367,-0.8036914819499965,-0.8528086589284938
1984-10-07,16.0,1,0.03118341005235637,1.2600799259698554,-0.1647271863249676,-0.21362289200101492,-0.8036921203534176,-0.8528695407931217,1.188387286991554
1984-10-08,14.6,1,1.2588448861844361,-0.1649392699891411,-0.21388095859553605,-0.8037240809726128,-0.8528698053635827,1.1880199011965709,0.8440891756315458
1984-10-09,12.5,0,-0.16524242612877657,-0.21407786295324424,-0.8037262258423595,-0.8528991800535793,1.1880041225582676,0.8437734892946949,0.3276420085915338
1984-10-10,8.1,1,-0.2143488851740596,-0.8037409785224842,-0.8528799981129281,1.1878674318065299,0.843760327487112,0.3274038714418812,-0.7544377699684915
1984-10-11,12.2,1,-0.803626393717458,-0.8528795714865876,1.1870015511156693,0.8436417382397643,0.3273946348803789,-0.7545134231068716,0.25386384187153194
1984-10-12,17.2,0,-0.8527328527627412,1.1863720365237003,0.8429251452216889,0.32730319788961626,-0.7545144353432527,0.25363678317719335,1.4834999538715608
1984-10-13,9.4,0,1.1851851976165113,0.8424018857749769,0.3268105363807186,-0.7545489818916465,0.2536281073651311,1.4830882542553214,-0.4347323808484839
1984-10-14,8.7,0,0.8414399842995288,0.3264466596518921,-0.754572453571791,0.2535405492681663,1.4830702326192577,-0.43485604062655814,-0.6068814365284882
1984-10-15,5.9,0,0.32582216432405536,-0.754602385558381,0.2530798779748655,1.4829180262923285,-0.4348594827771796,-0.6069792465774964,-1.295477659248504
1984-10-16,4.8,0,-0.7545199346721749,0.252738770205737,1.481924184739081,-0.4349108378653642,-0.6069813803127576,-1.2954720703812477,-1.5659976038885104
1984-10-17,7.4,0,0.2521624757561304,1.48120359430832,-0.4350729338130949,-0.6070236846487471,-1.2954689704550684,-1.565951394018436,-0.9265868256484954
1984-10-18,9.4,0,1.4798239518882101,-0.4352015312917093,-0.6071111367600853,-1.2954750717822778,-1.5659462380109763,-0.9266366290578093,-0.4347323808484839
1984-10-19,9.7,0,-0.43532795087783405,-0.6071866066660712,-1.2952639485480457,-1.5659381167275936,-0.9266363328788303,-0.43485604062655814,-0.36095421412848244
1984-10-20,9.9,0,-0.6072005575363255,-1.2951269081635175,-1.5656096960361732,-0.9266618286750291,-0.4348594827771796,-0.3610889523618707,-0.31176876964848105
1984-10-21,6.5,0,-1.2946909841702898,-1.5653891694660858,-0.926610656518781,-0.4349108378653642,-0.36109295526193225,-0.3119108935187453,-1.1479213258085006
1984-10-22,9.8,1,-1.5647765089193475,-0.9265874609327425,-0.4350729338130949,-0.36114818924391473,-0.3119152702517669,-1.1479378938518725,-0.3363614918884815
1984-10-23,18.2,1,-0.926392541330666,-0.4352015312917093,-0.36134227540724223,-0.311973090162948,-1.1479359154245732,-0.3364999229403078,1.7294271762715665
1984-10-24,11.3,0,-0.43532795087783405,-0.36149364184555455,-0.31218850313667335,-1.1479497745393783,-0.3365041127568494,1.728978548470947,0.0325293417115271
1984-10-25,9.1,0,-0.3616682623099095,-0.312355048881451,-1.14780263173634,-0.33656063970343114,1.728958657670083,0.03233551838313064,-0.5085105475684858
1984-10-26,9.6,1,-0.31256180326462607,-1.1477111292712074,-0.3367653892719576,1.728793521697161,0.03232852481938864,-0.508623128891246,-0.3855469363684829
1984-10-27,13.5,0,-1.1473716070344404,-0.3369243453635025,1.727693046091924,0.03225260340381751,-0.5086260102924274,-0.38567798178343315,0.5735692309915396
1984-10-28,10.7,0,-0.33711503278726757,1.7268965591288366,0.03188790275730705,-0.5086734864868141,-0.3856817977670147,0.5732941656575068,-0.1150269917284767
1984-10-29,10.0,0,1.7253562471146262,0.03161510186727237,-0.508803592218948,-0.3857357387843979,0.5732830599312042,-0.11519865814624508,-0.2871760474084806
1984-10-30,8.5,1,0.03118341005235637,-0.5089094207378644,-0.3859191615425265,0.5731786932944487,-0.11520453021110692,-0.28732186409718286,-0.6560668810084892
1984-10-31,12.6,1,-0.508987639445759,-0.38606293832760613,0.5725793977335617,-0.1152726938390823,-0.2873264277466845,-0.6561573054206212,0.35223473083153434
1984-11-01,16.6,1,-0.386221491832551,0.5721396244724087,-0.11557341405439915,-0.28738554062246485,-0.6561590653229225,0.3519929008634437,1.3359436204315578
1984-11-02,11.6,1,0.5713544595504713,-0.11580067702503795,-0.28761161700138915,-0.6561987837297135,0.3519834773854613,1.3355540777259465,0.10630750843152856
1984-11-03,12.2,1,-0.11613596708349355,-0.2877857523993994,-0.6562649090306538,0.3518907474300994,1.3355371775887632,0.10610260664781807,0.25386384187153194
1984-11-04,11.2,0,-0.2880085737419846,-0.6563251996301743,0.3513874225160028,1.3353927290494296,0.10609505233463598,0.25363678317719335,0.007936619471526173
1984-11-05,9.2,0,-0.6563070165816085,0.3510159561339437,1.3344628679273756,0.10601525202526697,0.2536281073651311,0.0077464889615677275,-0.4839178253284853
1984-11-06,9.9,1,0.35037539384669686,1.3337878154160105,0.10561856116315971,0.2535405492681663,0.007739682314305756,-0.4840340994696835,-0.31176876964848105
1984-11-07,11.9,1,1.3325045747523612,0.1053229913134271,0.2530798779748655,0.007665053863333917,-0.48403716778734496,-0.3119108935187453,0.18008567515153046
1984-11-08,15.6,1,0.10484309862028089,0.252738770205737,0.007311016622022392,-0.48408593694633095,-0.3119152702517669,0.17986969491250593,1.0900163980315516
1984-11-09,19.0,1,0.2521624757561304,0.007045805385220361,-0.4842267060836638,-0.311973090162948,0.17986157984988377,1.0896637835103204,1.9261689541915712
1984-11-10,12.8,1,0.0066301805297144245,-0.48434012425581285,-0.31218850313667335,0.1797779006467169,1.0896487525379372,1.9256907838434476,0.40142017531153573
1984-11-11,12.2,1,-0.4844344099231175,-0.312355048881451,0.1793492195690128,1.0895172336445966,1.9256693977107435,0.4011709597065691,0.25386384187153194
1984-11-12,12.0,0,-0.31256180326462607,0.17903088075958226,1.088694006574532,1.925493918021027,0.40116116239562666,0.25363678317719335,0.20467839739153096
1984-11-13,11.1,1,0.17850278718820586,1.0880948505954935,1.9243081351741986,0.40106584651106614,0.2536281073651311,0.2044587243340684,-0.016656102768474314
1984-11-14,11.8,0,1.0869722795259447,1.92345093098525,0.4005411947865717,0.2535405492681663,0.20445042235496622,-0.016842540459994747,0.15549295291152998
1984-11-15,7.6,1,1.921782083295759,0.40015454909804726,0.2530798779748655,0.20436545018720004,-0.01684916019077669,0.15528066549094344,-0.8774013811684944
1984-11-16,13.0,1,0.3994818528919803,0.252738770205737,0.20392610570429703,-0.01692249567714924,0.15527273734480132,-0.8774585702146844,0.4506056197915367
1984-11-17,12.7,1,0.2521624757561304,0.20360017724163382,-0.01726586951326183,0.15519035110623372,-0.8774586478686653,0.450349018549694,0.3768274530715348
1984-11-18,16.0,1,0.20305601671084736,-0.017523491096831212,0.1547723334337286,-0.8774867295940627,0.45033884740579155,0.37658193028500614,1.188387286991554
1984-11-19,14.8,1,-0.017923048992927085,0.15446158427753068,-0.8774568842482127,0.4502409455920325,0.3765723198905438,1.1880199011965709,0.8932746201115472
1984-11-20,14.2,0,0.15394955766556434,-0.8774488679686393,0.4496949670571401,0.37647829697058255,1.1880041225582676,0.8929515481378203,0.7457182866715434
1984-11-21,10.0,0,-0.877286082285383,0.44929314206215043,0.37596430865128705,1.1878674318065299,0.8929380124972773,0.7454173716084446,-0.2871760474084806
1984-11-22,8.8,1,0.44858831193726334,0.3755852526159953,1.1870015511156693,0.892816837320731,0.7454049574667818,-0.28732186409718286,-0.5822887142884873
1984-11-23,11.6,0,0.37492862336933835,1.1863720365237003,0.8920789174922579,0.7452915400778313,-0.2873264277466845,-0.5823902171559334,0.10630750843152856
1984-11-24,8.6,1,1.1851851976165113,0.8915404787390805,0.7446176006805516,-0.28738554062246485,-0.5823925378076747,0.10610260664781807,-0.6314741587684887
1984-11-25,14.6,1,0.8905464433448123,0.7441246998467702,-0.28761161700138915,-0.5824361351082635,0.10609505233463598,-0.6315682759990587,0.8440891756315458
1984-11-26,24.3,1,0.7432270662089623,-0.2877857523993994,-0.5825342506248007,0.10601525202526697,-0.63157022281784,0.8437734892946949,3.229583232911602
1984-11-27,11.6,0,-0.2880085737419846,-0.5826173101840192,0.10561856116315971,-0.6316112341892304,0.843760327487112,3.2289093431862637,0.10630750843152856
1984-11-28,10.8,1,-0.5826473280136836,0.1053229913134271,-0.6316880228953695,0.8436417382397643,3.2288780504801182,0.10610260664781807,-0.09043426948847577
1984-11-29,12.0,0,0.10484309862028089,-0.6317559031481227,0.8429251452216889,3.228634043666639,0.10609505233463598,-0.09060962872468217,0.20467839739153096
1984-11-30,11.0,1,-0.631753787058967,0.8424018857749769,3.226883100344267,0.10601525202526697,-0.09061568770602403,0.2044587243340684,-0.0412488250084748
1984-12-01,12.6,0,0.8414399842995288,3.225623644533988,0.10561856116315971,-0.09068514429859871,0.20445042235496622,-0.041431569881557224,0.35223473083153434
1984-12-02,10.8,0,3.223103247995764,0.1053229913134271,-0.09099652791911449,0.20436545018720004,-0.041438002695859136,0.3519929008634437,-0.09043426948847577
1984-12-03,9.1,0,0.10484309862028089,-0.09123138054298593,0.20392610570429703,-0.041510045217632394,0.3519834773854613,-0.09060962872468217,-0.5085105475684858
1984-12-04,11.0,1,-0.09158273756085161,0.20360017724163382,-0.04184275564854605,0.3518907474300994,-0.09061568770602403,-0.508623128891246,-0.0412488250084748
1984-12-05,13.0,1,0.20305601671084736,-0.04209278757888279,0.3513874225160028,-0.09068514429859871,-0.5086260102924274,-0.041431569881557224,0.4506056197915367
1984-12-06,12.8,0,-0.042476278515568594,0.3510159561339437,-0.09099652791911449,-0.5086734864868141,-0.041438002695859136,0.450349018549694,0.40142017531153573
1984-12-07,9.9,1,0.35037539384669686,-0.09123138054298593,-0.508803592218948,-0.041510045217632394,0.45033884740579155,0.4011709597065691,-0.31176876964848105
1984-12-08,11.6,0,-0.09158273756085161,-0.5089094207378644,-0.04184275564854605,0.4502409455920325,0.40116116239562666,-0.3119108935187453,0.10630750843152856
1984-12-09,10.5,1,-0.508987639445759,-0.04209278757888279,0.4496949670571401,0.40106584651106614,-0.3119152702517669,0.10610260664781807,-0.16421243620847767
1984-12-10,15.9,1,-0.042476278515568594,0.44929314206215043,0.4005411947865717,-0.311973090162948,0.10609505233463598,-0.16437671698937004,1.1637945647515535
1984-12-11,12.2,1,0.44858831193726334,0.40015454909804726,-0.31218850313667335,0.10601525202526697,-0.1643822152212718,1.1634308717750084,0.25386384187153194
1984-12-12,13.0,1,0.3994818528919803,-0.312355048881451,0.10561856116315971,-0.1644477929200486,1.1634152800531852,0.25363678317719335,0.4506056197915367
1984-12-13,12.5,1,-0.31256180326462607,0.1053229913134271,-0.1647271863249676,1.1632798822660466,0.2536281073651311,0.450349018549694,0.3276420085915338
1984-12-14,12.5,1,0.10484309862028089,-0.1649392699891411,1.162424664980385,0.2535405492681663,0.45033884740579155,0.3274038714418812,0.3276420085915338
1984-12-15,11.4,1,-0.16524242612877657,1.1618027400416486,0.2530798779748655,0.4502409455920325,0.3273946348803789,0.3274038714418812,0.05712206395152759
1984-12-16,12.1,1,1.1606319680938697,0.252738770205737,0.4496949670571401,0.32730319788961626,0.3273946348803789,0.05692454780469311,0.22927111963153143
1984-12-17,16.8,1,0.2521624757561304,0.44929314206215043,0.3268105363807186,0.32730319788961626,0.056917367324471085,0.22904775375563086,1.3851290649115586
1984-12-18,12.1,1,0.44858831193726334,0.3264466596518921,0.3268105363807186,0.05684015294430066,0.22903926486004866,1.3847321365690715,0.22927111963153143
1984-12-19,11.3,0,0.32582216432405536,0.3264466596518921,0.056464788892591274,0.2289529997276832,1.384714862598928,0.22904775375563086,0.0325293417115271
1984-12-20,10.4,1,0.32582216432405536,0.05618439834932394,0.22850299183958125,1.384567828130396,0.22903926486004866,0.03233551838313064,-0.18880515844847817
1984-12-21,14.2,1,0.05573663957499788,0.2281694737236854,1.383616640197944,0.2289529997276832,0.03232852481938864,-0.1889657464109325,0.7457182866715434
1984-12-22,11.4,1,0.22760924623348888,1.3829264083801138,0.22850299183958125,0.03225260340381751,-0.18897105772635425,0.7454173716084446,0.05712206395152759
1984-12-23,13.7,1,1.3816110337976442,0.2281694737236854,0.03188790275730705,-0.18903534246053177,0.7454049574667818,0.05692454780469311,0.6227546754715405
1984-12-24,16.5,1,0.22760924623348888,0.03161510186727237,-0.18930407246025183,0.7452915400778313,0.056917367324471085,0.6224722245006318,1.311350898191557
1984-12-25,12.8,1,0.03118341005235637,-0.18950856647119266,0.7446176006805516,0.05684015294430066,0.6224607449413692,1.3109650483043838,0.40142017531153573
1984-12-26,12.2,1,-0.1897956556514181,0.7441246998467702,0.056464788892591274,0.622353792375415,1.3109483350836804,0.4011709597065691,0.25386384187153194
1984-12-27,12.0,1,0.7432270662089623,0.05618439834932394,0.6217331700041301,1.310805179508946,0.40116116239562666,0.25363678317719335,0.20467839739153096
1984-12-28,12.6,1,0.05573663957499788,0.6212782174365119,1.309885981792091,0.40106584651106614,0.2536281073651311,0.2044587243340684,0.35223473083153434
1984-12-29,16.0,1,0.6204609185957544,1.3092185189339585,0.4005411947865717,0.2535405492681663,0.20445042235496622,0.3519929008634437,1.188387286991554
1984-12-30,16.4,1,1.3079513452297191,0.40015454909804726,0.2530798779748655,0.20436545018720004,0.3519834773854613,1.1880199011965709,1.2867581759515558
1985-01-01,13.3,1,0.3994818528919803,0.252738770205737,0.20392610570429703,0.3518907474300994,1.1880041225582676,1.2863760188828208,0.5243837865115386
1985-01-02,15.2,1,0.2521624757561304,0.20360017724163382,0.3513874225160028,1.1878674318065299,1.2863594925785973,0.5241161068143819,0.9916455090715491
1985-01-03,13.1,1,0.20305601671084736,0.3510159561339437,1.1870015511156693,1.2862176299684625,0.5241053749210394,0.9913076658240701,0.47519834203153716
1985-01-04,12.7,1,0.35037539384669686,1.1863720365237003,1.2853090956568063,0.5240035942134824,0.9912933825176071,0.4749380479712565,0.3768274530715348
1985-01-05,14.6,0,1.1851851976165113,1.2846492224519066,0.5234256254629932,0.9911670354826636,0.474927689910874,0.37658193028500614,0.8440891756315458
1985-01-06,11.0,1,1.2833981157070773,0.5230010315083056,0.9903864620333948,0.4748284951325156,0.3765723198905438,0.8437734892946949,-0.0412488250084748
1985-01-07,13.2,1,0.5222480005051883,0.9898176646672868,0.4742718531924243,0.37647829697058255,0.843760327487112,-0.041431569881557224,0.4997910642715377
1985-01-08,12.2,1,0.9887593614353782,0.473862438544202,0.37596430865128705,0.8436417382397643,-0.041438002695859136,0.49952707739281893,0.25386384187153194
1985-01-09,14.4,1,0.47314154145990484,0.3755852526159953,0.8429251452216889,-0.041510045217632394,0.49951653241595645,0.25363678317719335,0.7949037311515448
1985-01-10,13.7,1,0.37492862336933835,0.8424018857749769,-0.04184275564854605,0.49941604467299877,0.2536281073651311,0.79459543045157,0.6227546754715405
1985-01-11,14.5,1,0.8414399842995288,-0.04209278757888279,0.49884873932770857,0.2535405492681663,0.7945826424769471,0.6224722245006318,0.8194964533915453
1985-01-12,14.1,1,-0.042476278515568594,0.4984317350262536,0.2530798779748655,0.794466639158798,0.6224607449413692,0.8191844598731324,0.721125564431543
1985-01-13,14.4,1,0.49769477098254633,0.252738770205737,0.7937713729511205,0.622353792375415,0.8191714849820295,0.7208283421868821,0.7949037311515448
1985-01-14,19.7,1,0.2521624757561304,0.7932632928108738,0.6217331700041301,0.8190541886992811,0.7208161149616994,0.79459543045157,2.098318009871575
1985-01-15,16.5,1,0.7923335252542457,0.6212782174365119,0.8183482590864047,0.720703990537348,0.7945826424769471,2.0978139897943855,1.311350898191557
1985-01-16,15.9,1,0.6204609185957544,0.8178325892929253,0.7200407145452674,0.794466639158798,2.097791295246321,1.3109650483043838,1.1637945647515535
1985-01-17,11.8,1,0.8168867547768872,0.7195554033647186,0.7937713729511205,2.0976067648044094,1.3109483350836804,1.1634308717750084,0.15549295291152998
1985-01-18,12.0,1,0.7186738366863208,0.7932632928108738,2.0963463381211884,1.310805179508946,1.1634152800531852,0.15528066549094344,0.20467839739153096
1985-01-19,11.4,1,0.7923335252542457,2.0954360063596114,1.309885981792091,1.1632798822660466,0.15527273734480132,0.2044587243340684,0.05712206395152759
1985-01-20,14.4,1,2.09365468995425,1.3092185189339585,1.162424664980385,0.15519035110623372,0.20445042235496622,0.05692454780469311,0.7949037311515448
1985-01-21,12.4,1,1.3079513452297191,1.1618027400416486,0.1547723334337286,0.20436545018720004,0.056917367324471085,0.79459543045157,0.30304928635153333
1985-01-22,15.1,1,1.1606319680938697,0.15446158427753068,0.20392610570429703,0.05684015294430066,0.7945826424769471,0.3028148420203187,0.9670527868315487
1985-01-23,15.6,1,0.15394955766556434,0.20360017724163382,0.056464788892591274,0.794466639158798,0.3028057923752964,0.9667186364025077,1.0900163980315516
1985-01-24,15.2,1,0.20305601671084736,0.05618439834932394,0.7937713729511205,0.3027156483491331,0.9667045400125247,1.0896637835103204,0.9916455090715491
1985-01-25,12.8,1,0.05573663957499788,0.7932632928108738,0.30223365024543436,0.9665794859421805,1.0896487525379372,0.9913076658240701,0.40142017531153573
1985-01-26,13.3,1,0.7923335252542457,0.30187736316984054,0.9658095758981106,1.0895172336445966,0.9912933825176071,0.4011709597065691,0.5243837865115386
1985-01-27,17.5,1,0.3012689348014138,0.9652483681852352,1.088694006574532,0.9911670354826636,0.40116116239562666,0.5241161068143819,1.5572781205915627
1985-01-28,15.4,1,0.9642061319127367,1.0880948505954935,0.9903864620333948,0.40106584651106614,0.5241053749210394,1.5568553425200093,1.0408309535515505
1985-01-29,13.5,1,1.0869722795259447,0.9898176646672868,0.4005411947865717,0.5240035942134824,1.5568367601345057,1.0404857246671955,0.5735692309915396
1985-01-30,16.7,1,0.9887593614353782,0.40015454909804726,0.5234256254629932,1.5566806749137785,1.0404710675277724,0.5732941656575068,1.3605363426715578
1985-01-31,15.2,1,0.3994818528919803,0.5230010315083056,1.555654843144934,1.0403421345636303,0.5732830599312042,1.3601431071475085,0.9916455090715491
1985-02-01,14.9,0,0.5222480005051883,1.554911483754475,1.0395402343039637,0.5731786932944487,1.3601260200938452,0.9913076658240701,0.9178673423515477
1985-02-02,10.2,1,1.5534836404561352,1.0389562576313904,0.5725793977335617,1.3599802785899122,0.9912933825176071,0.9175405775593828,-0.23799060292847957
1985-02-03,13.6,1,1.0378658204806617,0.5721396244724087,1.3590397540626593,0.9911670354826636,0.9175268550023598,-0.2381438052540579,0.5981619532315401
1985-02-04,19.0,1,0.5713544595504713,1.3583571118980617,0.9903864620333948,0.9174043868612142,-0.2381487427365196,0.5978831950790693,1.9261689541915712
1985-02-05,15.7,1,1.357057804275002,0.9898176646672868,0.9166558036275421,-0.2382104415414985,0.5978719024362866,1.9256907838434476,1.114609120271552
1985-02-06,18.0,1,0.9887593614353782,0.9161097752211321,-0.23845784473082068,0.5977662428349318,1.9256693977107435,1.114252812931883,1.6802417317915654
1985-02-07,14.8,1,0.9150996728674538,-0.23864715943529624,0.5971562838688459,1.925493918021027,1.11423759504302,1.679800489627822,0.8932746201115472
1985-02-08,13.9,1,-0.23890211469670153,0.5967089209544603,1.9243081351741986,1.1141047831850799,1.6797809726599182,0.8929515481378203,0.671940119951542
1985-02-09,13.0,1,0.5959076890731129,1.92345093098525,1.1132708927098163,1.6796184226161945,0.8929380124972773,0.6716502833437572,0.4506056197915367
1985-02-10,15.3,1,1.921782083295759,1.1126641470775451,1.6785392738213556,0.892816837320731,0.6716384299515344,0.450349018549694,1.01623823131155
1985-02-11,14.3,1,1.1115255090485863,1.6777579661647335,0.8920789174922579,0.6715288914563817,0.45033884740579155,1.0158966952456332,0.7703110089115444
1985-02-12,15.6,1,1.6762497880693432,0.8915404787390805,0.670886942274699,0.4502409455920325,1.01588222502269,0.7700064010300075,1.0900163980315516
1985-02-13,16.0,1,0.8905464433448123,0.6704168104006155,0.4496949670571401,1.0157545850231473,0.7699937999718647,1.0896637835103204,1.188387286991554
1985-02-14,14.9,0,0.6695673776410378,0.44929314206215043,1.0149633481686795,0.7698790896183149,1.0896487525379372,1.1880199011965709,0.9178673423515477
1985-02-15,11.1,1,0.44858831193726334,1.0143869611493388,0.7691944868158364,1.0895172336445966,1.1880041225582676,0.9175405775593828,-0.016656102768474314
1985-02-16,14.8,1,1.0133125909580203,0.7686939963288222,1.088694006574532,1.1878674318065299,0.9175268550023598,-0.016842540459994747,0.8932746201115472
1985-02-17,13.0,1,0.7677802957316042,1.0880948505954935,1.1870015511156693,0.9174043868612142,-0.01684916019077669,0.8929515481378203,0.4506056197915367
1985-02-18,12.2,0,1.0869722795259447,1.1863720365237003,0.9166558036275421,-0.01692249567714924,0.8929380124972773,0.450349018549694,0.25386384187153194
1985-02-19,10.9,1,1.1851851976165113,0.9161097752211321,-0.01726586951326183,0.892816837320731,0.45033884740579155,0.25363678317719335,-0.0658415472484753
1985-02-20,14.6,1,0.9150996728674538,-0.017523491096831212,0.8920789174922579,0.4502409455920325,0.2536281073651311,-0.0660205993031197,0.8440891756315458
1985-02-21,16.6,1,-0.017923048992927085,0.8915404787390805,0.4496949670571401,0.2535405492681663,-0.06602684520094158,0.8437734892946949,1.3359436204315578
1985-02-22,18.1,1,0.8905464433448123,0.44929314206215043,0.2530798779748655,-0.06609759475811555,0.843760327487112,1.3355540777259465,1.7048344540315663
1985-02-23,13.4,0,0.44858831193726334,0.252738770205737,-0.06641964178383027,0.8436417382397643,1.3355371775887632,1.704389519049385,0.5489765087515391
1985-02-24,10.3,1,0.2521624757561304,-0.06666208406093437,0.8429251452216889,1.3353927290494296,1.704369815165001,0.5487051362359443,-0.21339788068847865
1985-02-25,13.6,1,-0.0670295080382101,0.8424018857749769,1.3344628679273756,1.7042059721566782,0.5486942174261218,-0.21355477583249496,0.5981619532315401
1985-02-26,13.8,0,0.8414399842995288,1.3337878154160105,1.7031161599566402,0.5485911437539656,-0.2135599002314367,0.5978831950790693,0.6473473977115415
1985-02-27,10.3,0,1.3325045747523612,1.7023272626467856,0.5480025115982774,-0.21362289200101492,0.5978719024362866,0.6470612539221947,-0.21339788068847865
1985-02-28,11.0,1,1.700803017591985,0.5475703279903572,-0.21388095859553605,0.5977662428349318,0.647049587446452,-0.21355477583249496,-0.0412488250084748
1985-03-01,14.3,1,0.5468012300278298,-0.21407786295324424,0.5971562838688459,0.6469413419158986,-0.2135599002314367,-0.041431569881557224,0.7703110089115444
1985-03-02,15.5,1,-0.2143488851740596,0.5967089209544603,0.6463100561394147,-0.21362289200101492,-0.041438002695859136,0.7700064010300075,1.0654236757915512
1985-03-03,14.7,1,0.5959076890731129,0.6458475139185639,-0.21388095859553605,-0.041510045217632394,0.7699937999718647,1.065074754088758,0.8686818978715463
1985-03-04,12.7,0,0.6450141481183963,-0.21407786295324424,-0.04184275564854605,0.7698790896183149,1.0650599100328548,0.8683625187162574,0.3768274530715348
1985-03-05,10.7,1,-0.2143488851740596,-0.04209278757888279,0.7691944868158364,1.0649296841041136,0.8683491699921945,0.37658193028500614,-0.1150269917284767
1985-03-06,12.6,0,-0.042476278515568594,0.7686939963288222,1.0641171204392479,0.8682292877802474,0.3765723198905438,-0.11519865814624508,0.35223473083153434
1985-03-07,9.8,1,0.7677802957316042,1.0635255541134419,0.8675020313569732,0.37647829697058255,-0.11520453021110692,0.3519929008634437,-0.3363614918884815
1985-03-08,13.2,1,1.0624190500033033,0.8669711822570285,0.37596430865128705,-0.1152726938390823,0.3519834773854613,-0.3364999229403078,0.4997910642715377
1985-03-09,15.2,1,0.8659932138221703,0.3755852526159953,-0.11557341405439915,0.3518907474300994,-0.3365041127568494,0.49952707739281893,0.9916455090715491
1985-03-10,16.6,1,0.37492862336933835,-0.11580067702503795,0.3513874225160028,-0.33656063970343114,0.49951653241595645,0.9913076658240701,1.3359436204315578
1985-03-11,21.0,1,-0.11613596708349355,0.3510159561339437,-0.3367653892719576,0.49941604467299877,0.9912933825176071,1.3355540777259465,2.4180233989915827
1985-03-12,22.4,1,0.35037539384669686,-0.3369243453635025,0.49884873932770857,0.9911670354826636,1.3355371775887632,2.417471372274699,2.7623215103515903
1985-03-13,17.0,1,-0.33711503278726757,0.4984317350262536,0.9903864620333948,1.3353927290494296,2.417446247812394,2.7617177841765743,1.4343145093915597
1985-03-14,21.7,1,0.49769477098254633,0.9898176646672868,1.3344628679273756,2.4172449088306918,2.7616900428835494,1.4339101954121964,2.5901724546715865
1985-03-15,21.4,1,0.9887593614353782,1.3337878154160105,2.415845857879885,2.761470602397457,1.433892547609093,2.5895945782256367,2.516394287951585
1985-03-16,18.6,1,1.3325045747523612,2.4148368606262833,2.759922263773865,1.4337429272113622,2.5895681453479718,2.515827489960949,1.8277980652315693
1985-03-17,16.2,1,2.412846673748591,2.7588070113750063,1.4327704124685126,2.5893577556140746,2.5158016178327243,1.8273346661571979,1.237572731471555
1985-03-18,16.8,1,2.756591887065573,1.4320650013442169,2.587884060826875,2.515595106992625,1.8273140276904138,1.2371979600396958,1.3851290649115586
1985-03-19,17.0,1,1.4307174928429272,2.5868219360006446,2.5141534024210217,1.8271437198590945,1.2371818075684324,1.3847321365690715,1.4343145093915597
1985-03-20,18.4,1,2.584719280407082,2.5131140465544894,1.8260005906330619,1.2370425308874962,1.384714862598928,1.4339101954121964,1.7786126207515673
1985-03-21,17.2,1,2.511059591839157,1.8251737450570438,1.236155323386238,1.384567828130396,1.433892547609093,1.778156607314072,1.4834999538715608
1985-03-22,18.4,1,1.823569165205193,1.2355106294878033,1.383616640197944,1.4337429272113622,1.7781363426802481,1.4830882542553214,1.7786126207515673
1985-03-23,18.8,1,1.2342916566617943,1.3829264083801138,1.4327704124685126,1.7779686207781273,1.4830702326192577,1.778156607314072,1.8769835097115701
1985-03-24,16.5,1,1.3816110337976442,1.4320650013442169,1.7768468183624924,1.4829180262923285,1.7781363426802481,1.8765127250003228,1.311350898191557
1985-03-25,13.3,1,1.4307174928429272,1.7760351520929398,1.481924184739081,1.7779686207781273,1.8764917127005787,1.3109650483043838,0.5243837865115386
1985-03-26,12.2,1,1.7744627061599092,1.48120359430832,1.7768468183624924,1.8763188189400608,1.3109483350836804,0.5241161068143819,0.25386384187153194
1985-03-27,11.3,1,1.4798239518882101,1.7760351520929398,1.8751543629036302,1.310805179508946,0.5241053749210394,0.25363678317719335,0.0325293417115271
1985-03-28,13.8,1,1.7744627061599092,1.8743123380211468,1.309885981792091,0.5240035942134824,0.2536281073651311,0.03233551838313064,0.6473473977115415
1985-03-29,16.6,1,1.872675624250476,1.3092185189339585,0.5234256254629932,0.2535405492681663,0.03232852481938864,0.6470612539221947,1.3359436204315578
1985-03-30,14.0,1,1.3079513452297191,0.5230010315083056,0.2530798779748655,0.03225260340381751,0.647049587446452,1.3355540777259465,0.6965328421915424
1985-03-31,14.3,1,0.5222480005051883,0.252738770205737,0.03188790275730705,0.6469413419158986,1.3355371775887632,0.6962393127653196,0.7703110089115444
1985-04-01,16.4,1,0.2521624757561304,0.03161510186727237,0.6463100561394147,1.3353927290494296,0.6962272724566169,0.7700064010300075,1.2867581759515558
1985-04-02,11.9,1,0.03118341005235637,0.6458475139185639,1.3344628679273756,0.6961164409968649,0.7699937999718647,1.2863760188828208,0.18008567515153046
1985-04-03,15.7,1,0.6450141481183963,1.3337878154160105,0.6954638284099832,0.7698790896183149,1.2863594925785973,0.17986969491250593,1.114609120271552
1985-04-04,17.6,1,1.3325045747523612,0.694986106882667,0.7691944868158364,1.2862176299684625,0.17986157984988377,1.114252812931883,1.5818708428315635
1985-04-05,17.5,1,0.6941206071636793,0.7686939963288222,1.2853090956568063,0.1797779006467169,1.11423759504302,1.5814443719415723,1.5572781205915627
1985-04-06,15.9,1,0.7677802957316042,1.2846492224519066,0.1793492195690128,1.1141047831850799,1.5814256026395885,1.5568553425200093,1.1637945647515535
1985-04-07,16.2,1,1.2833981157070773,0.17903088075958226,1.1132708927098163,1.581268224454262,1.5568367601345057,1.1634308717750084,1.237572731471555
1985-04-08,16.0,1,0.17850278718820586,1.1126641470775451,1.5802317292802186,1.5566806749137785,1.1634152800531852,1.2371979600396958,1.188387286991554
1985-04-09,15.9,1,1.1115255090485863,1.5794807802365272,1.555654843144934,1.1632798822660466,1.2371818075684324,1.1880199011965709,1.1637945647515535
1985-04-10,16.2,1,1.578036869978777,1.554911483754475,1.162424664980385,1.2370425308874962,1.1880041225582676,1.1634308717750084,1.237572731471555
1985-04-11,16.2,1,1.5534836404561352,1.1618027400416486,1.236155323386238,1.1878674318065299,1.1634152800531852,1.2371979600396958,1.237572731471555
1985-04-12,19.5,1,1.1606319680938697,1.2355106294878033,1.1870015511156693,1.1632798822660466,1.2371818075684324,1.2371979600396958,2.049132565391574
1985-04-13,18.2,1,1.2342916566617943,1.1863720365237003,1.162424664980385,1.2370425308874962,1.2371818075684324,2.0486359309512605,1.7294271762715665
1985-04-14,21.8,1,1.1851851976165113,1.1618027400416486,1.236155323386238,1.2370425308874962,2.0486136102361563,1.728978548470947,2.6147651769115874
1985-04-15,15.1,0,1.1606319680938697,1.2355106294878033,1.236155323386238,2.0484316657234434,1.728958657670083,2.6141836076472,0.9670527868315487
1985-04-16,11.0,0,1.2342916566617943,1.2355106294878033,2.04719256585062,1.728793521697161,2.614156987853055,0.9667186364025077,-0.0412488250084748
1985-04-17,8.1,0,1.2342916566617943,2.0462974133955085,1.727693046091924,2.6139453051545583,0.9667045400125247,-0.041431569881557224,-0.7544377699684915
1985-04-18,9.5,0,2.044548230908967,1.7268965591288366,2.6124609469621594,0.9665794859421805,-0.041438002695859136,-0.7545134231068716,-0.41013965860848345
1985-04-19,9.3,0,1.7253562471146262,2.611391232482697,0.9658095758981106,-0.041510045217632394,-0.7545144353432527,-0.41026701120499565,-0.4593251030884844
1985-04-20,10.6,0,2.609272509929724,0.9652483681852352,-0.04184275564854605,-0.7545489818916465,-0.41027064027209714,-0.4594450700481206,-0.1396197139684772
1985-04-21,6.3,0,0.9642061319127367,-0.04209278757888279,-0.754572453571791,-0.410323288324881,-0.45944832528226204,-0.13978768756780754,-1.1971067702885019
1985-04-22,8.6,0,-0.042476278515568594,-0.754602385558381,-0.41049604767781067,-0.45949838740584736,-0.13979337271618936,-1.1971159526949977,-0.6314741587684887
1985-04-23,6.8,0,-0.7545199346721749,-0.4106322348096577,-0.4596498199483791,-0.13986024337956546,-1.1971136004347382,-0.6315682759990587,-1.0741431590884989
1985-04-24,8.7,0,-0.41077472135519255,-0.4597708277737608,-0.14015030018968339,-1.1971248736203448,-0.63157022281784,-1.0741708055871848,-0.6068814365284882
1985-04-25,8.4,0,-0.45988118040047554,-0.14036997350708952,-1.1969564040069085,-0.6316112341892304,-1.0741693879093257,-0.6069792465774964,-0.6806596032484896
1985-04-26,9.3,0,-0.14068919660613508,-1.196849722235311,-0.6316880228953695,-1.0741871259179288,-0.6069813803127576,-0.6807463348421837,-0.4593251030884844
1985-04-27,10.0,0,-1.1964780660797236,-0.6317559031481227,-1.074071973330487,-0.6070236846487471,-0.680747907828005,-0.4594450700481206,-0.2871760474084806
1985-04-28,10.5,1,-0.631753787058967,-1.0740032398250525,-0.6071111367600853,-0.6807863332701967,-0.45944832528226204,-0.28732186409718286,-0.16421243620847767
1985-04-29,12.0,0,-1.0737119184665156,-0.6071866066660712,-0.680841795165938,-0.45949838740584736,-0.2873264277466845,-0.16437671698937004,0.20467839739153096
1985-04-30,10.1,0,-0.6072005575363255,-0.6808944961122259,-0.4596498199483791,-0.28738554062246485,-0.1643822152212718,0.2044587243340684,-0.26258332516848004
1985-05-01,9.4,0,-0.68086024610425,-0.4597708277737608,-0.28761161700138915,-0.1644477929200486,0.20445042235496622,-0.26273283467562036,-0.4347323808484839
1985-05-02,10.1,0,-0.45988118040047554,-0.2877857523993994,-0.1647271863249676,0.20436545018720004,-0.262737585241602,-0.43485604062655814,-0.26258332516848004
1985-05-03,8.0,0,-0.2880085737419846,-0.1649392699891411,0.20392610570429703,-0.26279799108198165,-0.4348594827771796,-0.26273283467562036,-0.7790304922084921
1985-05-04,10.6,1,-0.16524242612877657,0.20360017724163382,-0.2630347308661049,-0.4349108378653642,-0.262737585241602,-0.779102452528434,-0.1396197139684772
1985-05-05,13.6,1,0.20305601671084736,-0.2632164559173478,-0.4350729338130949,-0.26279799108198165,-0.7791032778483352,-0.13978768756780754,0.5981619532315401
1985-05-06,15.4,0,-0.263455344219343,-0.4352015312917093,-0.2630347308661049,-0.7791365314321297,-0.13979337271618936,0.5978831950790693,1.0408309535515505
1985-05-07,9.0,0,-0.43532795087783405,-0.2632164559173478,-0.7791493397070753,-0.13986024337956546,0.5978719024362866,1.0404857246671955,-0.5331032698084863
1985-05-08,10.4,0,-0.263455344219343,-0.7791716820404326,-0.14015030018968339,0.5977662428349318,1.0404710675277724,-0.5332121583128084,-0.18880515844847817
1985-05-09,11.0,1,-0.7790731641948164,-0.14036997350708952,0.5971562838688459,1.0403421345636303,-0.5332148527975098,-0.1889657464109325,-0.0412488250084748
1985-05-10,12.1,1,-0.14068919660613508,0.5967089209544603,1.0395402343039637,-0.5332610360272972,-0.18897105772635425,-0.041431569881557224,0.22927111963153143
1985-05-11,13.4,1,0.5959076890731129,1.0389562576313904,-0.5333804783542322,-0.18903534246053177,-0.041438002695859136,0.22904775375563086,0.5489765087515391
1985-05-12,11.3,0,1.0378658204806617,-0.533478717219916,-0.18930407246025183,-0.041510045217632394,0.22903926486004866,0.5487051362359443,0.0325293417115271
1985-05-13,6.7,0,-0.5335408689684005,-0.18950856647119266,-0.04184275564854605,0.2289529997276832,0.5486942174261218,0.03233551838313064,-1.0987358813284995
1985-05-14,9.8,0,-0.1897956556514181,-0.04209278757888279,0.22850299183958125,0.5485911437539656,0.03232852481938864,-1.0987598350087473,-0.3363614918884815
1985-05-15,10.8,0,-0.042476278515568594,0.2281694737236854,0.5480025115982774,0.03225260340381751,-1.0987582304144081,-0.3364999229403078,-0.09043426948847577
1985-05-16,7.8,0,0.22760924623348888,0.5475703279903572,0.03188790275730705,-1.0987746754584118,-0.3365041127568494,-0.09060962872468217,-0.8282159366884932
1985-05-17,4.5,0,0.5468012300278298,0.03161510186727237,-1.0986488594657713,-0.33656063970343114,-0.09061568770602403,-0.8282805113715592,-1.639775770608512
1985-05-18,7.6,0,0.03118341005235637,-1.0985725363071042,-0.3367653892719576,-0.09068514429859871,-0.8282809628585003,-1.6397184822831237,-0.8774013811684944
1985-05-19,6.9,0,-1.0982651479891572,-0.3369243453635025,-0.09099652791911449,-0.8283116305130962,-1.6397127655262238,-0.8774585702146844,-1.0495504368484982
1985-05-20,7.5,0,-0.33711503278726757,-0.09123138054298593,-0.828303111977644,-1.6397007653490432,-0.8774586478686653,-1.049581776165622,-0.901994103408495
1985-05-21,8.5,0,-0.09158273756085161,-0.828310275004536,-1.6393403544420262,-0.8774867295940627,-1.049580545404243,-0.9020475996362469,-0.6560668810084892
1985-05-22,5.5,0,-0.8281796232400997,-1.6390970589122407,-0.8774568842482127,-1.0495995763774453,-0.9020474903737479,-0.6561573054206212,-1.3938485482085063
1985-05-23,9.5,0,-1.6384361974872723,-0.8774488679686393,-1.0494950871952027,-0.902074279134546,-0.6561590653229225,-1.393828188067498,-0.41013965860848345
1985-05-24,7.3,0,-0.877286082285383,-1.0494339433430009,-0.9020337703834969,-0.6561987837297135,-1.3938243404753985,-0.41026701120499565,-0.9511795478884961
1985-05-25,5.4,0,-1.049158688943874,-0.9020181644506909,-0.6562649090306538,-1.3938252699442109,-0.41027064027209714,-0.951225658479372,-1.418441270448507
1985-05-26,5.5,0,-0.9018393118080245,-0.6563251996301743,-1.393571493089183,-0.410323288324881,-0.9512251753839129,-1.4184172174890606,-1.3938485482085063
1985-05-27,8.1,1,-0.6563070165816085,-1.393404094091724,-0.41049604767781067,-0.9512493782155125,-1.418413182980481,-1.393828188067498,-0.7544377699684915
1985-05-28,11.2,1,-1.3929039022608565,-0.4106322348096577,-0.9511875426540655,-1.4184128194846939,-1.3938243404753985,-0.7545134231068716,0.007936619471526173
1985-05-29,13.4,1,-0.41077472135519255,-0.9511567574147943,-1.4181483792244673,-1.3938252699442109,-0.7545144353432527,0.0077464889615677275,0.5489765087515391
1985-05-30,11.6,0,-0.9509457708533077,-1.4179733905737757,-1.393571493089183,-0.7545489818916465,0.007739682314305756,0.5487051362359443,0.10630750843152856
1985-05-31,10.1,0,-1.4174571317834979,-1.393404094091724,-0.754572453571791,0.007665053863333917,0.5486942174261218,0.10610260664781807,-0.26258332516848004
1985-06-01,4.3,0,-1.3929039022608565,-0.754602385558381,0.007311016622022392,0.5485911437539656,0.10609505233463598,-0.26273283467562036,-1.6889612150885134
1985-06-02,5.5,0,-0.7545199346721749,0.007045805385220361,0.5480025115982774,0.10601525202526697,-0.262737585241602,-1.6888965411262489,-1.3938485482085063
1985-06-03,4.4,0,0.0066301805297144245,0.5475703279903572,0.10561856116315971,-0.26279799108198165,-1.688890450536389,-1.393828188067498,-1.6643684928485127
1985-06-04,5.9,0,0.5468012300278298,0.1053229913134271,-0.2630347308661049,-1.6888758644300097,-1.3938243404753985,-1.6643075117046862,-1.295477659248504
1985-06-05,5.7,0,0.10484309862028089,-0.2632164559173478,-1.6884941267125948,-1.3938252699442109,-1.6643016080313062,-1.2954720703812477,-1.3446631037285053
1985-06-06,8.2,0,-0.263455344219343,-1.6882356518763442,-1.393571493089183,-1.6642883148895264,-1.2954689704550684,-1.3446501292243729,-0.7298450477284911
1985-06-07,8.2,0,-1.6875426565325555,-1.393404094091724,-1.6639172405773104,-1.2954750717822778,-1.3446466554652334,-0.7299243936853091,-0.7298450477284911
1985-06-08,4.2,0,-1.3929039022608565,-1.6636663553942923,-1.2952639485480457,-1.3446501708632443,-0.7299255928381703,-0.7299243936853091,-1.7135539373285138
1985-06-09,6.5,0,-1.662989427009914,-1.2951269081635175,-1.3444177208186143,-0.7299614323511634,-0.7299255928381703,-1.7134855705478114,-1.1479213258085006
1985-06-10,10.0,0,-1.2946909841702898,-1.3442655011276208,-0.7299955674365068,-0.7299614323511634,-1.7134792930414715,-1.1479378938518725,-0.2871760474084806
1985-06-11,8.8,0,-1.343797443215573,-0.7300330890763295,-0.7299955674365068,-1.713463413970493,-1.1479359154245732,-0.28732186409718286,-0.5822887142884873
1985-06-12,6.6,0,-0.7299667051495334,-0.7300330890763295,-1.713071012847879,-1.1479497745393783,-0.2873264277466845,-0.5823902171559334,-1.1233286035685002
1985-06-13,7.8,0,-0.7299667051495334,-1.7128049483583956,-1.14780263173634,-0.28738554062246485,-0.5823925378076747,-1.12334886443031,-0.8282159366884932
1985-06-14,10.1,0,-1.7120958860551971,-1.1477111292712074,-0.28761161700138915,-0.5824361351082635,-1.1233470729194908,-0.8282805113715592,-0.26258332516848004
1985-06-15,7.1,0,-1.1473716070344404,-0.2877857523993994,-0.5825342506248007,-1.1233622249988953,-0.8282809628585003,-0.26273283467562036,-1.0003649923684974
1985-06-16,7.7,0,-0.2880085737419846,-0.5826173101840192,-1.1232257456010557,-0.8283116305130962,-0.262737585241602,-1.000403717322497,-0.8528086589284938
1985-06-17,8.5,0,-0.5826473280136836,-1.123141832789156,-0.828303111977644,-0.26279799108198165,-1.000402860394078,-0.8528695407931217,-0.6560668810084892
1985-06-18,7.3,0,-1.1228183775117988,-0.828310275004536,-0.2630347308661049,-1.000424477296479,-0.8528698053635827,-0.6561573054206212,-0.9511795478884961
1985-06-19,6.9,0,-0.8281796232400997,-0.2632164559173478,-1.000341314924634,-0.8528991800535793,-0.6561590653229225,-0.951225658479372,-1.0495504368484982
1985-06-20,8.4,0,-0.263455344219343,-1.0002953503788976,-0.8528799981129281,-0.6561987837297135,-0.9512251753839129,-1.049581776165622,-0.6806596032484896
1985-06-21,7.1,0,-1.000052229898591,-0.8528795714865876,-0.6562649090306538,-0.9512493782155125,-1.049580545404243,-0.6807463348421837,-1.0003649923684974
1985-06-22,6.3,0,-0.8527328527627412,-0.6563251996301743,-0.9511875426540655,-1.0495995763774453,-0.680747907828005,-1.000403717322497,-1.1971067702885019
1985-06-23,0.6,0,-0.6563070165816085,-0.9511567574147943,-1.0494950871952027,-0.6807863332701967,-1.000402860394078,-1.1971159526949977,-2.598891937968535
1985-06-24,1.6,0,-0.9509457708533077,-1.0494339433430009,-0.680841795165938,-1.000424477296479,-1.1971136004347382,-2.5986906297240635,-2.352964715568529
1985-06-25,7.0,0,-1.049158688943874,-0.6808944961122259,-1.000341314924634,-1.1971248736203448,-2.5986776232244426,-2.352800335508438,-1.0249577146084978
1985-06-26,8.3,0,-0.68086024610425,-1.0002953503788976,-1.1969564040069085,-2.5986151974278897,-2.3527891981736175,-1.0249927467440596,-0.7052523254884902
1985-06-27,8.0,0,-1.000052229898591,-1.196849722235311,-2.5978389137181144,-2.352739702023057,-1.0249917028991604,-0.7053353642637462,-0.7790304922084921
1985-06-28,10.2,0,-1.1964780660797236,-2.5972996217122555,-2.352070052365271,-1.0250120268369622,-0.7053367503330874,-0.779102452528434,-0.23799060292847957
1985-06-29,10.6,0,-2.5960121488702947,-2.351606656891739,-1.0249182010599185,-0.7053738828106798,-0.7791032778483352,-0.2381438052540579,-0.1396197139684772
1985-06-30,10.4,1,-2.3504798536438787,-1.0248646468609492,-0.7054186813012222,-0.7791365314321297,-0.2381487427365196,-0.13978768756780754,-0.18880515844847817
1985-07-01,11.6,0,-1.0246054594212324,-0.7054637925942775,-0.7791493397070753,-0.2382104415414985,-0.13979337271618936,-0.1889657464109325,0.10630750843152856
1985-07-02,11.0,0,-0.7054134756268915,-0.7791716820404326,-0.23845784473082068,-0.13986024337956546,-0.18897105772635425,0.10610260664781807,-0.0412488250084748
1985-07-03,10.7,0,-0.7790731641948164,-0.23864715943529624,-0.14015030018968339,-0.18903534246053177,0.10609505233463598,-0.041431569881557224,-0.1150269917284767
1985-07-04,7.3,0,-0.23890211469670153,-0.14036997350708952,-0.18930407246025183,0.10601525202526697,-0.041438002695859136,-0.11519865814624508,-0.9511795478884961
1985-07-05,4.2,0,-0.14068919660613508,-0.18950856647119266,0.10561856116315971,-0.041510045217632394,-0.11520453021110692,-0.951225658479372,-1.7135539373285138
1985-07-06,4.7,0,-0.1897956556514181,0.1053229913134271,-0.04184275564854605,-0.1152726938390823,-0.9512251753839129,-1.7134855705478114,-1.590590326128511
1985-07-07,5.6,0,0.10484309862028089,-0.04209278757888279,-0.11557341405439915,-0.9512493782155125,-1.7134792930414715,-1.5905404234399985,-1.369255825968506
1985-07-08,7.7,0,-0.042476278515568594,-0.11580067702503795,-0.9511875426540655,-1.713463413970493,-1.5905350805160587,-1.3692391586459356,-0.8528086589284938
1985-07-09,7.5,0,-0.11613596708349355,-0.9511567574147943,-1.713071012847879,-1.5905256662680767,-1.369235497970316,-0.8528695407931217,-0.901994103408495
1985-07-10,4.9,0,-0.9509457708533077,-1.7128049483583956,-1.5901865821714574,-1.3692377204037276,-0.8528698053635827,-0.9020475996362469,-1.5414048816485098
1985-07-11,5.9,0,-1.7120958860551971,-1.5899584659481374,-1.3689946069538987,-0.8528991800535793,-0.9020474903737479,-1.5413623645968735,-1.295477659248504
1985-07-12,7.8,0,-1.589329738441989,-1.3688347976096726,-0.8528799981129281,-0.902074279134546,-1.5413573955058937,-1.2954720703812477,-0.8282159366884932
1985-07-13,5.8,0,-1.3683506727382149,-0.8528795714865876,-0.9020337703834969,-1.5413505671871102,-1.2954689704550684,-0.8282805113715592,-1.3200703814885046
1985-07-14,7.0,0,-0.8527328527627412,-0.9020181644506909,-1.5410328099008888,-1.2954750717822778,-0.8282809628585003,-1.3200610998028104,-1.0249577146084978
1985-07-15,8.4,0,-0.9018393118080245,-1.5408198729840341,-1.2952639485480457,-0.8283116305130962,-1.320057812960151,-1.0249927467440596,-0.6806596032484896
1985-07-16,6.2,0,-1.540223279396706,-1.2951269081635175,-0.828303111977644,-1.320062621322761,-1.0249917028991604,-0.6807463348421837,-1.2216994925285023
1985-07-17,7.5,0,-1.2946909841702898,-0.828310275004536,-1.3198408346833301,-1.0250120268369622,-0.680747907828005,-1.2217049821165602,-0.901994103408495
1985-07-18,4.8,0,-0.8281796232400997,-1.3196962046455691,-1.0249182010599185,-0.6807863332701967,-1.2217024429398207,-0.9020475996362469,-1.5659976038885104
1985-07-19,3.3,0,-1.3192442136929317,-1.0248646468609492,-0.680841795165938,-1.221712423160828,-0.9020474903737479,-1.565951394018436,-1.9348884374885191
1985-07-20,3.2,0,-1.0246054594212324,-0.6808944961122259,-1.221533290142193,-0.902074279134546,-1.5659462380109763,-1.9347868353418745,-1.9594811597285196
1985-07-21,7.0,0,-0.68086024610425,-1.2214190187173624,-0.9020337703834969,-1.5659381167275936,-1.9347788755872144,-1.959375864763437,-1.0249577146084978
1985-07-22,8.4,0,-1.2210312956023652,-0.9020181644506909,-1.5656096960361732,-1.9347513598348423,-1.9593677180922968,-1.0249927467440596,-0.6806596032484896
1985-07-23,0.3,0,-0.9018393118080245,-1.5653891694660858,-1.9342629880654378,-1.9593389093753253,-1.0249917028991604,-0.6807463348421837,-2.672670104688536
1985-07-24,0.3,0,-1.5647765089193475,-1.9339286166968608,-1.958839874200722,-1.0250120268369622,-0.680747907828005,-2.672457717988751,-2.672670104688536
1985-07-25,2.1,0,-1.9330749517589716,-1.9584979131789122,-1.0249182010599185,-0.6807863332701967,-2.67244415073969,-2.672457717988751,-2.230001104368526
1985-07-26,8.5,0,-1.957628181281613,-1.0248646468609492,-0.680841795165938,-2.6723778460493395,-2.67244415073969,-2.2298551884006255,-0.6560668810084892
1985-07-27,1.4,0,-1.0246054594212324,-0.6808944961122259,-2.6715695721239667,-2.6723778460493395,-2.2298449856482048,-0.6561573054206212,-2.4021501600485298
1985-07-28,4.1,0,-0.68086024610425,-2.67100751115841,-2.6715695721239667,-2.2298019543206413,-0.6561590653229225,-2.401978394351563,-1.7381466595685147
1985-07-29,10.3,0,-2.6696718374382193,-2.67100751115841,-2.2291856216888495,-0.6561987837297135,-2.4019668831837824,-1.738074599969374,-0.21339788068847865
1985-07-30,6.6,0,-2.6696718374382193,-2.2287601744814807,-0.6562649090306538,-2.4019148011040237,-1.7380681355465541,-0.21355477583249496,-1.1233286035685002
1985-07-31,6.1,0,-2.227713706030671,-0.6563251996301743,-2.4012238246358395,-1.7380509635109762,-0.2135599002314367,-1.12334886443031,-1.2462922147685032
1985-08-01,7.0,0,-0.6563070165816085,-2.400745249855842,-1.7376478989831634,-0.21362289200101492,-1.1233470729194908,-1.246294011538123,-1.0249577146084978
1985-08-02,5.1,0,-2.399586312689162,-1.7373742448404474,-0.21388095859553605,-1.1233622249988953,-1.2462912854449033,-1.0249927467440596,-1.492219437168509
1985-08-03,6.3,0,-1.7366491155778387,-0.21407786295324424,-1.1232257456010557,-1.2462999727013113,-1.0249917028991604,-1.4921843057537485,-1.1971067702885019
1985-08-04,6.9,1,-0.2143488851740596,-1.123141832789156,-1.2461101762774773,-1.0250120268369622,-1.4921797104957288,-1.1971159526949977,-1.0495504368484982
1985-08-05,11.4,0,-1.1228183775117988,-1.2459883151994142,-1.0249182010599185,-1.4921754681061439,-1.1971136004347382,-1.049581776165622,0.05712206395152759
1985-08-06,10.4,0,-1.2455845251250068,-1.0248646468609492,-1.4918790376303204,-1.1971248736203448,-1.049580545404243,0.05692454780469311,-0.18880515844847817
1985-08-07,10.3,0,-1.0246054594212324,-1.4916812800199308,-1.1969564040069085,-1.0495995763774453,0.056917367324471085,-0.1889657464109325,-0.21339788068847865
1985-08-08,9.2,0,-1.491116820351423,-1.196849722235311,-1.0494950871952027,0.05684015294430066,-0.18897105772635425,-0.21355477583249496,-0.4839178253284853
1985-08-09,7.2,0,-1.1964780660797236,-1.0494339433430009,0.056464788892591274,-0.18903534246053177,-0.2135599002314367,-0.4840340994696835,-0.9757722701284967
1985-08-10,7.5,0,-1.049158688943874,0.05618439834932394,-0.18930407246025183,-0.21362289200101492,-0.48403716778734496,-0.9758146879009345,-0.901994103408495
1985-08-11,4.0,0,0.05573663957499788,-0.18950856647119266,-0.21388095859553605,-0.48408593694633095,-0.9758140178889954,-0.9020475996362469,-1.762739381808515
1985-08-12,5.6,0,-0.1897956556514181,-0.21407786295324424,-0.4842267060836638,-0.9758369277559956,-0.9020474903737479,-1.7626636293909366,-1.369255825968506
1985-08-13,6.7,0,-0.2143488851740596,-0.48434012425581285,-0.9757644287893498,-0.902074279134546,-1.7626569780516366,-1.3692391586459356,-1.0987358813284995
1985-08-14,8.4,0,-0.4844344099231175,-0.9757260538968459,-0.9020337703834969,-1.7626385130514595,-1.369235497970316,-1.0987598350087473,-0.6806596032484896
1985-08-15,11.0,0,-0.9754990003759492,-0.9020181644506909,-1.7622247851184476,-1.3692377204037276,-1.0987582304144081,-0.6807463348421837,-0.0412488250084748
1985-08-16,8.4,0,-0.9018393118080245,-1.761943541322499,-1.3689946069538987,-1.0987746754584118,-0.680747907828005,-0.041431569881557224,-0.6806596032484896
1985-08-17,8.8,0,-1.7612023451004803,-1.3688347976096726,-1.0986488594657713,-0.6807863332701967,-0.041438002695859136,-0.6807463348421837,-0.5822887142884873
1985-08-18,8.6,0,-1.3683506727382149,-1.0985725363071042,-0.680841795165938,-0.041510045217632394,-0.680747907828005,-0.5823902171559334,-0.6314741587684887
1985-08-19,8.3,0,-1.0982651479891572,-0.6808944961122259,-0.04184275564854605,-0.6807863332701967,-0.5823925378076747,-0.6315682759990587,-0.7052523254884902
1985-08-20,4.0,0,-0.68086024610425,-0.04209278757888279,-0.680841795165938,-0.5824361351082635,-0.63157022281784,-0.7053353642637462,-1.762739381808515
1985-08-21,3.6,0,-0.042476278515568594,-0.6808944961122259,-0.5825342506248007,-0.6316112341892304,-0.7053367503330874,-1.7626636293909366,-1.8611102707685174
1985-08-22,5.7,0,-0.68086024610425,-0.5826173101840192,-0.6316880228953695,-0.7053738828106798,-1.7626569780516366,-1.8610197470771868,-1.3446631037285053
1985-08-23,10.6,0,-0.5826473280136836,-0.6317559031481227,-0.7054186813012222,-1.7626385130514595,-1.8610123480719667,-1.3446501292243729,-0.1396197139684772
1985-08-24,6.9,0,-0.631753787058967,-0.7054637925942775,-1.7622247851184476,-1.8609887112133925,-1.3446466554652334,-0.13978768756780754,-1.0495504368484982
1985-08-25,10.0,0,-0.7054134756268915,-1.761943541322499,-1.860532329659585,-1.3446501708632443,-0.13979337271618936,-1.049581776165622,-0.2871760474084806
1985-08-26,9.8,0,-1.7612023451004803,-1.8602207272507059,-1.3444177208186143,-0.13986024337956546,-1.049580545404243,-0.28732186409718286,-0.3363614918884815
1985-08-27,7.2,0,-1.8594152631910468,-1.3442655011276208,-0.14015030018968339,-1.0495995763774453,-0.2873264277466845,-0.3364999229403078,-0.9757722701284967
1985-08-28,10.5,0,-1.343797443215573,-0.14036997350708952,-1.0494950871952027,-0.28738554062246485,-0.3365041127568494,-0.9758146879009345,-0.16421243620847767
1985-08-29,3.6,0,-0.14068919660613508,-1.0494339433430009,-0.28761161700138915,-0.33656063970343114,-0.9758140178889954,-0.16437671698937004,-1.8611102707685174
1985-08-30,5.3,0,-1.049158688943874,-0.2877857523993994,-0.3367653892719576,-0.9758369277559956,-0.1643822152212718,-1.8610197470771868,-1.4430339926885076
1985-08-31,8.4,0,-0.2880085737419846,-0.3369243453635025,-0.9757644287893498,-0.1644477929200486,-1.8610123480719667,-1.4430062469106233,-0.6806596032484896
1985-09-01,10.3,0,-0.33711503278726757,-0.9757260538968459,-0.1647271863249676,-1.8609887112133925,-1.4430020254855636,-0.6807463348421837,-0.21339788068847865
1985-09-02,7.9,0,-0.9754990003759492,-0.1649392699891411,-1.860532329659585,-1.4430003690251774,-0.680747907828005,-0.21355477583249496,-0.8036232144484925
1985-09-03,8.5,0,-0.16524242612877657,-1.8602207272507059,-1.4427252653597518,-0.6807863332701967,-0.2135599002314367,-0.8036914819499965,-0.6560668810084892
1985-09-04,7.9,0,-1.8594152631910468,-1.4425426870558276,-0.680841795165938,-0.21362289200101492,-0.8036921203534176,-0.6561573054206212,-0.8036232144484925
1985-09-05,8.0,0,-1.4420103613061397,-0.6808944961122259,-0.21388095859553605,-0.8037240809726128,-0.6561590653229225,-0.8036914819499965,-0.7790304922084921
1985-09-06,9.8,0,-0.68086024610425,-0.21407786295324424,-0.8037262258423595,-0.6561987837297135,-0.8036921203534176,-0.779102452528434,-0.3363614918884815
1985-09-07,6.7,0,-0.2143488851740596,-0.8037409785224842,-0.6562649090306538,-0.8037240809726128,-0.7791032778483352,-0.3364999229403078,-1.0987358813284995
1985-09-08,4.8,0,-0.803626393717458,-0.6563251996301743,-0.8037262258423595,-0.7791365314321297,-0.3365041127568494,-1.0987598350087473,-1.5659976038885104
1985-09-09,9.9,1,-0.6563070165816085,-0.8037409785224842,-0.7791493397070753,-0.33656063970343114,-1.0987582304144081,-1.565951394018436,-0.31176876964848105
1985-09-10,12.8,0,-0.803626393717458,-0.7791716820404326,-0.3367653892719576,-1.0987746754584118,-1.5659462380109763,-0.3119108935187453,0.40142017531153573
1985-09-11,10.9,1,-0.7790731641948164,-0.3369243453635025,-1.0986488594657713,-1.5659381167275936,-0.3119152702517669,0.4011709597065691,-0.0658415472484753
1985-09-12,11.7,1,-0.33711503278726757,-1.0985725363071042,-1.5656096960361732,-0.311973090162948,0.40116116239562666,-0.0660205993031197,0.13090023067152906
1985-09-13,11.7,0,-1.0982651479891572,-1.5653891694660858,-0.31218850313667335,0.40106584651106614,-0.06602684520094158,0.13069163606938053,0.13090023067152906
1985-09-14,11.0,0,-1.5647765089193475,-0.312355048881451,0.4005411947865717,-0.06609759475811555,0.13068389483971843,0.13069163606938053,-0.0412488250084748
1985-09-15,8.2,0,-0.31256180326462607,0.40015454909804726,-0.06641964178383027,0.13060280156575013,0.13068389483971843,-0.041431569881557224,-0.7298450477284911
1985-09-16,7.5,0,0.3994818528919803,-0.06666208406093437,0.13019544729844393,0.13060280156575013,-0.041438002695859136,-0.7299243936853091,-0.901994103408495
1985-09-17,5.4,0,-0.0670295080382101,0.12989228779547868,0.13019544729844393,-0.041510045217632394,-0.7299255928381703,-0.9020475996362469,-1.418441270448507
1985-09-18,7.2,0,0.1293963281429224,0.12989228779547868,-0.04184275564854605,-0.7299614323511634,-0.9020474903737479,-1.4184172174890606,-0.9757722701284967
1985-09-19,9.7,0,0.1293963281429224,-0.04209278757888279,-0.7299955674365068,-0.902074279134546,-1.418413182980481,-0.9758146879009345,-0.36095421412848244
1985-09-20,8.4,0,-0.042476278515568594,-0.7300330890763295,-0.9020337703834969,-1.4184128194846939,-0.9758140178889954,-0.3610889523618707,-0.6806596032484896
1985-09-21,9.0,0,-0.7299667051495334,-0.9020181644506909,-1.4181483792244673,-0.9758369277559956,-0.36109295526193225,-0.6807463348421837,-0.5331032698084863
1985-09-22,8.7,0,-0.9018393118080245,-1.4179733905737757,-0.9757644287893498,-0.36114818924391473,-0.680747907828005,-0.5332121583128084,-0.6068814365284882
1985-09-23,6.6,1,-1.4174571317834979,-0.9757260538968459,-0.36134227540724223,-0.6807863332701967,-0.5332148527975098,-0.6069792465774964,-1.1233286035685002
1985-09-24,11.6,1,-0.9754990003759492,-0.36149364184555455,-0.680841795165938,-0.5332610360272972,-0.6069813803127576,-1.12334886443031,0.10630750843152856
1985-09-25,13.1,0,-0.3616682623099095,-0.6808944961122259,-0.5333804783542322,-0.6070236846487471,-1.1233470729194908,0.10610260664781807,0.47519834203153716
1985-09-26,6.7,0,-0.68086024610425,-0.533478717219916,-0.6071111367600853,-1.1233622249988953,0.10609505233463598,0.4749380479712565,-1.0987358813284995
1985-09-27,6.5,0,-0.5335408689684005,-0.6071866066660712,-1.1232257456010557,0.10601525202526697,0.474927689910874,-1.0987598350087473,-1.1479213258085006
1985-09-28,7.7,0,-0.6072005575363255,-1.123141832789156,0.10561856116315971,0.4748284951325156,-1.0987582304144081,-1.1479378938518725,-0.8528086589284938
1985-09-29,8.7,0,-1.1228183775117988,0.1053229913134271,0.4742718531924243,-1.0987746754584118,-1.1479359154245732,-0.8528695407931217,-0.6068814365284882
1985-09-30,7.2,0,0.10484309862028089,0.473862438544202,-1.0986488594657713,-1.1479497745393783,-0.8528698053635827,-0.6069792465774964,-0.9757722701284967
1985-10-01,10.5,0,0.47314154145990484,-1.0985725363071042,-1.14780263173634,-0.8528991800535793,-0.6069813803127576,-0.9758146879009345,-0.16421243620847767
1985-10-02,8.6,0,-1.0982651479891572,-1.1477111292712074,-0.8528799981129281,-0.6070236846487471,-0.9758140178889954,-0.16437671698937004,-0.6314741587684887
1985-10-03,7.2,1,-1.1473716070344404,-0.8528795714865876,-0.6071111367600853,-0.9758369277559956,-0.1643822152212718,-0.6315682759990587,-0.9757722701284967
1985-10-04,11.4,1,-0.8527328527627412,-0.6071866066660712,-0.9757644287893498,-0.1644477929200486,-0.63157022281784,-0.9758146879009345,0.05712206395152759
1985-10-05,16.2,0,-0.6072005575363255,-0.9757260538968459,-0.1647271863249676,-0.6316112341892304,-0.9758140178889954,0.05692454780469311,1.237572731471555
1985-10-06,6.1,0,-0.9754990003759492,-0.1649392699891411,-0.6316880228953695,-0.9758369277559956,0.056917367324471085,1.2371979600396958,-1.2462922147685032
1985-10-07,9.6,0,-0.16524242612877657,-0.6317559031481227,-0.9757644287893498,0.05684015294430066,1.2371818075684324,-1.246294011538123,-0.3855469363684829
1985-10-08,11.1,1,-0.631753787058967,-0.9757260538968459,0.056464788892591274,1.2370425308874962,-1.2462912854449033,-0.38567798178343315,-0.016656102768474314
1985-10-09,13.6,0,-0.9754990003759492,0.05618439834932394,1.236155323386238,-1.2462999727013113,-0.3856817977670147,-0.016842540459994747,0.5981619532315401
1985-10-10,10.7,1,0.05573663957499788,1.2355106294878033,-1.2461101762774773,-0.3857357387843979,-0.01684916019077669,0.5978831950790693,-0.1150269917284767
1985-10-11,14.7,1,1.2342916566617943,-1.2459883151994142,-0.3859191615425265,-0.01692249567714924,0.5978719024362866,-0.11519865814624508,0.8686818978715463
1985-10-12,11.6,0,-1.2455845251250068,-0.38606293832760613,-0.01726586951326183,0.5977662428349318,-0.11520453021110692,0.8683625187162574,0.10630750843152856
1985-10-13,7.3,0,-0.386221491832551,-0.017523491096831212,0.5971562838688459,-0.1152726938390823,0.8683491699921945,0.10610260664781807,-0.9511795478884961
1985-10-14,8.0,0,-0.017923048992927085,0.5967089209544603,-0.11557341405439915,0.8682292877802474,0.10609505233463598,-0.951225658479372,-0.7790304922084921
1985-10-15,9.6,1,0.5959076890731129,-0.11580067702503795,0.8675020313569732,0.10601525202526697,-0.9512251753839129,-0.779102452528434,-0.3855469363684829
1985-10-16,16.0,1,-0.11613596708349355,0.8669711822570285,0.10561856116315971,-0.9512493782155125,-0.7791032778483352,-0.38567798178343315,1.188387286991554
1985-10-17,15.1,1,0.8659932138221703,0.1053229913134271,-0.9511875426540655,-0.7791365314321297,-0.3856817977670147,1.1880199011965709,0.9670527868315487
1985-10-18,12.8,0,0.10484309862028089,-0.9511567574147943,-0.7791493397070753,-0.3857357387843979,1.1880041225582676,0.9667186364025077,0.40142017531153573
1985-10-19,6.2,0,-0.9509457708533077,-0.7791716820404326,-0.3859191615425265,1.1878674318065299,0.9667045400125247,0.4011709597065691,-1.2216994925285023
1985-10-20,7.1,0,-0.7790731641948164,-0.38606293832760613,1.1870015511156693,0.9665794859421805,0.40116116239562666,-1.2217049821165602,-1.0003649923684974
1985-10-21,8.4,0,-0.386221491832551,1.1863720365237003,0.9658095758981106,0.40106584651106614,-1.2217024429398207,-1.000403717322497,-0.6806596032484896
1985-10-22,10.0,1,1.1851851976165113,0.9652483681852352,0.4005411947865717,-1.221712423160828,-1.000402860394078,-0.6807463348421837,-0.2871760474084806
1985-10-23,12.7,0,0.9642061319127367,0.40015454909804726,-1.221533290142193,-1.000424477296479,-0.680747907828005,-0.28732186409718286,0.3768274530715348
1985-10-24,10.0,0,0.3994818528919803,-1.2214190187173624,-1.000341314924634,-0.6807863332701967,-0.2873264277466845,0.37658193028500614,-0.2871760474084806
1985-10-25,10.2,0,-1.2210312956023652,-1.0002953503788976,-0.680841795165938,-0.28738554062246485,0.3765723198905438,-0.28732186409718286,-0.23799060292847957
1985-10-26,6.5,0,-1.000052229898591,-0.6808944961122259,-0.28761161700138915,0.37647829697058255,-0.2873264277466845,-0.2381438052540579,-1.1479213258085006
1985-10-27,9.2,1,-0.68086024610425,-0.2877857523993994,0.37596430865128705,-0.28738554062246485,-0.2381487427365196,-1.1479378938518725,-0.4839178253284853
1985-10-28,11.9,1,-0.2880085737419846,0.3755852526159953,-0.28761161700138915,-0.2382104415414985,-1.1479359154245732,-0.4840340994696835,0.18008567515153046
1985-10-29,14.7,1,0.37492862336933835,-0.2877857523993994,-0.23845784473082068,-1.1479497745393783,-0.48403716778734496,0.17986969491250593,0.8686818978715463
1985-10-30,11.4,0,-0.2880085737419846,-0.23864715943529624,-1.14780263173634,-0.48408593694633095,0.17986157984988377,0.8683625187162574,0.05712206395152759
1985-10-31,6.8,0,-0.23890211469670153,-1.1477111292712074,-0.4842267060836638,0.1797779006467169,0.8683491699921945,0.05692454780469311,-1.0741431590884989
1985-11-01,7.4,1,-1.1473716070344404,-0.48434012425581285,0.1793492195690128,0.8682292877802474,0.056917367324471085,-1.0741708055871848,-0.9265868256484954
1985-11-02,11.2,0,-0.4844344099231175,0.17903088075958226,0.8675020313569732,0.05684015294430066,-1.0741693879093257,-0.9266366290578093,0.007936619471526173
1985-11-03,9.2,1,0.17850278718820586,0.8669711822570285,0.056464788892591274,-1.0741871259179288,-0.9266363328788303,0.0077464889615677275,-0.4839178253284853
1985-11-04,12.6,1,0.8659932138221703,0.05618439834932394,-1.074071973330487,-0.9266618286750291,0.007739682314305756,-0.4840340994696835,0.35223473083153434
1985-11-05,16.0,1,0.05573663957499788,-1.0740032398250525,-0.926610656518781,0.007665053863333917,-0.48403716778734496,0.3519929008634437,1.188387286991554
1985-11-06,17.1,1,-1.0737119184665156,-0.9265874609327425,0.007311016622022392,-0.48408593694633095,0.3519834773854613,1.1880199011965709,1.4589072316315606
1985-11-07,15.3,1,-0.926392541330666,0.007045805385220361,-0.4842267060836638,0.3518907474300994,1.1880041225582676,1.4584992248337594,1.01623823131155
1985-11-08,13.3,1,0.0066301805297144245,-0.48434012425581285,0.3513874225160028,1.1878674318065299,1.4584813901141758,1.0158966952456332,0.5243837865115386
1985-11-09,15.4,1,-0.4844344099231175,0.3510159561339437,1.1870015511156693,1.458330476751846,1.01588222502269,0.5241161068143819,1.0408309535515505
1985-11-10,13.2,1,0.35037539384669686,1.1863720365237003,1.4573472986037972,1.0157545850231473,0.5241053749210394,1.0404857246671955,0.4997910642715377
1985-11-11,14.4,1,1.1851851976165113,1.456634297826269,1.0149633481686795,0.5240035942134824,1.0404710675277724,0.49952707739281893,0.7949037311515448
1985-11-12,14.0,1,1.4552707223655692,1.0143869611493388,0.5234256254629932,1.0403421345636303,0.49951653241595645,0.79459543045157,0.6965328421915424
1985-11-13,15.5,1,1.0133125909580203,0.5230010315083056,1.0395402343039637,0.49941604467299877,0.7945826424769471,0.6962393127653196,1.0654236757915512
1985-11-14,21.0,0,0.5222480005051883,1.0389562576313904,0.49884873932770857,0.794466639158798,0.6962272724566169,1.065074754088758,2.4180233989915827
1985-11-15,10.0,0,1.0378658204806617,0.4984317350262536,0.7937713729511205,0.6961164409968649,1.0650599100328548,2.417471372274699,-0.2871760474084806
1985-11-16,9.6,1,0.49769477098254633,0.7932632928108738,0.6954638284099832,1.0649296841041136,2.417446247812394,-0.28732186409718286,-0.3855469363684829
1985-11-17,12.0,1,0.7923335252542457,0.694986106882667,1.0641171204392479,2.4172449088306918,-0.2873264277466845,-0.38567798178343315,0.20467839739153096
1985-11-18,12.2,1,0.6941206071636793,1.0635255541134419,2.415845857879885,-0.28738554062246485,-0.3856817977670147,0.2044587243340684,0.25386384187153194
1985-11-19,11.3,1,1.0624190500033033,2.4148368606262833,-0.28761161700138915,-0.3857357387843979,0.20445042235496622,0.25363678317719335,0.0325293417115271
1985-11-20,13.2,0,2.412846673748591,-0.2877857523993994,-0.3859191615425265,0.20436545018720004,0.2536281073651311,0.03233551838313064,0.4997910642715377
1985-11-21,10.5,0,-0.2880085737419846,-0.38606293832760613,0.20392610570429703,0.2535405492681663,0.03232852481938864,0.49952707739281893,-0.16421243620847767
1985-11-22,10.1,0,-0.386221491832551,0.20360017724163382,0.2530798779748655,0.03225260340381751,0.49951653241595645,-0.16437671698937004,-0.26258332516848004
1985-11-23,8.8,1,0.20305601671084736,0.252738770205737,0.03188790275730705,0.49941604467299877,-0.1643822152212718,-0.26273283467562036,-0.5822887142884873
1985-11-24,13.7,1,0.2521624757561304,0.03161510186727237,0.49884873932770857,-0.1644477929200486,-0.262737585241602,-0.5823902171559334,0.6227546754715405
1985-11-25,16.2,1,0.03118341005235637,0.4984317350262536,-0.1647271863249676,-0.26279799108198165,-0.5823925378076747,0.6224722245006318,1.237572731471555
1985-11-26,16.0,1,0.49769477098254633,-0.1649392699891411,-0.2630347308661049,-0.5824361351082635,0.6224607449413692,1.2371979600396958,1.188387286991554
1985-11-27,14.0,1,-0.16524242612877657,-0.2632164559173478,-0.5825342506248007,0.622353792375415,1.2371818075684324,1.1880199011965709,0.6965328421915424
1985-11-28,13.7,1,-0.263455344219343,-0.5826173101840192,0.6217331700041301,1.2370425308874962,1.1880041225582676,0.6962393127653196,0.6227546754715405
1985-11-29,12.5,1,-0.5826473280136836,0.6212782174365119,1.236155323386238,1.1878674318065299,0.6962272724566169,0.6224722245006318,0.3276420085915338
1985-11-30,12.8,1,0.6204609185957544,1.2355106294878033,1.1870015511156693,0.6961164409968649,0.6224607449413692,0.3274038714418812,0.40142017531153573
1985-12-01,12.3,1,1.2342916566617943,1.1863720365237003,0.6954638284099832,0.622353792375415,0.3273946348803789,0.4011709597065691,0.27845656411153286
1985-12-02,15.2,1,1.1851851976165113,0.694986106882667,0.6217331700041301,0.32730319788961626,0.40116116239562666,0.27822581259875623,0.9916455090715491
1985-12-03,15.0,1,0.6941206071636793,0.6212782174365119,0.3268105363807186,0.40106584651106614,0.278216949870214,0.9913076658240701,0.9424600645915482
1985-12-04,16.4,1,0.6204609185957544,0.3264466596518921,0.4005411947865717,0.27812809880864997,0.9912933825176071,0.9421296069809453,1.2867581759515558
1985-12-05,16.1,1,0.32582216432405536,0.40015454909804726,0.2776567641101501,0.9911670354826636,0.9421156975074423,1.2863760188828208,1.2129800092315548
1985-12-06,14.6,1,0.3994818528919803,0.27730806668778896,0.9903864620333948,0.9419919364016973,1.2863594925785973,1.2126089306181338,0.8440891756315458
1985-12-07,18.2,1,0.2767157052787723,0.9898176646672868,0.9412326897628263,1.2862176299684625,1.2125929650633505,0.8437734892946949,1.7294271762715665
1985-12-08,16.4,1,0.9887593614353782,0.9406790717031837,1.2853090956568063,1.2124549813470133,0.843760327487112,1.728978548470947,1.2867581759515558
1985-12-09,16.6,1,0.9396529023900952,1.2846492224519066,1.2115784372509542,0.8436417382397643,1.728958657670083,1.2863760188828208,1.3359436204315578
1985-12-10,14.7,1,1.2833981157070773,1.2109413330057524,0.8429251452216889,1.728793521697161,1.2863594925785973,1.3355540777259465,0.8686818978715463
1985-12-11,15.8,1,1.2097384271391531,0.8424018857749769,1.727693046091924,1.2862176299684625,1.3355371775887632,0.8683625187162574,1.1392018425115529
1985-12-12,14.1,1,0.8414399842995288,1.7268965591288366,1.2853090956568063,1.3353927290494296,0.8683491699921945,1.1388418423534459,0.721125564431543
1985-12-13,13.5,1,1.7253562471146262,1.2846492224519066,1.3344628679273756,0.8682292877802474,1.1388264375481028,0.7208283421868821,0.5735692309915396
1985-12-14,13.6,1,1.2833981157070773,1.3337878154160105,0.8675020313569732,1.1386923327255634,0.7208161149616994,0.5732941656575068,0.5981619532315401
1985-12-15,13.7,1,1.3325045747523612,0.8669711822570285,1.137847778845101,0.720703990537348,0.5732830599312042,0.5978831950790693,0.6227546754715405
1985-12-16,13.6,1,0.8659932138221703,1.1372334435595972,0.7200407145452674,0.5731786932944487,0.5978719024362866,0.6224722245006318,0.5981619532315401
1985-12-17,12.1,1,1.136078738571228,0.7195554033647186,0.5725793977335617,0.5977662428349318,0.6224607449413692,0.5978831950790693,0.22927111963153143
1985-12-18,12.7,1,0.7186738366863208,0.5721396244724087,0.5971562838688459,0.622353792375415,0.5978719024362866,0.22904775375563086,0.3768274530715348
1985-12-19,13.3,1,0.5713544595504713,0.5967089209544603,0.6217331700041301,0.5977662428349318,0.22903926486004866,0.37658193028500614,0.5243837865115386
1985-12-20,14.2,1,0.5959076890731129,0.6212782174365119,0.5971562838688459,0.2289529997276832,0.3765723198905438,0.5241161068143819,0.7457182866715434
1985-12-21,15.0,1,0.6204609185957544,0.5967089209544603,0.22850299183958125,0.37647829697058255,0.5241053749210394,0.7454173716084446,0.9424600645915482
1985-12-22,13.7,1,0.5959076890731129,0.2281694737236854,0.37596430865128705,0.5240035942134824,0.7454049574667818,0.9421296069809453,0.6227546754715405
1985-12-23,12.0,1,0.22760924623348888,0.3755852526159953,0.5234256254629932,0.7452915400778313,0.9421156975074423,0.6224722245006318,0.20467839739153096
1985-12-24,13.1,1,0.37492862336933835,0.5230010315083056,0.7446176006805516,0.9419919364016973,0.6224607449413692,0.2044587243340684,0.47519834203153716
1985-12-25,13.2,1,0.5222480005051883,0.7441246998467702,0.9412326897628263,0.622353792375415,0.20445042235496622,0.4749380479712565,0.4997910642715377
1985-12-26,13.3,1,0.7432270662089623,0.9406790717031837,0.6217331700041301,0.20436545018720004,0.474927689910874,0.49952707739281893,0.5243837865115386
1985-12-27,11.5,0,0.9396529023900952,0.6212782174365119,0.20392610570429703,0.4748284951325156,0.49951653241595645,0.5241161068143819,0.08171478619152807
1985-12-28,10.8,1,0.6204609185957544,0.20360017724163382,0.4742718531924243,0.49941604467299877,0.5241053749210394,0.08151357722625559,-0.09043426948847577
1985-12-29,12.0,1,0.20305601671084736,0.473862438544202,0.49884873932770857,0.5240035942134824,0.08150620982955353,-0.09060962872468217,0.20467839739153096
1985-12-30,16.3,1,0.47314154145990484,0.4984317350262536,0.5234256254629932,0.08142770248478383,-0.09061568770602403,0.2044587243340684,1.2621654537115559
1985-12-31,14.4,1,0.49769477098254633,0.5230010315083056,0.08104167502787549,-0.09068514429859871,0.20445042235496622,1.2617869894612588,0.7949037311515448
1986-01-01,12.9,1,0.5222480005051883,0.08075369483137552,-0.09099652791911449,0.20436545018720004,1.2617706500735153,0.79459543045157,0.4260128975515362
1986-01-02,13.8,0,0.08028986909763938,-0.09123138054298593,0.20392610570429703,1.2616300804279796,0.7945826424769471,0.4257599891281315,0.6473473977115415
1986-01-03,10.6,1,-0.09158273756085161,0.20360017724163382,1.2607322095215225,0.794466639158798,0.4257500049007091,0.6470612539221947,-0.1396197139684772
1986-01-04,12.6,1,0.20305601671084736,1.2600799259698554,0.7937713729511205,0.42565339605154934,0.647049587446452,-0.13978768756780754,0.35223473083153434
1986-01-05,13.7,1,1.2588448861844361,0.7932632928108738,0.4251180809218559,0.6469413419158986,-0.13979337271618936,0.3519929008634437,0.6227546754715405
1986-01-06,12.6,1,0.7923335252542457,0.42472384558009885,0.6463100561394147,-0.13986024337956546,0.3519834773854613,0.6224722245006318,0.35223473083153434
1986-01-07,13.1,1,0.42403508241462184,0.6458475139185639,-0.14015030018968339,0.3518907474300994,0.6224607449413692,0.3519929008634437,0.47519834203153716
1986-01-08,15.4,1,0.6450141481183963,-0.14036997350708952,0.3513874225160028,0.622353792375415,0.3519834773854613,0.4749380479712565,1.0408309535515505
1986-01-09,11.9,1,-0.14068919660613508,0.3510159561339437,0.6217331700041301,0.3518907474300994,0.474927689910874,1.0404857246671955,0.18008567515153046
1986-01-10,13.8,1,0.35037539384669686,0.6212782174365119,0.3513874225160028,0.4748284951325156,1.0404710675277724,0.17986969491250593,0.6473473977115415
1986-01-11,14.4,1,0.6204609185957544,0.3510159561339437,0.4742718531924243,1.0403421345636303,0.17986157984988377,0.6470612539221947,0.7949037311515448
1986-01-12,15.2,1,0.35037539384669686,0.473862438544202,1.0395402343039637,0.1797779006467169,0.647049587446452,0.79459543045157,0.9916455090715491
1986-01-13,12.5,1,0.47314154145990484,1.0389562576313904,0.1793492195690128,0.6469413419158986,0.7945826424769471,0.9913076658240701,0.3276420085915338
1986-01-14,12.2,1,1.0378658204806617,0.17903088075958226,0.6463100561394147,0.794466639158798,0.9912933825176071,0.3274038714418812,0.25386384187153194
1986-01-15,16.1,1,0.17850278718820586,0.6458475139185639,0.7937713729511205,0.9911670354826636,0.3273946348803789,0.25363678317719335,1.2129800092315548
1986-01-16,14.6,1,0.6450141481183963,0.7932632928108738,0.9903864620333948,0.32730319788961626,0.2536281073651311,1.2126089306181338,0.8440891756315458
1986-01-17,11.6,1,0.7923335252542457,0.9898176646672868,0.3268105363807186,0.2535405492681663,1.2125929650633505,0.8437734892946949,0.10630750843152856
1986-01-18,13.1,1,0.9887593614353782,0.3264466596518921,0.2530798779748655,1.2124549813470133,0.843760327487112,0.10610260664781807,0.47519834203153716
1986-01-19,12.8,1,0.32582216432405536,0.252738770205737,1.2115784372509542,0.8436417382397643,0.10609505233463598,0.4749380479712565,0.40142017531153573
1986-01-20,15.2,1,0.2521624757561304,1.2109413330057524,0.8429251452216889,0.10601525202526697,0.474927689910874,0.4011709597065691,0.9916455090715491
1986-01-21,13.8,1,1.2097384271391531,0.8424018857749769,0.10561856116315971,0.4748284951325156,0.40116116239562666,0.9913076658240701,0.6473473977115415
1986-01-22,15.0,1,0.8414399842995288,0.1053229913134271,0.4742718531924243,0.40106584651106614,0.9912933825176071,0.6470612539221947,0.9424600645915482
1986-01-23,13.5,1,0.10484309862028089,0.473862438544202,0.4005411947865717,0.9911670354826636,0.647049587446452,0.9421296069809453,0.5735692309915396
1986-01-24,11.8,1,0.47314154145990484,0.40015454909804726,0.9903864620333948,0.6469413419158986,0.9421156975074423,0.5732941656575068,0.15549295291152998
1986-01-25,15.3,1,0.3994818528919803,0.9898176646672868,0.6463100561394147,0.9419919364016973,0.5732830599312042,0.15528066549094344,1.01623823131155
1986-01-26,13.5,1,0.9887593614353782,0.6458475139185639,0.9412326897628263,0.5731786932944487,0.15527273734480132,1.0158966952456332,0.5735692309915396
1986-01-27,15.3,1,0.6450141481183963,0.9406790717031837,0.5725793977335617,0.15519035110623372,1.01588222502269,0.5732941656575068,1.01623823131155
1986-01-28,13.8,1,0.9396529023900952,0.5721396244724087,0.1547723334337286,1.0157545850231473,0.5732830599312042,1.0158966952456332,0.6473473977115415
1986-01-29,15.8,1,0.5713544595504713,0.15446158427753068,1.0149633481686795,0.5731786932944487,1.01588222502269,0.6470612539221947,1.1392018425115529
1986-01-30,17.4,1,0.15394955766556434,1.0143869611493388,0.5725793977335617,1.0157545850231473,0.647049587446452,1.1388418423534459,1.5326853983515616
1986-01-31,15.3,1,1.0133125909580203,0.5721396244724087,1.0149633481686795,0.6469413419158986,1.1388264375481028,1.5322663130984464,1.01623823131155
1986-02-01,14.6,1,0.5713544595504713,1.0143869611493388,0.6463100561394147,1.1386923327255634,1.5322479176294228,1.0158966952456332,0.8440891756315458
1986-02-02,14.8,0,1.0133125909580203,0.6458475139185639,1.137847778845101,1.5320931253732948,1.01588222502269,0.8437734892946949,0.8932746201115472
1986-02-03,10.7,1,0.6450141481183963,1.1372334435595972,1.5310779570096493,1.0157545850231473,0.843760327487112,0.8929515481378203,-0.1150269917284767
1986-02-04,11.6,1,1.136078738571228,1.5303421872724232,1.0149633481686795,0.8436417382397643,0.8929380124972773,-0.11519865814624508,0.10630750843152856
1986-02-05,13.6,1,1.5289304109334931,1.0143869611493388,0.8429251452216889,0.892816837320731,-0.11520453021110692,0.10610260664781807,0.5981619532315401
1986-02-06,14.4,1,1.0133125909580203,0.8424018857749769,0.8920789174922579,-0.1152726938390823,0.10609505233463598,0.5978831950790693,0.7949037311515448
1986-02-07,11.8,1,0.8414399842995288,0.8915404787390805,-0.11557341405439915,0.10601525202526697,0.5978719024362866,0.79459543045157,0.15549295291152998
1986-02-08,15.8,1,0.8905464433448123,-0.11580067702503795,0.10561856116315971,0.5977662428349318,0.7945826424769471,0.15528066549094344,1.1392018425115529
1986-02-09,16.0,1,-0.11613596708349355,0.1053229913134271,0.5971562838688459,0.794466639158798,0.15527273734480132,1.1388418423534459,1.188387286991554
1986-02-10,11.8,1,0.10484309862028089,0.5967089209544603,0.7937713729511205,0.15519035110623372,1.1388264375481028,1.1880199011965709,0.15549295291152998
1986-02-11,14.5,0,0.5959076890731129,0.7932632928108738,0.1547723334337286,1.1386923327255634,1.1880041225582676,0.15528066549094344,0.8194964533915453
1986-02-12,10.7,1,0.7923335252542457,0.15446158427753068,1.137847778845101,1.1878674318065299,0.15527273734480132,0.8191844598731324,-0.1150269917284767
1986-02-13,14.2,1,0.15394955766556434,1.1372334435595972,1.1870015511156693,0.15519035110623372,0.8191714849820295,-0.11519865814624508,0.7457182866715434
1986-02-14,19.5,1,1.136078738571228,1.1863720365237003,0.1547723334337286,0.8190541886992811,-0.11520453021110692,0.7454173716084446,2.049132565391574
1986-02-15,21.4,1,1.1851851976165113,0.15446158427753068,0.8183482590864047,-0.1152726938390823,0.7454049574667818,2.0486359309512605,2.516394287951585
1986-02-16,17.9,1,0.15394955766556434,0.8178325892929253,-0.11557341405439915,0.7452915400778313,2.0486136102361563,2.515827489960949,1.6556490095515646
1986-02-17,17.4,1,0.8168867547768872,-0.11580067702503795,0.7446176006805516,2.0484316657234434,2.5158016178327243,1.655211460206259,1.5326853983515616
1986-02-18,12.7,1,-0.11613596708349355,0.7441246998467702,2.04719256585062,2.515595106992625,1.6551921301548354,1.5322663130984464,0.3768274530715348
1986-02-19,13.8,1,0.7432270662089623,2.0462974133955085,2.5141534024210217,1.655030873075711,1.5322479176294228,0.37658193028500614,0.6473473977115415
1986-02-20,14.0,1,2.044548230908967,2.5131140465544894,1.653962387686071,1.5320931253732948,0.3765723198905438,0.6470612539221947,0.6965328421915424
1986-02-21,15.0,1,2.511059591839157,1.6531886696826814,1.5310779570096493,0.37647829697058255,0.647049587446452,0.6962393127653196,0.9424600645915482
1986-02-22,14.5,1,1.6516965585467012,1.5303421872724232,0.37596430865128705,0.6469413419158986,0.6962272724566169,0.9421296069809453,0.8194964533915453
1986-02-23,13.1,1,1.5289304109334931,0.3755852526159953,0.6463100561394147,0.6961164409968649,0.9421156975074423,0.8191844598731324,0.47519834203153716
1986-02-24,11.4,1,0.37492862336933835,0.6458475139185639,0.6954638284099832,0.9419919364016973,0.8191714849820295,0.4749380479712565,0.05712206395152759
1986-02-25,12.5,1,0.6450141481183963,0.694986106882667,0.9412326897628263,0.8190541886992811,0.474927689910874,0.05692454780469311,0.3276420085915338
1986-02-26,12.0,1,0.6941206071636793,0.9406790717031837,0.8183482590864047,0.4748284951325156,0.056917367324471085,0.3274038714418812,0.20467839739153096
1986-02-27,13.4,1,0.9396529023900952,0.8178325892929253,0.4742718531924243,0.05684015294430066,0.3273946348803789,0.2044587243340684,0.5489765087515391
1986-02-28,14.4,1,0.8168867547768872,0.473862438544202,0.056464788892591274,0.32730319788961626,0.20445042235496622,0.5487051362359443,0.7949037311515448
1986-03-01,17.7,1,0.47314154145990484,0.05618439834932394,0.3268105363807186,0.20436545018720004,0.5486942174261218,0.79459543045157,1.6064635650715635
1986-03-02,13.9,1,0.05573663957499788,0.3264466596518921,0.20392610570429703,0.5485911437539656,0.7945826424769471,1.6060334013631343,0.671940119951542
1986-03-03,13.3,1,0.32582216432405536,0.20360017724163382,0.5480025115982774,0.794466639158798,1.6060144451446705,0.6716502833437572,0.5243837865115386
1986-03-04,14.6,1,0.20305601671084736,0.5475703279903572,0.7937713729511205,1.6058557739947448,0.6716384299515344,0.5241161068143819,0.8440891756315458
1986-03-05,16.4,1,0.5468012300278298,0.7932632928108738,1.6048086154155023,0.6715288914563817,0.5241053749210394,0.8437734892946949,1.2867581759515558
1986-03-06,16.8,1,0.7923335252542457,1.6040500767185784,0.670886942274699,0.5240035942134824,0.843760327487112,1.2863760188828208,1.3851290649115586
1986-03-07,20.0,1,1.6025900995014182,0.6704168104006155,0.5234256254629932,0.8436417382397643,1.2863594925785973,1.3847321365690715,2.172096176591577
1986-03-08,12.5,1,0.6695673776410378,0.5230010315083056,0.8429251452216889,1.2862176299684625,1.384714862598928,2.171581078059073,0.3276420085915338
1986-03-09,12.7,1,0.5222480005051883,0.8424018857749769,1.2853090956568063,1.384567828130396,2.171557822761569,0.3274038714418812,0.3768274530715348
1986-03-10,11.7,1,0.8414399842995288,1.2846492224519066,1.383616640197944,2.1713694134258597,0.3273946348803789,0.37658193028500614,0.13090023067152906
1986-03-11,12.7,0,1.2833981157070773,1.3829264083801138,2.1700769965270417,0.32730319788961626,0.3765723198905438,0.13069163606938053,0.3768274530715348
1986-03-12,8.6,1,1.3816110337976442,2.1691438958057665,0.3268105363807186,0.37647829697058255,0.13068389483971843,0.37658193028500614,-0.6314741587684887
1986-03-13,11.9,1,2.167314378522175,0.3264466596518921,0.37596430865128705,0.13060280156575013,0.3765723198905438,-0.6315682759990587,0.18008567515153046
1986-03-14,16.0,1,0.32582216432405536,0.3755852526159953,0.13019544729844393,0.37647829697058255,-0.63157022281784,0.17986969491250593,1.188387286991554
1986-03-15,15.2,1,0.37492862336933835,0.12989228779547868,0.37596430865128705,-0.6316112341892304,0.17986157984988377,1.1880199011965709,0.9916455090715491
1986-03-16,13.4,1,0.1293963281429224,0.3755852526159953,-0.6316880228953695,0.1797779006467169,1.1880041225582676,0.9913076658240701,0.5489765087515391
1986-03-17,11.6,0,0.37492862336933835,-0.6317559031481227,0.1793492195690128,1.1878674318065299,0.9912933825176071,0.5487051362359443,0.10630750843152856
1986-03-18,11.1,1,-0.631753787058967,0.17903088075958226,1.1870015511156693,0.9911670354826636,0.5486942174261218,0.10610260664781807,-0.016656102768474314
1986-03-19,15.6,1,0.17850278718820586,1.1863720365237003,0.9903864620333948,0.5485911437539656,0.10609505233463598,-0.016842540459994747,1.0900163980315516
1986-03-20,17.0,1,1.1851851976165113,0.9898176646672868,0.5480025115982774,0.10601525202526697,-0.01684916019077669,1.0896637835103204,1.4343145093915597
1986-03-21,18.5,1,0.9887593614353782,0.5475703279903572,0.10561856116315971,-0.01692249567714924,1.0896487525379372,1.4339101954121964,1.8032053429915684
1986-03-22,17.4,1,0.5468012300278298,0.1053229913134271,-0.01726586951326183,1.0895172336445966,1.433892547609093,1.802745636735635,1.5326853983515616
1986-03-23,16.5,1,0.10484309862028089,-0.017523491096831212,1.088694006574532,1.4337429272113622,1.802725185185331,1.5322663130984464,1.311350898191557
1986-03-24,16.2,1,-0.017923048992927085,1.0880948505954935,1.4327704124685126,1.8025561703186108,1.5322479176294228,1.3109650483043838,1.237572731471555
1986-03-25,16.1,1,1.0869722795259447,1.4320650013442169,1.801423704497777,1.5320931253732948,1.3109483350836804,1.2371979600396958,1.2129800092315548
1986-03-26,13.2,1,1.4307174928429272,1.8006044485749917,1.5310779570096493,1.310805179508946,1.2371818075684324,1.2126089306181338,0.4997910642715377
1986-03-27,18.0,1,1.799015935682551,1.5303421872724232,1.309885981792091,1.2370425308874962,1.2125929650633505,0.49952707739281893,1.6802417317915654
1986-03-28,12.8,1,1.5289304109334931,1.3092185189339585,1.236155323386238,1.2124549813470133,0.49951653241595645,1.679800489627822,0.40142017531153573
1986-03-29,11.7,1,1.3079513452297191,1.2355106294878033,1.2115784372509542,0.49941604467299877,1.6797809726599182,0.4011709597065691,0.13090023067152906
1986-03-30,16.7,1,1.2342916566617943,1.2109413330057524,0.49884873932770857,1.6796184226161945,0.40116116239562666,0.13069163606938053,1.3605363426715578
1986-03-31,15.6,0,1.2097384271391531,0.4984317350262536,1.6785392738213556,0.40106584651106614,0.13068389483971843,1.3601431071475085,1.0900163980315516
1986-04-01,10.2,0,0.49769477098254633,1.6777579661647335,0.4005411947865717,0.13060280156575013,1.3601260200938452,1.0896637835103204,-0.23799060292847957
1986-04-02,10.3,1,1.6762497880693432,0.40015454909804726,0.13019544729844393,1.3599802785899122,1.0896487525379372,-0.2381438052540579,-0.21339788068847865
1986-04-03,15.0,1,0.3994818528919803,0.12989228779547868,1.3590397540626593,1.0895172336445966,-0.2381487427365196,-0.21355477583249496,0.9424600645915482
1986-04-04,18.0,1,0.1293963281429224,1.3583571118980617,1.088694006574532,-0.2382104415414985,-0.2135599002314367,0.9421296069809453,1.6802417317915654
1986-04-05,13.8,0,1.357057804275002,1.0880948505954935,-0.23845784473082068,-0.21362289200101492,0.9421156975074423,1.679800489627822,0.6473473977115415
1986-04-06,10.5,1,1.0869722795259447,-0.23864715943529624,-0.21388095859553605,0.9419919364016973,1.6797809726599182,0.6470612539221947,-0.16421243620847767
1986-04-07,11.8,0,-0.23890211469670153,-0.21407786295324424,0.9412326897628263,1.6796184226161945,0.647049587446452,-0.16437671698937004,0.15549295291152998
1986-04-08,7.2,1,-0.2143488851740596,0.9406790717031837,1.6785392738213556,0.6469413419158986,-0.1643822152212718,0.15528066549094344,-0.9757722701284967
1986-04-09,11.6,0,0.9396529023900952,1.6777579661647335,0.6463100561394147,-0.1644477929200486,0.15527273734480132,-0.9758146879009345,0.10630750843152856
1986-04-10,7.4,1,1.6762497880693432,0.6458475139185639,-0.1647271863249676,0.15519035110623372,-0.9758140178889954,0.10610260664781807,-0.9265868256484954
1986-04-11,14.2,1,0.6450141481183963,-0.1649392699891411,0.1547723334337286,-0.9758369277559956,0.10609505233463598,-0.9266366290578093,0.7457182866715434
1986-04-12,12.2,0,-0.16524242612877657,0.15446158427753068,-0.9757644287893498,0.10601525202526697,-0.9266363328788303,0.7454173716084446,0.25386384187153194
1986-04-13,9.0,1,0.15394955766556434,-0.9757260538968459,0.10561856116315971,-0.9266618286750291,0.7454049574667818,0.25363678317719335,-0.5331032698084863
1986-04-14,12.3,1,-0.9754990003759492,0.1053229913134271,-0.926610656518781,0.7452915400778313,0.2536281073651311,-0.5332121583128084,0.27845656411153286
1986-04-15,19.7,1,0.10484309862028089,-0.9265874609327425,0.7446176006805516,0.2535405492681663,-0.5332148527975098,0.27822581259875623,2.098318009871575
1986-04-16,12.8,1,-0.926392541330666,0.7441246998467702,0.2530798779748655,-0.5332610360272972,0.278216949870214,2.0978139897943855,0.40142017531153573
1986-04-17,12.4,1,0.7432270662089623,0.252738770205737,-0.5333804783542322,0.27812809880864997,2.097791295246321,0.4011709597065691,0.30304928635153333
1986-04-18,12.0,1,0.2521624757561304,-0.533478717219916,0.2776567641101501,2.0976067648044094,0.40116116239562666,0.3028148420203187,0.20467839739153096
1986-04-19,12.0,0,-0.5335408689684005,0.27730806668778896,2.0963463381211884,0.40106584651106614,0.3028057923752964,0.2044587243340684,0.20467839739153096
1986-04-20,11.1,1,0.2767157052787723,2.0954360063596114,0.4005411947865717,0.3027156483491331,0.20445042235496622,0.2044587243340684,-0.016656102768474314
1986-04-21,12.7,1,2.09365468995425,0.40015454909804726,0.30223365024543436,0.20436545018720004,0.20445042235496622,-0.016842540459994747,0.3768274530715348
1986-04-22,14.2,1,0.3994818528919803,0.30187736316984054,0.20392610570429703,0.20436545018720004,-0.01684916019077669,0.37658193028500614,0.7457182866715434
1986-04-23,11.6,1,0.3012689348014138,0.20360017724163382,0.20392610570429703,-0.01692249567714924,0.3765723198905438,0.7454173716084446,0.10630750843152856
1986-04-24,12.0,1,0.20305601671084736,0.20360017724163382,-0.01726586951326183,0.37647829697058255,0.7454049574667818,0.10610260664781807,0.20467839739153096
1986-04-25,11.5,0,0.20305601671084736,-0.017523491096831212,0.37596430865128705,0.7452915400778313,0.10609505233463598,0.2044587243340684,0.08171478619152807
1986-04-26,8.3,0,-0.017923048992927085,0.3755852526159953,0.7446176006805516,0.10601525202526697,0.20445042235496622,0.08151357722625559,-0.7052523254884902
1986-04-27,10.5,0,0.37492862336933835,0.7441246998467702,0.10561856116315971,0.20436545018720004,0.08150620982955353,-0.7053353642637462,-0.16421243620847767
1986-04-28,9.0,0,0.7432270662089623,0.1053229913134271,0.20392610570429703,0.08142770248478383,-0.7053367503330874,-0.16437671698937004,-0.5331032698084863
1986-04-29,6.9,0,0.10484309862028089,0.20360017724163382,0.08104167502787549,-0.7053738828106798,-0.1643822152212718,-0.5332121583128084,-1.0495504368484982
1986-04-30,9.4,0,0.20305601671084736,0.08075369483137552,-0.7054186813012222,-0.1644477929200486,-0.5332148527975098,-1.049581776165622,-0.4347323808484839
1986-05-01,11.1,0,0.08028986909763938,-0.7054637925942775,-0.1647271863249676,-0.5332610360272972,-1.049580545404243,-0.43485604062655814,-0.016656102768474314
1986-05-02,9.1,0,-0.7054134756268915,-0.1649392699891411,-0.5333804783542322,-1.0495995763774453,-0.4348594827771796,-0.016842540459994747,-0.5085105475684858
1986-05-03,7.7,0,-0.16524242612877657,-0.533478717219916,-1.0494950871952027,-0.4349108378653642,-0.01684916019077669,-0.508623128891246,-0.8528086589284938
1986-05-04,10.0,0,-0.5335408689684005,-1.0494339433430009,-0.4350729338130949,-0.01692249567714924,-0.5086260102924274,-0.8528695407931217,-0.2871760474084806
1986-05-05,10.4,0,-1.049158688943874,-0.4352015312917093,-0.01726586951326183,-0.5086734864868141,-0.8528698053635827,-0.28732186409718286,-0.18880515844847817
1986-05-06,8.0,0,-0.43532795087783405,-0.017523491096831212,-0.508803592218948,-0.8528991800535793,-0.2873264277466845,-0.1889657464109325,-0.7790304922084921
1986-05-07,9.8,1,-0.017923048992927085,-0.5089094207378644,-0.8528799981129281,-0.28738554062246485,-0.18897105772635425,-0.779102452528434,-0.3363614918884815
1986-05-08,12.4,1,-0.508987639445759,-0.8528795714865876,-0.28761161700138915,-0.18903534246053177,-0.7791032778483352,-0.3364999229403078,0.30304928635153333
1986-05-09,12.9,1,-0.8527328527627412,-0.2877857523993994,-0.18930407246025183,-0.7791365314321297,-0.3365041127568494,0.3028148420203187,0.4260128975515362
1986-05-10,12.3,0,-0.2880085737419846,-0.18950856647119266,-0.7791493397070753,-0.33656063970343114,0.3028057923752964,0.4257599891281315,0.27845656411153286
1986-05-11,6.9,0,-0.1897956556514181,-0.7791716820404326,-0.3367653892719576,0.3027156483491331,0.4257500049007091,0.27822581259875623,-1.0495504368484982
1986-05-12,10.5,0,-0.7790731641948164,-0.3369243453635025,0.30223365024543436,0.42565339605154934,0.278216949870214,-1.049581776165622,-0.16421243620847767
1986-05-13,11.0,0,-0.33711503278726757,0.30187736316984054,0.4251180809218559,0.27812809880864997,-1.049580545404243,-0.16437671698937004,-0.0412488250084748
1986-05-14,9.7,0,0.3012689348014138,0.42472384558009885,0.2776567641101501,-1.0495995763774453,-0.1643822152212718,-0.041431569881557224,-0.36095421412848244
1986-05-15,11.1,1,0.42403508241462184,0.27730806668778896,-1.0494950871952027,-0.1644477929200486,-0.041438002695859136,-0.3610889523618707,-0.016656102768474314
1986-05-16,11.5,1,0.2767157052787723,-1.0494339433430009,-0.1647271863249676,-0.041510045217632394,-0.36109295526193225,-0.016842540459994747,0.08171478619152807
1986-05-17,13.4,0,-1.049158688943874,-0.1649392699891411,-0.04184275564854605,-0.36114818924391473,-0.01684916019077669,0.08151357722625559,0.5489765087515391
1986-05-18,10.9,1,-0.16524242612877657,-0.04209278757888279,-0.36134227540724223,-0.01692249567714924,0.08150620982955353,0.5487051362359443,-0.0658415472484753
1986-05-19,12.0,1,-0.042476278515568594,-0.36149364184555455,-0.01726586951326183,0.08142770248478383,0.5486942174261218,-0.0660205993031197,0.20467839739153096
1986-05-20,12.1,0,-0.3616682623099095,-0.017523491096831212,0.08104167502787549,0.5485911437539656,-0.06602684520094158,0.2044587243340684,0.22927111963153143
1986-05-21,10.4,0,-0.017923048992927085,0.08075369483137552,0.5480025115982774,-0.06609759475811555,0.20445042235496622,0.22904775375563086,-0.18880515844847817
1986-05-22,10.0,0,0.08028986909763938,0.5475703279903572,-0.06641964178383027,0.20436545018720004,0.22903926486004866,-0.1889657464109325,-0.2871760474084806
1986-05-23,9.6,1,0.5468012300278298,-0.06666208406093437,0.20392610570429703,0.2289529997276832,-0.18897105772635425,-0.28732186409718286,-0.3855469363684829
1986-05-24,11.3,0,-0.0670295080382101,0.20360017724163382,0.22850299183958125,-0.18903534246053177,-0.2873264277466845,-0.38567798178343315,0.0325293417115271
1986-05-25,8.5,0,0.20305601671084736,0.2281694737236854,-0.18930407246025183,-0.28738554062246485,-0.3856817977670147,0.03233551838313064,-0.6560668810084892
1986-05-26,6.3,0,0.22760924623348888,-0.18950856647119266,-0.28761161700138915,-0.3857357387843979,0.03232852481938864,-0.6561573054206212,-1.1971067702885019
1986-05-27,8.2,0,-0.1897956556514181,-0.2877857523993994,-0.3859191615425265,0.03225260340381751,-0.6561590653229225,-1.1971159526949977,-0.7298450477284911
1986-05-28,10.7,0,-0.2880085737419846,-0.38606293832760613,0.03188790275730705,-0.6561987837297135,-1.1971136004347382,-0.7299243936853091,-0.1150269917284767
1986-05-29,10.3,0,-0.386221491832551,0.03161510186727237,-0.6562649090306538,-1.1971248736203448,-0.7299255928381703,-0.11519865814624508,-0.21339788068847865
1986-05-30,9.5,0,0.03118341005235637,-0.6563251996301743,-1.1969564040069085,-0.7299614323511634,-0.11520453021110692,-0.21355477583249496,-0.41013965860848345
1986-05-31,10.9,0,-0.6563070165816085,-1.196849722235311,-0.7299955674365068,-0.1152726938390823,-0.2135599002314367,-0.41026701120499565,-0.0658415472484753
1986-06-01,10.9,0,-1.1964780660797236,-0.7300330890763295,-0.11557341405439915,-0.21362289200101492,-0.41027064027209714,-0.0660205993031197,-0.0658415472484753
1986-06-02,4.3,0,-0.7299667051495334,-0.11580067702503795,-0.21388095859553605,-0.410323288324881,-0.06602684520094158,-0.0660205993031197,-1.6889612150885134
1986-06-03,5.2,0,-0.11613596708349355,-0.21407786295324424,-0.41049604767781067,-0.06609759475811555,-0.06602684520094158,-1.6888965411262489,-1.467626714928508
1986-06-04,11.0,1,-0.2143488851740596,-0.4106322348096577,-0.06641964178383027,-0.06609759475811555,-1.688890450536389,-1.4675952763321858,-0.0412488250084748
1986-06-05,11.6,0,-0.41077472135519255,-0.06666208406093437,-0.06641964178383027,-1.6888758644300097,-1.4675908679906462,-0.041431569881557224,0.10630750843152856
1986-06-06,10.6,0,-0.0670295080382101,-0.06666208406093437,-1.6884941267125948,-1.4675879185656604,-0.041438002695859136,0.10610260664781807,-0.1396197139684772
1986-06-07,9.4,0,-0.0670295080382101,-1.6882356518763442,-1.467302151495036,-0.041510045217632394,0.10609505233463598,-0.13978768756780754,-0.4347323808484839
1986-06-08,10.0,0,-1.6875426565325555,-1.467111983537879,-0.04184275564854605,0.10601525202526697,-0.13979337271618936,-0.43485604062655814,-0.2871760474084806
1986-06-09,9.6,0,-1.466563590828781,-0.04209278757888279,0.10561856116315971,-0.13986024337956546,-0.4348594827771796,-0.28732186409718286,-0.3855469363684829
1986-06-10,9.5,0,-0.042476278515568594,0.1053229913134271,-0.14015030018968339,-0.4349108378653642,-0.2873264277466845,-0.38567798178343315,-0.41013965860848345
1986-06-11,9.7,0,0.10484309862028089,-0.14036997350708952,-0.4350729338130949,-0.28738554062246485,-0.3856817977670147,-0.41026701120499565,-0.36095421412848244
1986-06-12,9.6,0,-0.14068919660613508,-0.4352015312917093,-0.28761161700138915,-0.3857357387843979,-0.41027064027209714,-0.3610889523618707,-0.3855469363684829
1986-06-13,7.0,0,-0.43532795087783405,-0.2877857523993994,-0.3859191615425265,-0.410323288324881,-0.36109295526193225,-0.38567798178343315,-1.0249577146084978
1986-06-14,7.0,0,-0.2880085737419846,-0.38606293832760613,-0.41049604767781067,-0.36114818924391473,-0.3856817977670147,-1.0249927467440596,-1.0249577146084978
1986-06-15,6.8,0,-0.386221491832551,-0.4106322348096577,-0.36134227540724223,-0.3857357387843979,-1.0249917028991604,-1.0249927467440596,-1.0741431590884989
1986-06-16,6.9,0,-0.41077472135519255,-0.36149364184555455,-0.3859191615425265,-1.0250120268369622,-1.0249917028991604,-1.0741708055871848,-1.0495504368484982
1986-06-17,8.0,0,-0.3616682623099095,-0.38606293832760613,-1.0249182010599185,-1.0250120268369622,-1.0741693879093257,-1.049581776165622,-0.7790304922084921
1986-06-18,7.6,0,-0.386221491832551,-1.0248646468609492,-1.0249182010599185,-1.0741871259179288,-1.049580545404243,-0.779102452528434,-0.8774013811684944
1986-06-19,8.6,0,-1.0246054594212324,-1.0248646468609492,-1.074071973330487,-1.0495995763774453,-0.7791032778483352,-0.8774585702146844,-0.6314741587684887
1986-06-20,5.7,0,-1.0246054594212324,-1.0740032398250525,-1.0494950871952027,-0.7791365314321297,-0.8774586478686653,-0.6315682759990587,-1.3446631037285053
1986-06-21,5.5,0,-1.0737119184665156,-1.0494339433430009,-0.7791493397070753,-0.8774867295940627,-0.63157022281784,-1.3446501292243729,-1.3938485482085063
1986-06-22,5.7,0,-1.049158688943874,-0.7791716820404326,-0.8774568842482127,-0.6316112341892304,-1.3446466554652334,-1.393828188067498,-1.3446631037285053
1986-06-23,5.7,0,-0.7790731641948164,-0.8774488679686393,-0.6316880228953695,-1.3446501708632443,-1.3938243404753985,-1.3446501292243729,-1.3446631037285053
1986-06-24,6.6,0,-0.877286082285383,-0.6317559031481227,-1.3444177208186143,-1.3938252699442109,-1.3446466554652334,-1.3446501292243729,-1.1233286035685002
1986-06-25,6.0,0,-0.631753787058967,-1.3442655011276208,-1.393571493089183,-1.3446501708632443,-1.3446466554652334,-1.12334886443031,-1.2708849370085036
1986-06-26,6.9,0,-1.343797443215573,-1.393404094091724,-1.3444177208186143,-1.3446501708632443,-1.1233470729194908,-1.2708830409596852,-1.0495504368484982
1986-06-27,7.7,0,-1.3929039022608565,-1.3442655011276208,-1.3444177208186143,-1.1233622249988953,-1.270880127949986,-1.049581776165622,-0.8528086589284938
1986-06-28,8.0,0,-1.343797443215573,-1.3442655011276208,-1.1232257456010557,-1.2708875222417946,-1.049580545404243,-0.8528695407931217,-0.7790304922084921
1986-06-29,3.9,0,-1.343797443215573,-1.123141832789156,-1.2706870624127615,-1.0495995763774453,-0.8528698053635827,-0.779102452528434,-1.7873321040485155
1986-06-30,0.8,0,-1.1228183775117988,-1.2705576116814659,-1.0494950871952027,-0.8528991800535793,-0.7791032778483352,-1.787252658812499,-2.549706493488533
1986-07-01,2.8,0,-1.2701377546476484,-1.0494339433430009,-0.8528799981129281,-0.7791365314321297,-1.787245820556719,-2.5495125708809385,-2.057852048688522
1986-07-02,8.0,0,-1.049158688943874,-0.8528795714865876,-0.7791493397070753,-1.7872260625919425,-2.5494999382142773,-2.0577319824496874,-0.7790304922084921
1986-07-03,9.8,1,-0.8527328527627412,-0.7791716820404326,-1.7868016712537318,-2.549440098346923,-2.0577230881126267,-0.779102452528434,-0.3363614918884815
1986-07-04,11.4,0,-0.7790731641948164,-1.7865128378045507,-2.5486851414475455,-2.057689107537258,-0.7791032778483352,-0.3364999229403078,0.05712206395152759
1986-07-05,8.6,0,-1.7857555746231217,-2.548161028748152,-2.0571474187418595,-0.7791365314321297,-0.3365041127568494,0.05692454780469311,-0.6314741587684887
1986-07-06,5.2,0,-2.546905689825011,-2.0567750991071194,-0.7791493397070753,-0.33656063970343114,0.056917367324471085,-0.6315682759990587,-1.467626714928508
1986-07-07,6.6,0,-2.0558410993721794,-0.7791716820404326,-0.3367653892719576,0.05684015294430066,-0.63157022281784,-1.4675952763321858,-1.1233286035685002
1986-07-08,5.7,0,-0.7790731641948164,-0.3369243453635025,0.056464788892591274,-0.6316112341892304,-1.4675908679906462,-1.12334886443031,-1.3446631037285053
1986-07-09,4.6,0,-0.33711503278726757,0.05618439834932394,-0.6316880228953695,-1.4675879185656604,-1.1233470729194908,-1.3446501292243729,-1.6151830483685117
1986-07-10,5.8,0,0.05573663957499788,-0.6317559031481227,-1.467302151495036,-1.1233622249988953,-1.3446466554652334,-1.6151294528615612,-1.3200703814885046
1986-07-11,7.0,0,-0.631753787058967,-1.467111983537879,-1.1232257456010557,-1.3446501708632443,-1.6151239230211414,-1.3200610998028104,-1.0249577146084978
1986-07-12,4.8,0,-1.466563590828781,-1.123141832789156,-1.3444177208186143,-1.6151132158085602,-1.320057812960151,-1.0249927467440596,-1.5659976038885104
1986-07-13,4.4,0,-1.1228183775117988,-1.3442655011276208,-1.614763468306742,-1.320062621322761,-1.0249917028991604,-1.565951394018436,-1.6643684928485127
1986-07-14,4.4,0,-1.343797443215573,-1.6145277624301893,-1.3198408346833301,-1.0250120268369622,-1.5659462380109763,-1.6643075117046862,-1.6643684928485127
1986-07-15,7.9,0,-1.613882967964631,-1.3196962046455691,-1.0249182010599185,-1.5659381167275936,-1.6643016080313062,-1.6643075117046862,-0.8036232144484925
1986-07-16,10.6,0,-1.3192442136929317,-1.0248646468609492,-1.5656096960361732,-1.6642883148895264,-1.6643016080313062,-0.8036914819499965,-0.1396197139684772
1986-07-17,5.0,0,-1.0246054594212324,-1.5653891694660858,-1.6639172405773104,-1.6642883148895264,-0.8036921203534176,-0.13978768756780754,-1.5168121594085093
1986-07-18,7.6,0,-1.5647765089193475,-1.6636663553942923,-1.6639172405773104,-0.8037240809726128,-0.13979337271618936,-1.516773335175311,-0.8774013811684944
1986-07-19,9.2,0,-1.662989427009914,-1.6636663553942923,-0.8037262258423595,-0.13986024337956546,-1.5167685530008113,-0.8774585702146844,-0.4839178253284853
1986-07-20,9.7,0,-1.662989427009914,-0.8037409785224842,-0.14015030018968339,-1.516763017646627,-0.8774586478686653,-0.4840340994696835,-0.36095421412848244
1986-07-21,8.8,0,-0.803626393717458,-0.14036997350708952,-1.5164559237656046,-0.8774867295940627,-0.48403716778734496,-0.3610889523618707,-0.5822887142884873
1986-07-22,6.8,0,-0.14068919660613508,-1.5162505765019825,-0.8774568842482127,-0.48408593694633095,-0.36109295526193225,-0.5823902171559334,-1.0741431590884989
1986-07-23,9.4,0,-1.5156700498740643,-0.8774488679686393,-0.4842267060836638,-0.36114818924391473,-0.5823925378076747,-1.0741708055871848,-0.4347323808484839
1986-07-24,11.0,0,-0.877286082285383,-0.48434012425581285,-0.36134227540724223,-0.5824361351082635,-1.0741693879093257,-0.43485604062655814,-0.0412488250084748
1986-07-25,2.5,0,-0.4844344099231175,-0.36149364184555455,-0.5825342506248007,-1.0741871259179288,-0.4348594827771796,-0.041431569881557224,-2.131630215408524
1986-07-26,2.1,0,-0.3616682623099095,-0.5826173101840192,-1.074071973330487,-0.4349108378653642,-0.041438002695859136,-2.131499070714375,-2.230001104368526
1986-07-27,5.4,0,-0.5826473280136836,-1.0740032398250525,-0.4350729338130949,-0.041510045217632394,-2.1314896156278746,-2.2298551884006255,-1.418441270448507
1986-07-28,6.2,0,-1.0737119184665156,-0.4352015312917093,-0.04184275564854605,-2.1314517561587083,-2.2298449856482048,-1.4184172174890606,-1.2216994925285023
1986-07-29,7.8,0,-0.43532795087783405,-0.04209278757888279,-2.1308780771477123,-2.2298019543206413,-1.418413182980481,-1.2217049821165602,-0.8282159366884932
1986-07-30,7.4,0,-0.042476278515568594,-2.130482988553274,-2.2291856216888495,-1.4184128194846939,-1.2217024429398207,-0.8282805113715592,-0.9265868256484954
1986-07-31,9.3,0,-2.1295007879401044,-2.2287601744814807,-1.4181483792244673,-1.221712423160828,-0.8282809628585003,-0.9266366290578093,-0.4593251030884844
1986-08-01,9.3,0,-2.227713706030671,-1.4179733905737757,-1.221533290142193,-0.8283116305130962,-0.9266363328788303,-0.4594450700481206,-0.4593251030884844
1986-08-02,9.5,0,-1.4174571317834979,-1.2214190187173624,-0.828303111977644,-0.9266618286750291,-0.45944832528226204,-0.4594450700481206,-0.41013965860848345
1986-08-03,8.5,0,-1.2210312956023652,-0.828310275004536,-0.926610656518781,-0.45949838740584736,-0.45944832528226204,-0.41026701120499565,-0.6560668810084892
1986-08-04,10.0,0,-0.8281796232400997,-0.9265874609327425,-0.4596498199483791,-0.45949838740584736,-0.41027064027209714,-0.6561573054206212,-0.2871760474084806
1986-08-05,7.7,0,-0.926392541330666,-0.4597708277737608,-0.4596498199483791,-0.410323288324881,-0.6561590653229225,-0.28732186409718286,-0.8528086589284938
1986-08-06,9.3,0,-0.45988118040047554,-0.4597708277737608,-0.41049604767781067,-0.6561987837297135,-0.2873264277466845,-0.8528695407931217,-0.4593251030884844
1986-08-07,9.1,0,-0.45988118040047554,-0.4106322348096577,-0.6562649090306538,-0.28738554062246485,-0.8528698053635827,-0.4594450700481206,-0.5085105475684858
1986-08-08,3.5,0,-0.41077472135519255,-0.6563251996301743,-0.28761161700138915,-0.8528991800535793,-0.45944832528226204,-0.508623128891246,-1.8857029930085178
1986-08-09,3.6,0,-0.6563070165816085,-0.2877857523993994,-0.8528799981129281,-0.45949838740584736,-0.5086260102924274,-1.8856087764987493,-1.8611102707685174
1986-08-10,2.5,0,-0.2880085737419846,-0.8528795714865876,-0.4596498199483791,-0.5086734864868141,-1.8856011905770491,-1.8610197470771868,-2.131630215408524
1986-08-11,1.7,0,-0.8527328527627412,-0.4597708277737608,-0.508803592218948,-1.8855762607538757,-1.8610123480719667,-2.131499070714375,-2.3283719933285285
1986-08-12,2.7,0,-0.45988118040047554,-0.5089094207378644,-1.8851092157948692,-1.8609887112133925,-2.1314896156278746,-2.3282113060868754,-2.082444770928522
1986-08-13,2.9,0,-0.508987639445759,-1.8847900237327573,-1.860532329659585,-2.1314517561587083,-2.328200355668535,-2.0823210118712496,-2.0332593264485213
1986-08-14,5.3,0,-1.8839684927136884,-1.8602207272507059,-2.1308780771477123,-2.3281521524825743,-2.08231193061771,-2.0331429530281246,-1.4430339926885076
1986-08-15,7.7,0,-1.8594152631910468,-2.130482988553274,-2.327493166229987,-2.082276657077742,-2.0331342456075445,-1.4430062469106233,-0.8528086589284938
1986-08-16,9.1,0,-2.1295007879401044,-2.3270373604096872,-2.0817243048771434,-2.033101557996775,-1.4430020254855636,-0.8528695407931217,-0.5085105475684858
1986-08-17,9.4,0,-2.3259266241212373,-2.0813443955891704,-2.032570532606575,-1.4430003690251774,-0.8528698053635827,-0.508623128891246,-0.4347323808484839
1986-08-18,7.3,0,-2.0803943288948212,-2.032205802625067,-1.4427252653597518,-0.8528991800535793,-0.5086260102924274,-0.43485604062655814,-0.9511795478884961
1986-08-19,8.4,0,-2.0312878698495376,-1.4425426870558276,-0.8528799981129281,-0.5086734864868141,-0.4348594827771796,-0.951225658479372,-0.6806596032484896
1986-08-20,9.2,0,-1.4420103613061397,-0.8528795714865876,-0.508803592218948,-0.4349108378653642,-0.9512251753839129,-0.6807463348421837,-0.4839178253284853
1986-08-21,6.6,0,-0.8527328527627412,-0.5089094207378644,-0.4350729338130949,-0.9512493782155125,-0.680747907828005,-0.4840340994696835,-1.1233286035685002
1986-08-22,9.7,1,-0.508987639445759,-0.4352015312917093,-0.9511875426540655,-0.6807863332701967,-0.48403716778734496,-1.12334886443031,-0.36095421412848244
1986-08-23,12.4,0,-0.43532795087783405,-0.9511567574147943,-0.680841795165938,-0.48408593694633095,-1.1233470729194908,-0.3610889523618707,0.30304928635153333
1986-08-24,10.2,0,-0.9509457708533077,-0.6808944961122259,-0.4842267060836638,-1.1233622249988953,-0.36109295526193225,0.3028148420203187,-0.23799060292847957
1986-08-25,5.9,0,-0.68086024610425,-0.48434012425581285,-1.1232257456010557,-0.36114818924391473,0.3028057923752964,-0.2381438052540579,-1.295477659248504
1986-08-26,7.1,0,-0.4844344099231175,-1.123141832789156,-0.36134227540724223,0.3027156483491331,-0.2381487427365196,-1.2954720703812477,-1.0003649923684974
1986-08-27,7.5,0,-1.1228183775117988,-0.36149364184555455,0.30223365024543436,-0.2382104415414985,-1.2954689704550684,-1.000403717322497,-0.901994103408495
1986-08-28,9.7,1,-0.3616682623099095,0.30187736316984054,-0.23845784473082068,-1.2954750717822778,-1.000402860394078,-0.9020475996362469,-0.36095421412848244
1986-08-29,12.2,0,0.3012689348014138,-0.23864715943529624,-1.2952639485480457,-1.000424477296479,-0.9020474903737479,-0.3610889523618707,0.25386384187153194
1986-08-30,5.6,0,-0.23890211469670153,-1.2951269081635175,-1.000341314924634,-0.902074279134546,-0.36109295526193225,0.25363678317719335,-1.369255825968506
1986-08-31,5.4,0,-1.2946909841702898,-1.0002953503788976,-0.9020337703834969,-0.36114818924391473,0.2536281073651311,-1.3692391586459356,-1.418441270448507
1986-09-01,8.3,0,-1.000052229898591,-0.9020181644506909,-0.36134227540724223,0.2535405492681663,-1.369235497970316,-1.4184172174890606,-0.7052523254884902
1986-09-02,10.6,0,-0.9018393118080245,-0.36149364184555455,0.2530798779748655,-1.3692377204037276,-1.418413182980481,-0.7053353642637462,-0.1396197139684772
1986-09-03,9.1,1,-0.3616682623099095,0.252738770205737,-1.3689946069538987,-1.4184128194846939,-0.7053367503330874,-0.13978768756780754,-0.5085105475684858
1986-09-04,11.3,0,0.2521624757561304,-1.3688347976096726,-1.4181483792244673,-0.7053738828106798,-0.13979337271618936,-0.508623128891246,0.0325293417115271
1986-09-05,10.9,0,-1.3683506727382149,-1.4179733905737757,-0.7054186813012222,-0.13986024337956546,-0.5086260102924274,0.03233551838313064,-0.0658415472484753
1986-09-06,8.9,0,-1.4174571317834979,-0.7054637925942775,-0.14015030018968339,-0.5086734864868141,0.03232852481938864,-0.0660205993031197,-0.5576959920484867
1986-09-07,6.3,0,-0.7054134756268915,-0.14036997350708952,-0.508803592218948,0.03225260340381751,-0.06602684520094158,-0.5578011877343709,-1.1971067702885019
1986-09-08,9.0,0,-0.14068919660613508,-0.5089094207378644,0.03188790275730705,-0.06609759475811555,-0.5578036953025923,-1.1971159526949977,-0.5331032698084863
1986-09-09,6.1,0,-0.508987639445759,0.03161510186727237,-0.06641964178383027,-0.5578485855677804,-1.1971136004347382,-0.5332121583128084,-1.2462922147685032
1986-09-10,9.1,0,0.03118341005235637,-0.06666208406093437,-0.5579573644895165,-1.1971248736203448,-0.5332148527975098,-1.246294011538123,-0.5085105475684858
1986-09-11,9.6,0,-0.0670295080382101,-0.5580480137019675,-1.1969564040069085,-0.5332610360272972,-1.2462912854449033,-0.508623128891246,-0.3855469363684829
1986-09-12,6.0,0,-0.558094098491042,-1.196849722235311,-0.5333804783542322,-1.2462999727013113,-0.5086260102924274,-0.38567798178343315,-1.2708849370085036
1986-09-13,10.0,0,-1.1964780660797236,-0.533478717219916,-1.2461101762774773,-0.5086734864868141,-0.3856817977670147,-1.2708830409596852,-0.2871760474084806
1986-09-14,11.0,0,-0.5335408689684005,-1.2459883151994142,-0.508803592218948,-0.3857357387843979,-1.270880127949986,-0.28732186409718286,-0.0412488250084748
1986-09-15,6.2,0,-1.2455845251250068,-0.5089094207378644,-0.3859191615425265,-1.2708875222417946,-0.2873264277466845,-0.041431569881557224,-1.2216994925285023
1986-09-16,8.3,1,-0.508987639445759,-0.38606293832760613,-1.2706870624127615,-0.28738554062246485,-0.041438002695859136,-1.2217049821165602,-0.7052523254884902
1986-09-17,11.3,1,-0.386221491832551,-1.2705576116814659,-0.28761161700138915,-0.041510045217632394,-1.2217024429398207,-0.7053353642637462,0.0325293417115271
1986-09-18,11.3,0,-1.2701377546476484,-0.2877857523993994,-0.04184275564854605,-1.221712423160828,-0.7053367503330874,0.03233551838313064,0.0325293417115271
1986-09-19,6.7,0,-0.2880085737419846,-0.04209278757888279,-1.221533290142193,-0.7053738828106798,0.03232852481938864,0.03233551838313064,-1.0987358813284995
1986-09-20,6.6,1,-0.042476278515568594,-1.2214190187173624,-0.7054186813012222,0.03225260340381751,0.03232852481938864,-1.0987598350087473,-1.1233286035685002
1986-09-21,11.4,0,-1.2210312956023652,-0.7054637925942775,0.03188790275730705,0.03225260340381751,-1.0987582304144081,-1.12334886443031,0.05712206395152759
1986-09-22,6.9,0,-0.7054134756268915,0.03161510186727237,0.03188790275730705,-1.0987746754584118,-1.1233470729194908,0.05692454780469311,-1.0495504368484982
1986-09-23,10.6,0,0.03118341005235637,0.03161510186727237,-1.0986488594657713,-1.1233622249988953,0.056917367324471085,-1.049581776165622,-0.1396197139684772
1986-09-24,8.6,1,0.03118341005235637,-1.0985725363071042,-1.1232257456010557,0.05684015294430066,-1.049580545404243,-0.13978768756780754,-0.6314741587684887
1986-09-25,11.3,1,-1.0982651479891572,-1.123141832789156,0.056464788892591274,-1.0495995763774453,-0.13979337271618936,-0.6315682759990587,0.0325293417115271
1986-09-26,12.5,0,-1.1228183775117988,0.05618439834932394,-1.0494950871952027,-0.13986024337956546,-0.63157022281784,0.03233551838313064,0.3276420085915338
1986-09-27,9.9,0,0.05573663957499788,-1.0494339433430009,-0.14015030018968339,-0.6316112341892304,0.03232852481938864,0.3274038714418812,-0.31176876964848105
1986-09-28,6.9,0,-1.049158688943874,-0.14036997350708952,-0.6316880228953695,0.03225260340381751,0.3273946348803789,-0.3119108935187453,-1.0495504368484982
1986-09-29,5.5,0,-0.14068919660613508,-0.6317559031481227,0.03188790275730705,0.32730319788961626,-0.3119152702517669,-1.049581776165622,-1.3938485482085063
1986-09-30,7.8,0,-0.631753787058967,0.03161510186727237,0.3268105363807186,-0.311973090162948,-1.049580545404243,-1.393828188067498,-0.8282159366884932
1986-10-01,11.0,1,0.03118341005235637,0.3264466596518921,-0.31218850313667335,-1.0495995763774453,-1.3938243404753985,-0.8282805113715592,-0.0412488250084748
1986-10-02,16.2,0,0.32582216432405536,-0.312355048881451,-1.0494950871952027,-1.3938252699442109,-0.8282809628585003,-0.041431569881557224,1.237572731471555
1986-10-03,9.9,0,-0.31256180326462607,-1.0494339433430009,-1.393571493089183,-0.8283116305130962,-0.041438002695859136,1.2371979600396958,-0.31176876964848105
1986-10-04,8.7,0,-1.049158688943874,-1.393404094091724,-0.828303111977644,-0.041510045217632394,1.2371818075684324,-0.3119108935187453,-0.6068814365284882
1986-10-05,10.5,1,-1.3929039022608565,-0.828310275004536,-0.04184275564854605,1.2370425308874962,-0.3119152702517669,-0.6069792465774964,-0.16421243620847767
1986-10-06,12.2,0,-0.8281796232400997,-0.04209278757888279,1.236155323386238,-0.311973090162948,-0.6069813803127576,-0.16437671698937004,0.25386384187153194
1986-10-07,10.6,0,-0.042476278515568594,1.2355106294878033,-0.31218850313667335,-0.6070236846487471,-0.1643822152212718,0.25363678317719335,-0.1396197139684772
1986-10-08,8.3,0,1.2342916566617943,-0.312355048881451,-0.6071111367600853,-0.1644477929200486,0.2536281073651311,-0.13978768756780754,-0.7052523254884902
1986-10-09,5.5,0,-0.31256180326462607,-0.6071866066660712,-0.1647271863249676,0.2535405492681663,-0.13979337271618936,-0.7053353642637462,-1.3938485482085063
1986-10-10,9.0,0,-0.6072005575363255,-0.1649392699891411,0.2530798779748655,-0.13986024337956546,-0.7053367503330874,-1.393828188067498,-0.5331032698084863
1986-10-11,6.4,0,-0.16524242612877657,0.252738770205737,-0.14015030018968339,-0.7053738828106798,-1.3938243404753985,-0.5332121583128084,-1.1725140480485012
1986-10-12,7.2,1,0.2521624757561304,-0.14036997350708952,-0.7054186813012222,-1.3938252699442109,-0.5332148527975098,-1.172526923273435,-0.9757722701284967
1986-10-13,12.9,1,-0.14068919660613508,-0.7054637925942775,-1.393571493089183,-0.5332610360272972,-1.1725247579296556,-0.9758146879009345,0.4260128975515362
1986-10-14,12.0,0,-0.7054134756268915,-1.393404094091724,-0.5333804783542322,-1.1725373240798616,-0.9758140178889954,0.4257599891281315,0.20467839739153096
1986-10-15,7.3,0,-1.3929039022608565,-0.533478717219916,-1.172379517871624,-0.9758369277559956,0.4257500049007091,0.2044587243340684,-0.9511795478884961
1986-10-16,9.7,0,-0.5335408689684005,-1.172280425753259,-0.9757644287893498,0.42565339605154934,0.20445042235496622,-0.951225658479372,-0.36095421412848244
1986-10-17,8.4,1,-1.171924836557082,-0.9757260538968459,0.4251180809218559,0.20436545018720004,-0.9512251753839129,-0.3610889523618707,-0.6806596032484896
1986-10-18,14.7,0,-0.9754990003759492,0.42472384558009885,0.20392610570429703,-0.9512493782155125,-0.36109295526193225,-0.6807463348421837,0.8686818978715463
1986-10-19,9.5,0,0.42403508241462184,0.20360017724163382,-0.9511875426540655,-0.36114818924391473,-0.680747907828005,0.8683625187162574,-0.41013965860848345
1986-10-20,7.9,0,0.20305601671084736,-0.9511567574147943,-0.36134227540724223,-0.6807863332701967,0.8683491699921945,-0.41026701120499565,-0.8036232144484925
1986-10-21,6.8,1,-0.9509457708533077,-0.36149364184555455,-0.680841795165938,0.8682292877802474,-0.41027064027209714,-0.8036914819499965,-1.0741431590884989
1986-10-22,12.6,0,-0.3616682623099095,-0.6808944961122259,0.8675020313569732,-0.410323288324881,-0.8036921203534176,-1.0741708055871848,0.35223473083153434
1986-10-23,5.2,0,-0.68086024610425,0.8669711822570285,-0.41049604767781067,-0.8037240809726128,-1.0741693879093257,0.3519929008634437,-1.467626714928508
1986-10-24,7.5,0,0.8659932138221703,-0.4106322348096577,-0.8037262258423595,-1.0741871259179288,0.3519834773854613,-1.4675952763321858,-0.901994103408495
1986-10-25,8.7,0,-0.41077472135519255,-0.8037409785224842,-1.074071973330487,0.3518907474300994,-1.4675908679906462,-0.9020475996362469,-0.6068814365284882
1986-10-26,7.6,0,-0.803626393717458,-1.0740032398250525,0.3513874225160028,-1.4675879185656604,-0.9020474903737479,-0.6069792465774964,-0.8774013811684944
1986-10-27,9.0,0,-1.0737119184665156,0.3510159561339437,-1.467302151495036,-0.902074279134546,-0.6069813803127576,-0.8774585702146844,-0.5331032698084863
1986-10-28,7.2,0,0.35037539384669686,-1.467111983537879,-0.9020337703834969,-0.6070236846487471,-0.8774586478686653,-0.5332121583128084,-0.9757722701284967
1986-10-29,10.7,1,-1.466563590828781,-0.9020181644506909,-0.6071111367600853,-0.8774867295940627,-0.5332148527975098,-0.9758146879009345,-0.1150269917284767
1986-10-30,13.1,1,-0.9018393118080245,-0.6071866066660712,-0.8774568842482127,-0.5332610360272972,-0.9758140178889954,-0.11519865814624508,0.47519834203153716
1986-10-31,13.9,0,-0.6072005575363255,-0.8774488679686393,-0.5333804783542322,-0.9758369277559956,-0.11520453021110692,0.4749380479712565,0.671940119951542
1986-11-01,10.8,0,-0.877286082285383,-0.533478717219916,-0.9757644287893498,-0.1152726938390823,0.474927689910874,0.6716502833437572,-0.09043426948847577
1986-11-02,10.4,0,-0.5335408689684005,-0.9757260538968459,-0.11557341405439915,0.4748284951325156,0.6716384299515344,-0.09060962872468217,-0.18880515844847817
1986-11-03,9.1,1,-0.9754990003759492,-0.11580067702503795,0.4742718531924243,0.6715288914563817,-0.09061568770602403,-0.1889657464109325,-0.5085105475684858
1986-11-04,16.0,1,-0.11613596708349355,0.473862438544202,0.670886942274699,-0.09068514429859871,-0.18897105772635425,-0.508623128891246,1.188387286991554
1986-11-05,21.0,1,0.47314154145990484,0.6704168104006155,-0.09099652791911449,-0.18903534246053177,-0.5086260102924274,1.1880199011965709,2.4180233989915827
1986-11-06,16.2,0,0.6695673776410378,-0.09123138054298593,-0.18930407246025183,-0.5086734864868141,1.1880041225582676,2.417471372274699,1.237572731471555
1986-11-07,8.6,0,-0.09158273756085161,-0.18950856647119266,-0.508803592218948,1.1878674318065299,2.417446247812394,1.2371979600396958,-0.6314741587684887
1986-11-08,9.2,1,-0.1897956556514181,-0.5089094207378644,1.1870015511156693,2.4172449088306918,1.2371818075684324,-0.6315682759990587,-0.4839178253284853
1986-11-09,12.5,0,-0.508987639445759,1.1863720365237003,2.415845857879885,1.2370425308874962,-0.63157022281784,-0.4840340994696835,0.3276420085915338
1986-11-10,9.7,1,1.1851851976165113,2.4148368606262833,1.236155323386238,-0.6316112341892304,-0.48403716778734496,0.3274038714418812,-0.36095421412848244
1986-11-11,12.5,0,2.412846673748591,1.2355106294878033,-0.6316880228953695,-0.48408593694633095,0.3273946348803789,-0.3610889523618707,0.3276420085915338
1986-11-12,10.3,1,1.2342916566617943,-0.6317559031481227,-0.4842267060836638,0.32730319788961626,-0.36109295526193225,0.3274038714418812,-0.21339788068847865
1986-11-13,12.0,0,-0.631753787058967,-0.48434012425581285,0.3268105363807186,-0.36114818924391473,0.3273946348803789,-0.21355477583249496,0.20467839739153096
1986-11-14,11.0,1,-0.4844344099231175,0.3264466596518921,-0.36134227540724223,0.32730319788961626,-0.2135599002314367,0.2044587243340684,-0.0412488250084748
1986-11-15,14.8,1,0.32582216432405536,-0.36149364184555455,0.3268105363807186,-0.21362289200101492,0.20445042235496622,-0.041431569881557224,0.8932746201115472
1986-11-16,15.0,1,-0.3616682623099095,0.3264466596518921,-0.21388095859553605,0.20436545018720004,-0.041438002695859136,0.8929515481378203,0.9424600645915482
1986-11-17,15.3,0,0.32582216432405536,-0.21407786295324424,0.20392610570429703,-0.041510045217632394,0.8929380124972773,0.9421296069809453,1.01623823131155
1986-11-18,10.3,0,-0.2143488851740596,0.20360017724163382,-0.04184275564854605,0.892816837320731,0.9421156975074423,1.0158966952456332,-0.21339788068847865
1986-11-19,10.7,0,0.20305601671084736,-0.04209278757888279,0.8920789174922579,0.9419919364016973,1.01588222502269,-0.21355477583249496,-0.1150269917284767
1986-11-20,10.5,0,-0.042476278515568594,0.8915404787390805,0.9412326897628263,1.0157545850231473,-0.2135599002314367,-0.11519865814624508,-0.16421243620847767
1986-11-21,8.9,0,0.8905464433448123,0.9406790717031837,1.0149633481686795,-0.21362289200101492,-0.11520453021110692,-0.16437671698937004,-0.5576959920484867
1986-11-22,8.1,1,0.9396529023900952,1.0143869611493388,-0.21388095859553605,-0.1152726938390823,-0.1643822152212718,-0.5578011877343709,-0.7544377699684915
1986-11-23,11.5,1,1.0133125909580203,-0.21407786295324424,-0.11557341405439915,-0.1644477929200486,-0.5578036953025923,-0.7545134231068716,0.08171478619152807
1986-11-24,12.8,0,-0.2143488851740596,-0.11580067702503795,-0.1647271863249676,-0.5578485855677804,-0.7545144353432527,0.08151357722625559,0.40142017531153573
1986-11-25,9.1,1,-0.11613596708349355,-0.1649392699891411,-0.5579573644895165,-0.7545489818916465,0.08150620982955353,0.4011709597065691,-0.5085105475684858
1986-11-26,14.6,1,-0.16524242612877657,-0.5580480137019675,-0.754572453571791,0.08142770248478383,0.40116116239562666,-0.508623128891246,0.8440891756315458
1986-11-27,11.6,1,-0.558094098491042,-0.754602385558381,0.08104167502787549,0.40106584651106614,-0.5086260102924274,0.8437734892946949,0.10630750843152856
1986-11-28,11.2,1,-0.7545199346721749,0.08075369483137552,0.4005411947865717,-0.5086734864868141,0.843760327487112,0.10610260664781807,0.007936619471526173
1986-11-29,12.6,0,0.08028986909763938,0.40015454909804726,-0.508803592218948,0.8436417382397643,0.10609505233463598,0.0077464889615677275,0.35223473083153434
1986-11-30,7.5,0,0.3994818528919803,-0.5089094207378644,0.8429251452216889,0.10601525202526697,0.007739682314305756,0.3519929008634437,-0.901994103408495
1986-12-01,11.0,1,-0.508987639445759,0.8424018857749769,0.10561856116315971,0.007665053863333917,0.3519834773854613,-0.9020475996362469,-0.0412488250084748
1986-12-02,14.5,1,0.8414399842995288,0.1053229913134271,0.007311016622022392,0.3518907474300994,-0.9020474903737479,-0.041431569881557224,0.8194964533915453
1986-12-03,18.5,1,0.10484309862028089,0.007045805385220361,0.3513874225160028,-0.902074279134546,-0.041438002695859136,0.8191844598731324,1.8032053429915684
1986-12-04,15.4,1,0.0066301805297144245,0.3510159561339437,-0.9020337703834969,-0.041510045217632394,0.8191714849820295,1.802745636735635,1.0408309535515505
1986-12-05,13.1,1,0.35037539384669686,-0.9020181644506909,-0.04184275564854605,0.8190541886992811,1.802725185185331,1.0404857246671955,0.47519834203153716
1986-12-06,16.3,1,-0.9018393118080245,-0.04209278757888279,0.8183482590864047,1.8025561703186108,1.0404710675277724,0.4749380479712565,1.2621654537115559
1986-12-07,20.2,1,-0.042476278515568594,0.8178325892929253,1.801423704497777,1.0403421345636303,0.474927689910874,1.2617869894612588,2.221281621071578
1986-12-08,11.5,1,0.8168867547768872,1.8006044485749917,1.0395402343039637,0.4748284951325156,1.2617706500735153,2.220759136902198,0.08171478619152807
1986-12-09,12.4,0,1.799015935682551,1.0389562576313904,0.4742718531924243,1.2616300804279796,2.220735507771734,0.08151357722625559,0.30304928635153333
1986-12-10,10.9,1,1.0378658204806617,0.473862438544202,1.2607322095215225,2.2205445125068257,0.08150620982955353,0.3028148420203187,-0.0658415472484753
1986-12-11,12.7,1,0.47314154145990484,1.2600799259698554,2.21923076879761,0.08142770248478383,0.3028057923752964,-0.0660205993031197,0.3768274530715348
1986-12-12,12.2,1,1.2588448861844361,2.2182824887698698,0.08104167502787549,0.3027156483491331,-0.06602684520094158,0.37658193028500614,0.25386384187153194
1986-12-13,12.4,0,2.216420837567458,0.08075369483137552,0.30223365024543436,-0.06609759475811555,0.3765723198905438,0.25363678317719335,0.30304928635153333
1986-12-14,9.8,0,0.08028986909763938,0.30187736316984054,-0.06641964178383027,0.37647829697058255,0.2536281073651311,0.3028148420203187,-0.3363614918884815
1986-12-15,8.5,1,0.3012689348014138,-0.06666208406093437,0.37596430865128705,0.2535405492681663,0.3028057923752964,-0.3364999229403078,-0.6560668810084892
1986-12-16,14.7,1,-0.0670295080382101,0.3755852526159953,0.2530798779748655,0.3027156483491331,-0.3365041127568494,-0.6561573054206212,0.8686818978715463
1986-12-17,12.0,0,0.37492862336933835,0.252738770205737,0.30223365024543436,-0.33656063970343114,-0.6561590653229225,0.8683625187162574,0.20467839739153096
1986-12-18,10.3,0,0.2521624757561304,0.30187736316984054,-0.3367653892719576,-0.6561987837297135,0.8683491699921945,0.2044587243340684,-0.21339788068847865
1986-12-19,11.0,0,0.3012689348014138,-0.3369243453635025,-0.6562649090306538,0.8682292877802474,0.20445042235496622,-0.21355477583249496,-0.0412488250084748
1986-12-20,10.2,1,-0.33711503278726757,-0.6563251996301743,0.8675020313569732,0.20436545018720004,-0.2135599002314367,-0.041431569881557224,-0.23799060292847957
1986-12-21,12.6,1,-0.6563070165816085,0.8669711822570285,0.20392610570429703,-0.21362289200101492,-0.041438002695859136,-0.2381438052540579,0.35223473083153434
1986-12-22,11.6,0,0.8659932138221703,0.20360017724163382,-0.21388095859553605,-0.041510045217632394,-0.2381487427365196,0.3519929008634437,0.10630750843152856
1986-12-23,9.7,1,0.20305601671084736,-0.21407786295324424,-0.04184275564854605,-0.2382104415414985,0.3519834773854613,0.10610260664781807,-0.36095421412848244
1986-12-24,13.4,0,-0.2143488851740596,-0.04209278757888279,-0.23845784473082068,0.3518907474300994,0.10609505233463598,-0.3610889523618707,0.5489765087515391
1986-12-25,10.5,1,-0.042476278515568594,-0.23864715943529624,0.3513874225160028,0.10601525202526697,-0.36109295526193225,0.5487051362359443,-0.16421243620847767
1986-12-26,14.7,1,-0.23890211469670153,0.3510159561339437,0.10561856116315971,-0.36114818924391473,0.5486942174261218,-0.16437671698937004,0.8686818978715463
1986-12-27,14.6,1,0.35037539384669686,0.1053229913134271,-0.36134227540724223,0.5485911437539656,-0.1643822152212718,0.8683625187162574,0.8440891756315458
1986-12-28,14.2,1,0.10484309862028089,-0.36149364184555455,0.5480025115982774,-0.1644477929200486,0.8683491699921945,0.8437734892946949,0.7457182866715434
1986-12-29,13.2,1,-0.3616682623099095,0.5475703279903572,-0.1647271863249676,0.8682292877802474,0.843760327487112,0.7454173716084446,0.4997910642715377
1986-12-30,11.7,1,0.5468012300278298,-0.1649392699891411,0.8675020313569732,0.8436417382397643,0.7454049574667818,0.49952707739281893,0.13090023067152906
1986-12-31,17.2,1,-0.16524242612877657,0.8669711822570285,0.8429251452216889,0.7452915400778313,0.49951653241595645,0.13069163606938053,1.4834999538715608
1987-01-01,12.3,1,0.8659932138221703,0.8424018857749769,0.7446176006805516,0.49941604467299877,0.13068389483971843,1.4830882542553214,0.27845656411153286
1987-01-02,13.8,1,0.8414399842995288,0.7441246998467702,0.49884873932770857,0.13060280156575013,1.4830702326192577,0.27822581259875623,0.6473473977115415
1987-01-03,15.3,1,0.7432270662089623,0.4984317350262536,0.13019544729844393,1.4829180262923285,0.278216949870214,0.6470612539221947,1.01623823131155
1987-01-04,15.6,1,0.49769477098254633,0.12989228779547868,1.481924184739081,0.27812809880864997,0.647049587446452,1.0158966952456332,1.0900163980315516
1987-01-05,16.2,1,0.1293963281429224,1.48120359430832,0.2776567641101501,0.6469413419158986,1.01588222502269,1.0896637835103204,1.237572731471555
1987-01-06,16.3,1,1.4798239518882101,0.27730806668778896,0.6463100561394147,1.0157545850231473,1.0896487525379372,1.2371979600396958,1.2621654537115559
1987-01-07,16.8,0,0.2767157052787723,0.6458475139185639,1.0149633481686795,1.0895172336445966,1.2371818075684324,1.2617869894612588,1.3851290649115586
1987-01-08,11.0,0,0.6450141481183963,1.0143869611493388,1.088694006574532,1.2370425308874962,1.2617706500735153,1.3847321365690715,-0.0412488250084748
1987-01-09,8.5,1,1.0133125909580203,1.0880948505954935,1.236155323386238,1.2616300804279796,1.384714862598928,-0.041431569881557224,-0.6560668810084892
1987-01-10,13.2,1,1.0869722795259447,1.2355106294878033,1.2607322095215225,1.384567828130396,-0.041438002695859136,-0.6561573054206212,0.4997910642715377
1987-01-11,13.0,1,1.2342916566617943,1.2600799259698554,1.383616640197944,-0.041510045217632394,-0.6561590653229225,0.49952707739281893,0.4506056197915367
1987-01-12,12.4,1,1.2588448861844361,1.3829264083801138,-0.04184275564854605,-0.6561987837297135,0.49951653241595645,0.450349018549694,0.30304928635153333
1987-01-13,13.0,1,1.3816110337976442,-0.04209278757888279,-0.6562649090306538,0.49941604467299877,0.45033884740579155,0.3028148420203187,0.4506056197915367
1987-01-14,16.6,1,-0.042476278515568594,-0.6563251996301743,0.49884873932770857,0.4502409455920325,0.3028057923752964,0.450349018549694,1.3359436204315578
1987-01-15,12.0,1,-0.6563070165816085,0.4984317350262536,0.4496949670571401,0.3027156483491331,0.45033884740579155,1.3355540777259465,0.20467839739153096
1987-01-16,12.4,1,0.49769477098254633,0.44929314206215043,0.30223365024543436,0.4502409455920325,1.3355371775887632,0.2044587243340684,0.30304928635153333
1987-01-17,15.0,1,0.44858831193726334,0.30187736316984054,0.4496949670571401,1.3353927290494296,0.20445042235496622,0.3028148420203187,0.9424600645915482
1987-01-18,11.8,1,0.3012689348014138,0.44929314206215043,1.3344628679273756,0.20436545018720004,0.3028057923752964,0.9421296069809453,0.15549295291152998
1987-01-19,11.6,1,0.44858831193726334,1.3337878154160105,0.20392610570429703,0.3027156483491331,0.9421156975074423,0.15528066549094344,0.10630750843152856
1987-01-20,12.2,1,1.3325045747523612,0.20360017724163382,0.30223365024543436,0.9419919364016973,0.15527273734480132,0.10610260664781807,0.25386384187153194
1987-01-21,13.7,1,0.20305601671084736,0.30187736316984054,0.9412326897628263,0.15519035110623372,0.10609505233463598,0.25363678317719335,0.6227546754715405
1987-01-22,11.2,1,0.3012689348014138,0.9406790717031837,0.1547723334337286,0.10601525202526697,0.2536281073651311,0.6224722245006318,0.007936619471526173
1987-01-23,12.4,1,0.9396529023900952,0.15446158427753068,0.10561856116315971,0.2535405492681663,0.6224607449413692,0.0077464889615677275,0.30304928635153333
1987-01-24,11.5,1,0.15394955766556434,0.1053229913134271,0.2530798779748655,0.622353792375415,0.007739682314305756,0.3028148420203187,0.08171478619152807
1987-01-25,13.8,1,0.10484309862028089,0.252738770205737,0.6217331700041301,0.007665053863333917,0.3028057923752964,0.08151357722625559,0.6473473977115415
1987-01-26,15.7,1,0.2521624757561304,0.6212782174365119,0.007311016622022392,0.3027156483491331,0.08150620982955353,0.6470612539221947,1.114609120271552
1987-01-27,12.9,1,0.6204609185957544,0.007045805385220361,0.30223365024543436,0.08142770248478383,0.647049587446452,1.114252812931883,0.4260128975515362
1987-01-28,11.5,0,0.0066301805297144245,0.30187736316984054,0.08104167502787549,0.6469413419158986,1.11423759504302,0.4257599891281315,0.08171478619152807
1987-01-29,11.0,1,0.3012689348014138,0.08075369483137552,0.6463100561394147,1.1141047831850799,0.4257500049007091,0.08151357722625559,-0.0412488250084748
1987-01-30,12.7,1,0.08028986909763938,0.6458475139185639,1.1132708927098163,0.42565339605154934,0.08150620982955353,-0.041431569881557224,0.3768274530715348
1987-01-31,14.9,1,0.6450141481183963,1.1126641470775451,0.4251180809218559,0.08142770248478383,-0.041438002695859136,0.37658193028500614,0.9178673423515477
1987-02-01,16.5,1,1.1115255090485863,0.42472384558009885,0.08104167502787549,-0.041510045217632394,0.3765723198905438,0.9175405775593828,1.311350898191557
1987-02-02,12.8,1,0.42403508241462184,0.08075369483137552,-0.04184275564854605,0.37647829697058255,0.9175268550023598,1.3109650483043838,0.40142017531153573
1987-02-03,12.7,1,0.08028986909763938,-0.04209278757888279,0.37596430865128705,0.9174043868612142,1.3109483350836804,0.4011709597065691,0.3768274530715348
1987-02-04,12.7,1,-0.042476278515568594,0.3755852526159953,0.9166558036275421,1.310805179508946,0.40116116239562666,0.37658193028500614,0.3768274530715348
1987-02-05,11.6,1,0.37492862336933835,0.9161097752211321,1.309885981792091,0.40106584651106614,0.3765723198905438,0.37658193028500614,0.10630750843152856
1987-02-06,13.3,1,0.9150996728674538,1.3092185189339585,0.4005411947865717,0.37647829697058255,0.3765723198905438,0.10610260664781807,0.5243837865115386
1987-02-07,15.2,1,1.3079513452297191,0.40015454909804726,0.37596430865128705,0.37647829697058255,0.10609505233463598,0.5241161068143819,0.9916455090715491
1987-02-08,16.4,1,0.3994818528919803,0.3755852526159953,0.37596430865128705,0.10601525202526697,0.5241053749210394,0.9913076658240701,1.2867581759515558
1987-02-09,11.9,1,0.37492862336933835,0.3755852526159953,0.10561856116315971,0.5240035942134824,0.9912933825176071,1.2863760188828208,0.18008567515153046
1987-02-10,15.1,0,0.37492862336933835,0.1053229913134271,0.5234256254629932,0.9911670354826636,1.2863594925785973,0.17986969491250593,0.9670527868315487
1987-02-11,10.6,1,0.10484309862028089,0.5230010315083056,0.9903864620333948,1.2862176299684625,0.17986157984988377,0.9667186364025077,-0.1396197139684772
1987-02-12,13.6,1,0.5222480005051883,0.9898176646672868,1.2853090956568063,0.1797779006467169,0.9667045400125247,-0.13978768756780754,0.5981619532315401
1987-02-13,12.1,1,0.9887593614353782,1.2846492224519066,0.1793492195690128,0.9665794859421805,-0.13979337271618936,0.5978831950790693,0.22927111963153143
1987-02-14,16.0,1,1.2833981157070773,0.17903088075958226,0.9658095758981106,-0.13986024337956546,0.5978719024362866,0.22904775375563086,1.188387286991554
1987-02-15,16.8,1,0.17850278718820586,0.9652483681852352,-0.14015030018968339,0.5977662428349318,0.22903926486004866,1.1880199011965709,1.3851290649115586
1987-02-16,16.6,1,0.9642061319127367,-0.14036997350708952,0.5971562838688459,0.2289529997276832,1.1880041225582676,1.3847321365690715,1.3359436204315578
1987-02-17,15.6,1,-0.14068919660613508,0.5967089209544603,0.22850299183958125,1.1878674318065299,1.384714862598928,1.3355540777259465,1.0900163980315516
1987-02-18,15.2,1,0.5959076890731129,0.2281694737236854,1.1870015511156693,1.384567828130396,1.3355371775887632,1.0896637835103204,0.9916455090715491
1987-02-19,17.7,1,0.22760924623348888,1.1863720365237003,1.383616640197944,1.3353927290494296,1.0896487525379372,0.9913076658240701,1.6064635650715635
1987-02-20,21.0,1,1.1851851976165113,1.3829264083801138,1.3344628679273756,1.0895172336445966,0.9912933825176071,1.6060334013631343,2.4180233989915827
1987-02-21,13.4,0,1.3816110337976442,1.3337878154160105,1.088694006574532,0.9911670354826636,1.6060144451446705,2.417471372274699,0.5489765087515391
1987-02-22,10.5,0,1.3325045747523612,1.0880948505954935,0.9903864620333948,1.6058557739947448,2.417446247812394,0.5487051362359443,-0.16421243620847767
1987-02-23,9.5,1,1.0869722795259447,0.9898176646672868,1.6048086154155023,2.4172449088306918,0.5486942174261218,-0.16437671698937004,-0.41013965860848345
1987-02-24,12.0,0,0.9887593614353782,1.6040500767185784,2.415845857879885,0.5485911437539656,-0.1643822152212718,-0.41026701120499565,0.20467839739153096
1987-02-25,10.4,1,1.6025900995014182,2.4148368606262833,0.5480025115982774,-0.1644477929200486,-0.41027064027209714,0.2044587243340684,-0.18880515844847817
1987-02-26,11.5,1,2.412846673748591,0.5475703279903572,-0.1647271863249676,-0.410323288324881,0.20445042235496622,-0.1889657464109325,0.08171478619152807
1987-02-27,13.2,1,0.5468012300278298,-0.1649392699891411,-0.41049604767781067,0.20436545018720004,-0.18897105772635425,0.08151357722625559,0.4997910642715377
1987-02-28,15.0,1,-0.16524242612877657,-0.4106322348096577,0.20392610570429703,-0.18903534246053177,0.08150620982955353,0.49952707739281893,0.9424600645915482
1987-03-01,14.1,1,-0.41077472135519255,0.20360017724163382,-0.18930407246025183,0.08142770248478383,0.49951653241595645,0.9421296069809453,0.721125564431543
1987-03-02,12.4,1,0.20305601671084736,-0.18950856647119266,0.08104167502787549,0.49941604467299877,0.9421156975074423,0.7208283421868821,0.30304928635153333
1987-03-03,13.4,1,-0.1897956556514181,0.08075369483137552,0.49884873932770857,0.9419919364016973,0.7208161149616994,0.3028148420203187,0.5489765087515391
1987-03-04,12.5,1,0.08028986909763938,0.4984317350262536,0.9412326897628263,0.720703990537348,0.3028057923752964,0.5487051362359443,0.3276420085915338
1987-03-05,14.3,1,0.49769477098254633,0.9406790717031837,0.7200407145452674,0.3027156483491331,0.5486942174261218,0.3274038714418812,0.7703110089115444
1987-03-06,17.6,0,0.9396529023900952,0.7195554033647186,0.30223365024543436,0.5485911437539656,0.3273946348803789,0.7700064010300075,1.5818708428315635
1987-03-07,10.4,0,0.7186738366863208,0.30187736316984054,0.5480025115982774,0.32730319788961626,0.7699937999718647,1.5814443719415723,-0.18880515844847817
1987-03-08,9.9,0,0.3012689348014138,0.5475703279903572,0.3268105363807186,0.7698790896183149,1.5814256026395885,-0.1889657464109325,-0.31176876964848105
1987-03-09,10.2,1,0.5468012300278298,0.3264466596518921,0.7691944868158364,1.581268224454262,-0.18897105772635425,-0.3119108935187453,-0.23799060292847957
1987-03-10,11.3,0,0.32582216432405536,0.7686939963288222,1.5802317292802186,-0.18903534246053177,-0.3119152702517669,-0.2381438052540579,0.0325293417115271
1987-03-11,9.5,1,0.7677802957316042,1.5794807802365272,-0.18930407246025183,-0.311973090162948,-0.2381487427365196,0.03233551838313064,-0.41013965860848345
1987-03-12,11.8,1,1.578036869978777,-0.18950856647119266,-0.31218850313667335,-0.2382104415414985,0.03232852481938864,-0.41026701120499565,0.15549295291152998
1987-03-13,11.5,0,-0.1897956556514181,-0.312355048881451,-0.23845784473082068,0.03225260340381751,-0.41027064027209714,0.15528066549094344,0.08171478619152807
1987-03-14,10.5,0,-0.31256180326462607,-0.23864715943529624,0.03188790275730705,-0.410323288324881,0.15527273734480132,0.08151357722625559,-0.16421243620847767
1987-03-15,10.8,1,-0.23890211469670153,0.03161510186727237,-0.41049604767781067,0.15519035110623372,0.08150620982955353,-0.16437671698937004,-0.09043426948847577
1987-03-16,13.0,1,0.03118341005235637,-0.4106322348096577,0.1547723334337286,0.08142770248478383,-0.1643822152212718,-0.09060962872468217,0.4506056197915367
1987-03-17,18.5,1,-0.41077472135519255,0.15446158427753068,0.08104167502787549,-0.1644477929200486,-0.09061568770602403,0.450349018549694,1.8032053429915684
1987-03-18,18.7,1,0.15394955766556434,0.08075369483137552,-0.1647271863249676,-0.09068514429859871,0.45033884740579155,1.802745636735635,1.8523907874715693
1987-03-19,15.0,1,0.08028986909763938,-0.1649392699891411,-0.09099652791911449,0.4502409455920325,1.802725185185331,1.85192369557876,0.9424600645915482
1987-03-20,13.0,1,-0.16524242612877657,-0.09123138054298593,0.4496949670571401,1.8025561703186108,1.8519028701954958,0.9421296069809453,0.4506056197915367
1987-03-21,11.3,1,-0.09158273756085161,0.44929314206215043,1.801423704497777,1.851731269399577,0.9421156975074423,0.450349018549694,0.0325293417115271
1987-03-22,13.0,1,0.44858831193726334,1.8006044485749917,1.8505774767683456,0.9419919364016973,0.45033884740579155,0.03233551838313064,0.4506056197915367
1987-03-23,13.3,0,1.799015935682551,1.849743041539095,0.9412326897628263,0.4502409455920325,0.03232852481938864,0.450349018549694,0.5243837865115386
1987-03-24,11.0,0,1.848122394727834,0.9406790717031837,0.4496949670571401,0.03225260340381751,0.45033884740579155,0.5241161068143819,-0.0412488250084748
1987-03-25,10.3,1,0.9396529023900952,0.44929314206215043,0.03188790275730705,0.4502409455920325,0.5241053749210394,-0.041431569881557224,-0.21339788068847865
1987-03-26,13.0,1,0.44858831193726334,0.03161510186727237,0.4496949670571401,0.5240035942134824,-0.041438002695859136,-0.21355477583249496,0.4506056197915367
1987-03-27,12.3,1,0.03118341005235637,0.44929314206215043,0.5234256254629932,-0.041510045217632394,-0.2135599002314367,0.450349018549694,0.27845656411153286
1987-03-28,15.6,0,0.44858831193726334,0.5230010315083056,-0.04184275564854605,-0.21362289200101492,0.45033884740579155,0.27822581259875623,1.0900163980315516
1987-03-29,10.2,0,0.5222480005051883,-0.04209278757888279,-0.21388095859553605,0.4502409455920325,0.278216949870214,1.0896637835103204,-0.23799060292847957
1987-03-30,10.8,1,-0.042476278515568594,-0.21407786295324424,0.4496949670571401,0.27812809880864997,1.0896487525379372,-0.2381438052540579,-0.09043426948847577
1987-03-31,12.0,1,-0.2143488851740596,0.44929314206215043,0.2776567641101501,1.0895172336445966,-0.2381487427365196,-0.09060962872468217,0.20467839739153096
1987-04-01,13.3,1,0.44858831193726334,0.27730806668778896,1.088694006574532,-0.2382104415414985,-0.09061568770602403,0.2044587243340684,0.5243837865115386
1987-04-02,11.7,1,0.2767157052787723,1.0880948505954935,-0.23845784473082068,-0.09068514429859871,0.20445042235496622,0.5241161068143819,0.13090023067152906
1987-04-03,12.5,1,1.0869722795259447,-0.23864715943529624,-0.09099652791911449,0.20436545018720004,0.5241053749210394,0.13069163606938053,0.3276420085915338
1987-04-04,13.7,1,-0.23890211469670153,-0.09123138054298593,0.20392610570429703,0.5240035942134824,0.13068389483971843,0.3274038714418812,0.6227546754715405
1987-04-05,14.9,1,-0.09158273756085161,0.20360017724163382,0.5234256254629932,0.13060280156575013,0.3273946348803789,0.6224722245006318,0.9178673423515477
1987-04-06,20.2,1,0.20305601671084736,0.5230010315083056,0.13019544729844393,0.32730319788961626,0.6224607449413692,0.9175405775593828,2.221281621071578
1987-04-07,16.3,1,0.5222480005051883,0.12989228779547868,0.3268105363807186,0.622353792375415,0.9175268550023598,2.220759136902198,1.2621654537115559
1987-04-08,13.9,0,0.1293963281429224,0.3264466596518921,0.6217331700041301,0.9174043868612142,2.220735507771734,1.2617869894612588,0.671940119951542
1987-04-09,10.1,0,0.32582216432405536,0.6212782174365119,0.9166558036275421,2.2205445125068257,1.2617706500735153,0.6716502833437572,-0.26258332516848004
1987-04-10,7.3,1,0.6204609185957544,0.9161097752211321,2.21923076879761,1.2616300804279796,0.6716384299515344,-0.26273283467562036,-0.9511795478884961
1987-04-11,14.0,1,0.9150996728674538,2.2182824887698698,1.2607322095215225,0.6715288914563817,-0.262737585241602,-0.951225658479372,0.6965328421915424
1987-04-12,17.7,1,2.216420837567458,1.2600799259698554,0.670886942274699,-0.26279799108198165,-0.9512251753839129,0.6962393127653196,1.6064635650715635
1987-04-13,16.3,0,1.2588448861844361,0.6704168104006155,-0.2630347308661049,-0.9512493782155125,0.6962272724566169,1.6060334013631343,1.2621654537115559
1987-04-14,10.6,0,0.6695673776410378,-0.2632164559173478,-0.9511875426540655,0.6961164409968649,1.6060144451446705,1.2617869894612588,-0.1396197139684772
1987-04-15,9.7,0,-0.263455344219343,-0.9511567574147943,0.6954638284099832,1.6058557739947448,1.2617706500735153,-0.13978768756780754,-0.36095421412848244
1987-04-16,7.8,0,-0.9509457708533077,0.694986106882667,1.6048086154155023,1.2616300804279796,-0.13979337271618936,-0.3610889523618707,-0.8282159366884932
1987-04-17,10.4,0,0.6941206071636793,1.6040500767185784,1.2607322095215225,-0.13986024337956546,-0.36109295526193225,-0.8282805113715592,-0.18880515844847817
1987-04-18,10.4,1,1.6025900995014182,1.2600799259698554,-0.14015030018968339,-0.36114818924391473,-0.8282809628585003,-0.1889657464109325,-0.18880515844847817
1987-04-19,14.1,0,1.2588448861844361,-0.14036997350708952,-0.36134227540724223,-0.8283116305130962,-0.18897105772635425,-0.1889657464109325,0.721125564431543
1987-04-20,7.1,0,-0.14068919660613508,-0.36149364184555455,-0.828303111977644,-0.18903534246053177,-0.18897105772635425,0.7208283421868821,-1.0003649923684974
1987-04-21,8.1,0,-0.3616682623099095,-0.828310275004536,-0.18930407246025183,-0.18903534246053177,0.7208161149616994,-1.000403717322497,-0.7544377699684915
1987-04-22,7.8,0,-0.8281796232400997,-0.18950856647119266,-0.18930407246025183,0.720703990537348,-1.000402860394078,-0.7545134231068716,-0.8282159366884932
1987-04-23,10.6,0,-0.1897956556514181,-0.18950856647119266,0.7200407145452674,-1.000424477296479,-0.7545144353432527,-0.8282805113715592,-0.1396197139684772
1987-04-24,9.1,0,-0.1897956556514181,0.7195554033647186,-1.000341314924634,-0.7545489818916465,-0.8282809628585003,-0.13978768756780754,-0.5085105475684858
1987-04-25,9.0,1,0.7186738366863208,-1.0002953503788976,-0.754572453571791,-0.8283116305130962,-0.13979337271618936,-0.508623128891246,-0.5331032698084863
1987-04-26,11.9,1,-1.000052229898591,-0.754602385558381,-0.828303111977644,-0.13986024337956546,-0.5086260102924274,-0.5332121583128084,0.18008567515153046
1987-04-27,17.1,1,-0.7545199346721749,-0.828310275004536,-0.14015030018968339,-0.5086734864868141,-0.5332148527975098,0.17986969491250593,1.4589072316315606
1987-04-28,16.8,1,-0.8281796232400997,-0.14036997350708952,-0.508803592218948,-0.5332610360272972,0.17986157984988377,1.4584992248337594,1.3851290649115586
1987-04-29,13.5,1,-0.14068919660613508,-0.5089094207378644,-0.5333804783542322,0.1797779006467169,1.4584813901141758,1.3847321365690715,0.5735692309915396
1987-04-30,11.6,0,-0.508987639445759,-0.533478717219916,0.1793492195690128,1.458330476751846,1.384714862598928,0.5732941656575068,0.10630750843152856
1987-05-01,7.0,0,-0.5335408689684005,0.17903088075958226,1.4573472986037972,1.384567828130396,0.5732830599312042,0.10610260664781807,-1.0249577146084978
1987-05-02,9.7,0,0.17850278718820586,1.456634297826269,1.383616640197944,0.5731786932944487,0.10609505233463598,-1.0249927467440596,-0.36095421412848244
1987-05-03,9.9,1,1.4552707223655692,1.3829264083801138,0.5725793977335617,0.10601525202526697,-1.0249917028991604,-0.3610889523618707,-0.31176876964848105
1987-05-04,11.2,1,1.3816110337976442,0.5721396244724087,0.10561856116315971,-1.0250120268369622,-0.36109295526193225,-0.3119108935187453,0.007936619471526173
1987-05-05,11.3,1,0.5713544595504713,0.1053229913134271,-1.0249182010599185,-0.36114818924391473,-0.3119152702517669,0.0077464889615677275,0.0325293417115271
1987-05-06,11.8,0,0.10484309862028089,-1.0248646468609492,-0.36134227540724223,-0.311973090162948,0.007739682314305756,0.03233551838313064,0.15549295291152998
1987-05-07,9.9,0,-1.0246054594212324,-0.36149364184555455,-0.31218850313667335,0.007665053863333917,0.03232852481938864,0.15528066549094344,-0.31176876964848105
1987-05-08,7.1,0,-0.3616682623099095,-0.312355048881451,0.007311016622022392,0.03225260340381751,0.15527273734480132,-0.3119108935187453,-1.0003649923684974
1987-05-09,9.6,0,-0.31256180326462607,0.007045805385220361,0.03188790275730705,0.15519035110623372,-0.3119152702517669,-1.000403717322497,-0.3855469363684829
1987-05-10,9.8,0,0.0066301805297144245,0.03161510186727237,0.1547723334337286,-0.311973090162948,-1.000402860394078,-0.38567798178343315,-0.3363614918884815
1987-05-11,10.6,1,0.03118341005235637,0.15446158427753068,-0.31218850313667335,-1.000424477296479,-0.3856817977670147,-0.3364999229403078,-0.1396197139684772
1987-05-12,12.8,1,0.15394955766556434,-0.312355048881451,-1.000341314924634,-0.3857357387843979,-0.3365041127568494,-0.13978768756780754,0.40142017531153573
1987-05-13,16.5,1,-0.31256180326462607,-1.0002953503788976,-0.3859191615425265,-0.33656063970343114,-0.13979337271618936,0.4011709597065691,1.311350898191557
1987-05-14,11.7,1,-1.000052229898591,-0.38606293832760613,-0.3367653892719576,-0.13986024337956546,0.40116116239562666,1.3109650483043838,0.13090023067152906
1987-05-15,12.3,1,-0.386221491832551,-0.3369243453635025,-0.14015030018968339,0.40106584651106614,1.3109483350836804,0.13069163606938053,0.27845656411153286
1987-05-16,12.2,1,-0.33711503278726757,-0.14036997350708952,0.4005411947865717,1.310805179508946,0.13068389483971843,0.27822581259875623,0.25386384187153194
1987-05-17,11.8,0,-0.14068919660613508,0.40015454909804726,1.309885981792091,0.13060280156575013,0.278216949870214,0.25363678317719335,0.15549295291152998
1987-05-18,10.7,0,0.3994818528919803,1.3092185189339585,0.13019544729844393,0.27812809880864997,0.2536281073651311,0.15528066549094344,-0.1150269917284767
1987-05-19,10.2,0,1.3079513452297191,0.12989228779547868,0.2776567641101501,0.2535405492681663,0.15527273734480132,-0.11519865814624508,-0.23799060292847957
1987-05-20,10.0,0,0.1293963281429224,0.27730806668778896,0.2530798779748655,0.15519035110623372,-0.11520453021110692,-0.2381438052540579,-0.2871760474084806
1987-05-21,8.3,0,0.2767157052787723,0.252738770205737,0.1547723334337286,-0.1152726938390823,-0.2381487427365196,-0.28732186409718286,-0.7052523254884902
1987-05-22,6.6,0,0.2521624757561304,0.15446158427753068,-0.11557341405439915,-0.2382104415414985,-0.2873264277466845,-0.7053353642637462,-1.1233286035685002
1987-05-23,9.5,1,0.15394955766556434,-0.11580067702503795,-0.23845784473082068,-0.28738554062246485,-0.7053367503330874,-1.12334886443031,-0.41013965860848345
1987-05-24,12.3,0,-0.11613596708349355,-0.23864715943529624,-0.28761161700138915,-0.7053738828106798,-1.1233470729194908,-0.41026701120499565,0.27845656411153286
1987-05-25,7.6,0,-0.23890211469670153,-0.2877857523993994,-0.7054186813012222,-1.1233622249988953,-0.41027064027209714,0.27822581259875623,-0.8774013811684944
1987-05-26,9.3,0,-0.2880085737419846,-0.7054637925942775,-1.1232257456010557,-0.410323288324881,0.278216949870214,-0.8774585702146844,-0.4593251030884844
1987-05-27,5.0,0,-0.7054134756268915,-1.123141832789156,-0.41049604767781067,0.27812809880864997,-0.8774586478686653,-0.4594450700481206,-1.5168121594085093
1987-05-28,4.3,0,-1.1228183775117988,-0.4106322348096577,0.2776567641101501,-0.8774867295940627,-0.45944832528226204,-1.516773335175311,-1.6889612150885134
1987-05-29,6.4,0,-0.41077472135519255,0.27730806668778896,-0.8774568842482127,-0.45949838740584736,-1.5167685530008113,-1.6888965411262489,-1.1725140480485012
1987-05-30,10.8,0,0.2767157052787723,-0.8774488679686393,-0.4596498199483791,-1.516763017646627,-1.688890450536389,-1.172526923273435,-0.09043426948847577
1987-05-31,7.8,0,-0.877286082285383,-0.4597708277737608,-1.5164559237656046,-1.6888758644300097,-1.1725247579296556,-0.09060962872468217,-0.8282159366884932
1987-06-01,8.5,0,-0.45988118040047554,-1.5162505765019825,-1.6884941267125948,-1.1725373240798616,-0.09061568770602403,-0.8282805113715592,-0.6560668810084892
1987-06-02,9.7,0,-1.5156700498740643,-1.6882356518763442,-1.172379517871624,-0.09068514429859871,-0.8282809628585003,-0.6561573054206212,-0.36095421412848244
1987-06-03,10.0,0,-1.6875426565325555,-1.172280425753259,-0.09099652791911449,-0.8283116305130962,-0.6561590653229225,-0.3610889523618707,-0.2871760474084806
1987-06-04,11.0,0,-1.171924836557082,-0.09123138054298593,-0.828303111977644,-0.6561987837297135,-0.36109295526193225,-0.28732186409718286,-0.0412488250084748
1987-06-05,10.2,0,-0.09158273756085161,-0.828310275004536,-0.6562649090306538,-0.36114818924391473,-0.2873264277466845,-0.041431569881557224,-0.23799060292847957
1987-06-06,6.6,0,-0.8281796232400997,-0.6563251996301743,-0.36134227540724223,-0.28738554062246485,-0.041438002695859136,-0.2381438052540579,-1.1233286035685002
1987-06-07,6.1,0,-0.6563070165816085,-0.36149364184555455,-0.28761161700138915,-0.041510045217632394,-0.2381487427365196,-1.12334886443031,-1.2462922147685032
1987-06-08,5.9,0,-0.3616682623099095,-0.2877857523993994,-0.04184275564854605,-0.2382104415414985,-1.1233470729194908,-1.246294011538123,-1.295477659248504
1987-06-09,8.9,1,-0.2880085737419846,-0.04209278757888279,-0.23845784473082068,-1.1233622249988953,-1.2462912854449033,-1.2954720703812477,-0.5576959920484867
1987-06-10,13.0,1,-0.042476278515568594,-0.23864715943529624,-1.1232257456010557,-1.2462999727013113,-1.2954689704550684,-0.5578011877343709,0.4506056197915367
1987-06-11,12.6,0,-0.23890211469670153,-1.123141832789156,-1.2461101762774773,-1.2954750717822778,-0.5578036953025923,0.450349018549694,0.35223473083153434
1987-06-12,5.4,0,-1.1228183775117988,-1.2459883151994142,-1.2952639485480457,-0.5578485855677804,0.45033884740579155,0.3519929008634437,-1.418441270448507
1987-06-13,6.0,0,-1.2455845251250068,-1.2951269081635175,-0.5579573644895165,0.4502409455920325,0.3519834773854613,-1.4184172174890606,-1.2708849370085036
1987-06-14,7.8,0,-1.2946909841702898,-0.5580480137019675,0.4496949670571401,0.3518907474300994,-1.418413182980481,-1.2708830409596852,-0.8282159366884932
1987-06-15,9.0,0,-0.558094098491042,0.44929314206215043,0.3513874225160028,-1.4184128194846939,-1.270880127949986,-0.8282805113715592,-0.5331032698084863
1987-06-16,4.2,0,0.44858831193726334,0.3510159561339437,-1.4181483792244673,-1.2708875222417946,-0.8282809628585003,-0.5332121583128084,-1.7135539373285138
1987-06-17,3.0,0,0.35037539384669686,-1.4179733905737757,-1.2706870624127615,-0.8283116305130962,-0.5332148527975098,-1.7134855705478114,-2.008666604208521
1987-06-18,4.5,0,-1.4174571317834979,-1.2705576116814659,-0.828303111977644,-0.5332610360272972,-1.7134792930414715,-2.008553923606562,-1.639775770608512
1987-06-19,6.2,1,-1.2701377546476484,-0.828310275004536,-0.5333804783542322,-1.713463413970493,-2.008545403102462,-1.6397184822831237,-1.2216994925285023
1987-06-20,11.9,1,-0.8281796232400997,-0.533478717219916,-1.713071012847879,-2.008514008456292,-1.6397127655262238,-1.2217049821165602,0.18008567515153046
1987-06-21,11.8,0,-0.5335408689684005,-1.7128049483583956,-2.0079936464712906,-1.6397007653490432,-1.2217024429398207,0.17986969491250593,0.15549295291152998
1987-06-22,9.4,0,-1.7120958860551971,-2.0076365061430157,-1.6393403544420262,-1.221712423160828,0.17986157984988377,0.15528066549094344,-0.4347323808484839
1987-06-23,9.6,0,-2.006734640326896,-1.6390970589122407,-1.221533290142193,0.1797779006467169,0.15527273734480132,-0.43485604062655814,-0.3855469363684829
1987-06-24,9.4,0,-1.6384361974872723,-1.2214190187173624,0.1793492195690128,0.15519035110623372,-0.4348594827771796,-0.38567798178343315,-0.4347323808484839
1987-06-25,7.0,0,-1.2210312956023652,0.17903088075958226,0.1547723334337286,-0.4349108378653642,-0.3856817977670147,-0.43485604062655814,-1.0249577146084978
1987-06-26,8.9,0,0.17850278718820586,0.15446158427753068,-0.4350729338130949,-0.3857357387843979,-0.4348594827771796,-1.0249927467440596,-0.5576959920484867
1987-06-27,9.3,0,0.15394955766556434,-0.4352015312917093,-0.3859191615425265,-0.4349108378653642,-1.0249917028991604,-0.5578011877343709,-0.4593251030884844
1987-06-28,6.8,0,-0.43532795087783405,-0.38606293832760613,-0.4350729338130949,-1.0250120268369622,-0.5578036953025923,-0.4594450700481206,-1.0741431590884989
1987-06-29,7.5,0,-0.386221491832551,-0.4352015312917093,-1.0249182010599185,-0.5578485855677804,-0.45944832528226204,-1.0741708055871848,-0.901994103408495
1987-06-30,8.0,0,-0.43532795087783405,-1.0248646468609492,-0.5579573644895165,-0.45949838740584736,-1.0741693879093257,-0.9020475996362469,-0.7790304922084921
1987-07-01,8.3,0,-1.0246054594212324,-0.5580480137019675,-0.4596498199483791,-1.0741871259179288,-0.9020474903737479,-0.779102452528434,-0.7052523254884902
1987-07-02,2.7,0,-0.558094098491042,-0.4597708277737608,-1.074071973330487,-0.902074279134546,-0.7791032778483352,-0.7053353642637462,-2.082444770928522
1987-07-03,3.9,0,-0.45988118040047554,-1.0740032398250525,-0.9020337703834969,-0.7791365314321297,-0.7053367503330874,-2.0823210118712496,-1.7873321040485155
1987-07-04,4.1,0,-1.0737119184665156,-0.9020181644506909,-0.7791493397070753,-0.7053738828106798,-2.08231193061771,-1.787252658812499,-1.7381466595685147
1987-07-05,5.0,0,-0.9018393118080245,-0.7791716820404326,-0.7054186813012222,-2.082276657077742,-1.787245820556719,-1.738074599969374,-1.5168121594085093
1987-07-06,5.8,0,-0.7790731641948164,-0.7054637925942775,-2.0817243048771434,-1.7872260625919425,-1.7380681355465541,-1.516773335175311,-1.3200703814885046
1987-07-07,4.4,0,-0.7054134756268915,-2.0813443955891704,-1.7868016712537318,-1.7380509635109762,-1.5167685530008113,-1.3200610998028104,-1.6643684928485127
1987-07-08,4.1,0,-2.0803943288948212,-1.7865128378045507,-1.7376478989831634,-1.516763017646627,-1.320057812960151,-1.6643075117046862,-1.7381466595685147
1987-07-09,5.8,0,-1.7857555746231217,-1.7373742448404474,-1.5164559237656046,-1.320062621322761,-1.6643016080313062,-1.738074599969374,-1.3200703814885046
1987-07-10,9.1,0,-1.7366491155778387,-1.5162505765019825,-1.3198408346833301,-1.6642883148895264,-1.7380681355465541,-1.3200610998028104,-0.5085105475684858
1987-07-11,7.9,0,-1.5156700498740643,-1.3196962046455691,-1.6639172405773104,-1.7380509635109762,-1.320057812960151,-0.508623128891246,-0.8036232144484925
1987-07-12,5.0,0,-1.3192442136929317,-1.6636663553942923,-1.7376478989831634,-1.320062621322761,-0.5086260102924274,-0.8036914819499965,-1.5168121594085093
1987-07-13,2.8,0,-1.662989427009914,-1.7373742448404474,-1.3198408346833301,-0.5086734864868141,-0.8036921203534176,-1.516773335175311,-2.057852048688522
1987-07-14,4.7,0,-1.7366491155778387,-1.3196962046455691,-0.508803592218948,-0.8037240809726128,-1.5167685530008113,-2.0577319824496874,-1.590590326128511
1987-07-15,8.9,0,-1.3192442136929317,-0.5089094207378644,-0.8037262258423595,-1.516763017646627,-2.0577230881126267,-1.5905404234399985,-0.5576959920484867
1987-07-16,5.4,0,-0.508987639445759,-0.8037409785224842,-1.5164559237656046,-2.057689107537258,-1.5905350805160587,-0.5578011877343709,-1.418441270448507
1987-07-17,7.1,0,-0.803626393717458,-1.5162505765019825,-2.0571474187418595,-1.5905256662680767,-0.5578036953025923,-1.4184172174890606,-1.0003649923684974
1987-07-18,9.0,0,-1.5156700498740643,-2.0567750991071194,-1.5901865821714574,-0.5578485855677804,-1.418413182980481,-1.000403717322497,-0.5331032698084863
1987-07-19,9.4,0,-2.0558410993721794,-1.5899584659481374,-0.5579573644895165,-1.4184128194846939,-1.000402860394078,-0.5332121583128084,-0.4347323808484839
1987-07-20,6.3,0,-1.589329738441989,-0.5580480137019675,-1.4181483792244673,-1.000424477296479,-0.5332148527975098,-0.43485604062655814,-1.1971067702885019
1987-07-21,7.0,0,-0.558094098491042,-1.4179733905737757,-1.000341314924634,-0.5332610360272972,-0.4348594827771796,-1.1971159526949977,-1.0249577146084978
1987-07-22,6.4,0,-1.4174571317834979,-1.0002953503788976,-0.5333804783542322,-0.4349108378653642,-1.1971136004347382,-1.0249927467440596,-1.1725140480485012
1987-07-23,6.7,0,-1.000052229898591,-0.533478717219916,-0.4350729338130949,-1.1971248736203448,-1.0249917028991604,-1.172526923273435,-1.0987358813284995
1987-07-24,1.5,0,-0.5335408689684005,-0.4352015312917093,-1.1969564040069085,-1.0250120268369622,-1.1725247579296556,-1.0987598350087473,-2.3775574378085294
1987-07-25,2.9,0,-0.43532795087783405,-1.196849722235311,-1.0249182010599185,-1.1725373240798616,-1.0987582304144081,-2.3773893649300004,-2.0332593264485213
1987-07-26,4.8,0,-1.1964780660797236,-1.0248646468609492,-1.172379517871624,-1.0987746754584118,-2.3773780406786997,-2.0331429530281246,-1.5659976038885104
1987-07-27,6.3,0,-1.0246054594212324,-1.172280425753259,-1.0986488594657713,-2.3773272515635404,-2.0331342456075445,-1.565951394018436,-1.1971067702885019
1987-07-28,5.7,0,-1.171924836557082,-1.0985725363071042,-2.3766469385005555,-2.033101557996775,-1.5659462380109763,-1.1971159526949977,-1.3446631037285053
1987-07-29,7.0,0,-1.0982651479891572,-2.3761759533737905,-2.032570532606575,-1.5659381167275936,-1.1971136004347382,-1.3446501292243729,-1.0249577146084978
1987-07-30,8.8,0,-2.37503308316652,-2.032205802625067,-1.5656096960361732,-1.1971248736203448,-1.3446466554652334,-1.0249927467440596,-0.5822887142884873
1987-07-31,8.7,0,-2.0312878698495376,-1.5653891694660858,-1.1969564040069085,-1.3446501708632443,-1.0249917028991604,-0.5823902171559334,-0.6068814365284882
1987-08-01,9.0,0,-1.5647765089193475,-1.196849722235311,-1.3444177208186143,-1.0250120268369622,-0.5823925378076747,-0.6069792465774964,-0.5331032698084863
1987-08-02,9.6,0,-1.1964780660797236,-1.3442655011276208,-1.0249182010599185,-0.5824361351082635,-0.6069813803127576,-0.5332121583128084,-0.3855469363684829
1987-08-03,8.0,0,-1.343797443215573,-1.0248646468609492,-0.5825342506248007,-0.6070236846487471,-0.5332148527975098,-0.38567798178343315,-0.7790304922084921
1987-08-04,8.4,0,-1.0246054594212324,-0.5826173101840192,-0.6071111367600853,-0.5332610360272972,-0.3856817977670147,-0.779102452528434,-0.6806596032484896
1987-08-05,8.1,0,-0.5826473280136836,-0.6071866066660712,-0.5333804783542322,-0.3857357387843979,-0.7791032778483352,-0.6807463348421837,-0.7544377699684915
1987-08-06,9.0,0,-0.6072005575363255,-0.533478717219916,-0.3859191615425265,-0.7791365314321297,-0.680747907828005,-0.7545134231068716,-0.5331032698084863
1987-08-07,5.3,0,-0.5335408689684005,-0.38606293832760613,-0.7791493397070753,-0.6807863332701967,-0.7545144353432527,-0.5332121583128084,-1.4430339926885076
1987-08-08,8.9,0,-0.386221491832551,-0.7791716820404326,-0.680841795165938,-0.7545489818916465,-0.5332148527975098,-1.4430062469106233,-0.5576959920484867
1987-08-09,8.7,0,-0.7790731641948164,-0.6808944961122259,-0.754572453571791,-0.5332610360272972,-1.4430020254855636,-0.5578011877343709,-0.6068814365284882
1987-08-10,4.9,0,-0.68086024610425,-0.754602385558381,-0.5333804783542322,-1.4430003690251774,-0.5578036953025923,-0.6069792465774964,-1.5414048816485098
1987-08-11,7.0,0,-0.7545199346721749,-0.533478717219916,-1.4427252653597518,-0.5578485855677804,-0.6069813803127576,-1.5413623645968735,-1.0249577146084978
1987-08-12,7.5,0,-0.5335408689684005,-1.4425426870558276,-0.5579573644895165,-0.6070236846487471,-1.5413573955058937,-1.0249927467440596,-0.901994103408495
1987-08-13,7.0,0,-1.4420103613061397,-0.5580480137019675,-0.6071111367600853,-1.5413505671871102,-1.0249917028991604,-0.9020475996362469,-1.0249577146084978
1987-08-14,9.1,1,-0.558094098491042,-0.6071866066660712,-1.5410328099008888,-1.0250120268369622,-0.9020474903737479,-1.0249927467440596,-0.5085105475684858
1987-08-15,11.8,0,-0.6072005575363255,-1.5408198729840341,-1.0249182010599185,-0.902074279134546,-1.0249917028991604,-0.508623128891246,0.15549295291152998
1987-08-16,9.9,0,-1.540223279396706,-1.0248646468609492,-0.9020337703834969,-1.0250120268369622,-0.5086260102924274,0.15528066549094344,-0.31176876964848105
1987-08-17,5.6,0,-1.0246054594212324,-0.9020181644506909,-1.0249182010599185,-0.5086734864868141,0.15527273734480132,-0.3119108935187453,-1.369255825968506
1987-08-18,4.2,0,-0.9018393118080245,-1.0248646468609492,-0.508803592218948,0.15519035110623372,-0.3119152702517669,-1.3692391586459356,-1.7135539373285138
1987-08-19,4.3,0,-1.0246054594212324,-0.5089094207378644,0.1547723334337286,-0.311973090162948,-1.369235497970316,-1.7134855705478114,-1.6889612150885134
1987-08-20,8.0,0,-0.508987639445759,0.15446158427753068,-0.31218850313667335,-1.3692377204037276,-1.7134792930414715,-1.6888965411262489,-0.7790304922084921
1987-08-21,5.1,0,0.15394955766556434,-0.312355048881451,-1.3689946069538987,-1.713463413970493,-1.688890450536389,-0.779102452528434,-1.492219437168509
1987-08-22,9.4,0,-0.31256180326462607,-1.3688347976096726,-1.713071012847879,-1.6888758644300097,-0.7791032778483352,-1.4921843057537485,-0.4347323808484839
1987-08-23,9.1,0,-1.3683506727382149,-1.7128049483583956,-1.6884941267125948,-0.7791365314321297,-1.4921797104957288,-0.43485604062655814,-0.5085105475684858
1987-08-24,9.7,0,-1.7120958860551971,-1.6882356518763442,-0.7791493397070753,-1.4921754681061439,-0.4348594827771796,-0.508623128891246,-0.36095421412848244
1987-08-25,10.6,0,-1.6875426565325555,-0.7791716820404326,-1.4918790376303204,-0.4349108378653642,-0.5086260102924274,-0.3610889523618707,-0.1396197139684772
1987-08-26,8.6,0,-0.7790731641948164,-1.4916812800199308,-0.4350729338130949,-0.5086734864868141,-0.36109295526193225,-0.13978768756780754,-0.6314741587684887
1987-08-27,10.1,0,-1.491116820351423,-0.4352015312917093,-0.508803592218948,-0.36114818924391473,-0.13979337271618936,-0.6315682759990587,-0.26258332516848004
1987-08-28,11.0,0,-0.43532795087783405,-0.5089094207378644,-0.36134227540724223,-0.13986024337956546,-0.63157022281784,-0.26273283467562036,-0.0412488250084748
1987-08-29,9.7,0,-0.508987639445759,-0.36149364184555455,-0.14015030018968339,-0.6316112341892304,-0.262737585241602,-0.041431569881557224,-0.36095421412848244
1987-08-30,5.0,0,-0.3616682623099095,-0.14036997350708952,-0.6316880228953695,-0.26279799108198165,-0.041438002695859136,-0.3610889523618707,-1.5168121594085093
1987-08-31,6.1,0,-0.14068919660613508,-0.6317559031481227,-0.2630347308661049,-0.041510045217632394,-0.36109295526193225,-1.516773335175311,-1.2462922147685032
1987-09-01,5.4,0,-0.631753787058967,-0.2632164559173478,-0.04184275564854605,-0.36114818924391473,-1.5167685530008113,-1.246294011538123,-1.418441270448507
1987-09-02,5.8,0,-0.263455344219343,-0.04209278757888279,-0.36134227540724223,-1.516763017646627,-1.2462912854449033,-1.4184172174890606,-1.3200703814885046
1987-09-03,7.3,0,-0.042476278515568594,-0.36149364184555455,-1.5164559237656046,-1.2462999727013113,-1.418413182980481,-1.3200610998028104,-0.9511795478884961
1987-09-04,6.3,0,-0.3616682623099095,-1.5162505765019825,-1.2461101762774773,-1.4184128194846939,-1.320057812960151,-0.951225658479372,-1.1971067702885019
1987-09-05,4.8,0,-1.5156700498740643,-1.2459883151994142,-1.4181483792244673,-1.320062621322761,-0.9512251753839129,-1.1971159526949977,-1.5659976038885104
1987-09-06,7.6,0,-1.2455845251250068,-1.4179733905737757,-1.3198408346833301,-0.9512493782155125,-1.1971136004347382,-1.565951394018436,-0.8774013811684944
1987-09-07,8.1,0,-1.4174571317834979,-1.3196962046455691,-0.9511875426540655,-1.1971248736203448,-1.5659462380109763,-0.8774585702146844,-0.7544377699684915
1987-09-08,9.5,0,-1.3192442136929317,-0.9511567574147943,-1.1969564040069085,-1.5659381167275936,-0.8774586478686653,-0.7545134231068716,-0.41013965860848345
1987-09-09,10.3,0,-0.9509457708533077,-1.196849722235311,-1.5656096960361732,-0.8774867295940627,-0.7545144353432527,-0.41026701120499565,-0.21339788068847865
1987-09-10,7.0,0,-1.1964780660797236,-1.5653891694660858,-0.8774568842482127,-0.7545489818916465,-0.41027064027209714,-0.21355477583249496,-1.0249577146084978
1987-09-11,9.0,0,-1.5647765089193475,-0.8774488679686393,-0.754572453571791,-0.410323288324881,-0.2135599002314367,-1.0249927467440596,-0.5331032698084863
1987-09-12,10.2,0,-0.877286082285383,-0.754602385558381,-0.41049604767781067,-0.21362289200101492,-1.0249917028991604,-0.5332121583128084,-0.23799060292847957
1987-09-13,6.8,0,-0.7545199346721749,-0.4106322348096577,-0.21388095859553605,-1.0250120268369622,-0.5332148527975098,-0.2381438052540579,-1.0741431590884989
1987-09-14,9.3,0,-0.41077472135519255,-0.21407786295324424,-1.0249182010599185,-0.5332610360272972,-0.2381487427365196,-1.0741708055871848,-0.4593251030884844
1987-09-15,9.8,0,-0.2143488851740596,-1.0248646468609492,-0.5333804783542322,-0.2382104415414985,-1.0741693879093257,-0.4594450700481206,-0.3363614918884815
1987-09-16,10.7,0,-1.0246054594212324,-0.533478717219916,-0.23845784473082068,-1.0741871259179288,-0.45944832528226204,-0.3364999229403078,-0.1150269917284767
1987-09-17,7.8,0,-0.5335408689684005,-0.23864715943529624,-1.074071973330487,-0.45949838740584736,-0.3365041127568494,-0.11519865814624508,-0.8282159366884932
1987-09-18,9.2,1,-0.23890211469670153,-1.0740032398250525,-0.4596498199483791,-0.33656063970343114,-0.11520453021110692,-0.8282805113715592,-0.4839178253284853
1987-09-19,15.0,0,-1.0737119184665156,-0.4597708277737608,-0.3367653892719576,-0.1152726938390823,-0.8282809628585003,-0.4840340994696835,0.9424600645915482
1987-09-20,7.8,0,-0.45988118040047554,-0.3369243453635025,-0.11557341405439915,-0.8283116305130962,-0.48403716778734496,0.9421296069809453,-0.8282159366884932
1987-09-21,5.3,0,-0.33711503278726757,-0.11580067702503795,-0.828303111977644,-0.48408593694633095,0.9421156975074423,-0.8282805113715592,-1.4430339926885076
1987-09-22,9.5,0,-0.11613596708349355,-0.828310275004536,-0.4842267060836638,0.9419919364016973,-0.8282809628585003,-1.4430062469106233,-0.41013965860848345
1987-09-23,7.6,1,-0.8281796232400997,-0.48434012425581285,0.9412326897628263,-0.8283116305130962,-1.4430020254855636,-0.41026701120499565,-0.8774013811684944
1987-09-24,14.0,1,-0.4844344099231175,0.9406790717031837,-0.828303111977644,-1.4430003690251774,-0.41027064027209714,-0.8774585702146844,0.6965328421915424
1987-09-25,14.9,1,0.9396529023900952,-0.828310275004536,-1.4427252653597518,-0.410323288324881,-0.8774586478686653,0.6962393127653196,0.9178673423515477
1987-09-26,14.9,1,-0.8281796232400997,-1.4425426870558276,-0.41049604767781067,-0.8774867295940627,0.6962272724566169,0.9175405775593828,0.9178673423515477
1987-09-27,19.2,1,-1.4420103613061397,-0.4106322348096577,-0.8774568842482127,0.6961164409968649,0.9175268550023598,0.9175405775593828,1.9753543986715723
1987-09-28,17.0,1,-0.41077472135519255,-0.8774488679686393,0.6954638284099832,0.9174043868612142,0.9175268550023598,1.9748688426865726,1.4343145093915597
1987-09-29,13.0,1,-0.877286082285383,0.694986106882667,0.9166558036275421,0.9174043868612142,1.9748470827209086,1.4339101954121964,0.4506056197915367
1987-09-30,11.2,0,0.6941206071636793,0.9161097752211321,0.9166558036275421,1.9746690171019934,1.433892547609093,0.450349018549694,0.007936619471526173
1987-10-01,9.5,0,0.9150996728674538,0.9161097752211321,1.973461907444767,1.4337429272113622,0.45033884740579155,0.0077464889615677275,-0.41013965860848345
1987-10-02,10.3,0,0.9150996728674538,1.9725895239493532,1.4327704124685126,0.4502409455920325,0.007739682314305756,-0.41026701120499565,-0.21339788068847865
1987-10-03,9.3,1,1.970888542341042,1.4320650013442169,0.4496949670571401,0.007665053863333917,-0.41027064027209714,-0.21355477583249496,-0.4593251030884844
1987-10-04,11.3,0,1.4307174928429272,0.44929314206215043,0.007311016622022392,-0.410323288324881,-0.2135599002314367,-0.4594450700481206,0.0325293417115271
1987-10-05,6.5,1,0.44858831193726334,0.007045805385220361,-0.41049604767781067,-0.21362289200101492,-0.45944832528226204,0.03233551838313064,-1.1479213258085006
1987-10-06,12.0,0,0.0066301805297144245,-0.4106322348096577,-0.21388095859553605,-0.45949838740584736,0.03232852481938864,-1.1479378938518725,0.20467839739153096
1987-10-07,8.3,0,-0.41077472135519255,-0.21407786295324424,-0.4596498199483791,0.03225260340381751,-1.1479359154245732,0.2044587243340684,-0.7052523254884902
1987-10-08,8.7,0,-0.2143488851740596,-0.4597708277737608,0.03188790275730705,-1.1479497745393783,0.20445042235496622,-0.7053353642637462,-0.6068814365284882
1987-10-09,8.7,0,-0.45988118040047554,0.03161510186727237,-1.14780263173634,0.20436545018720004,-0.7053367503330874,-0.6069792465774964,-0.6068814365284882
1987-10-10,10.2,0,0.03118341005235637,-1.1477111292712074,0.20392610570429703,-0.7053738828106798,-0.6069813803127576,-0.6069792465774964,-0.23799060292847957
1987-10-11,6.9,0,-1.1473716070344404,0.20360017724163382,-0.7054186813012222,-0.6070236846487471,-0.6069813803127576,-0.2381438052540579,-1.0495504368484982
1987-10-12,4.9,0,0.20305601671084736,-0.7054637925942775,-0.6071111367600853,-0.6070236846487471,-0.2381487427365196,-1.049581776165622,-1.5414048816485098
1987-10-13,10.0,0,-0.7054134756268915,-0.6071866066660712,-0.6071111367600853,-0.2382104415414985,-1.049580545404243,-1.5413623645968735,-0.2871760474084806
1987-10-14,7.6,1,-0.6072005575363255,-0.6071866066660712,-0.23845784473082068,-1.0495995763774453,-1.5413573955058937,-0.28732186409718286,-0.8774013811684944
1987-10-15,14.5,1,-0.6072005575363255,-0.23864715943529624,-1.0494950871952027,-1.5413505671871102,-0.2873264277466845,-0.8774585702146844,0.8194964533915453
1987-10-16,13.2,0,-0.23890211469670153,-1.0494339433430009,-1.5410328099008888,-0.28738554062246485,-0.8774586478686653,0.8191844598731324,0.4997910642715377
1987-10-17,9.9,0,-1.049158688943874,-1.5408198729840341,-0.28761161700138915,-0.8774867295940627,0.8191714849820295,0.49952707739281893,-0.31176876964848105
1987-10-18,10.1,1,-1.540223279396706,-0.2877857523993994,-0.8774568842482127,0.8190541886992811,0.49951653241595645,-0.3119108935187453,-0.26258332516848004
1987-10-19,11.3,0,-0.2880085737419846,-0.8774488679686393,0.8183482590864047,0.49941604467299877,-0.3119152702517669,-0.26273283467562036,0.0325293417115271
1987-10-20,10.4,0,-0.877286082285383,0.8178325892929253,0.49884873932770857,-0.311973090162948,-0.262737585241602,0.03233551838313064,-0.18880515844847817
1987-10-21,10.9,0,0.8168867547768872,0.4984317350262536,-0.31218850313667335,-0.26279799108198165,0.03232852481938864,-0.1889657464109325,-0.0658415472484753
1987-10-22,9.2,0,0.49769477098254633,-0.312355048881451,-0.2630347308661049,0.03225260340381751,-0.18897105772635425,-0.0660205993031197,-0.4839178253284853
1987-10-23,10.5,1,-0.31256180326462607,-0.2632164559173478,0.03188790275730705,-0.18903534246053177,-0.06602684520094158,-0.4840340994696835,-0.16421243620847767
1987-10-24,11.4,1,-0.263455344219343,0.03161510186727237,-0.18930407246025183,-0.06609759475811555,-0.48403716778734496,-0.16437671698937004,0.05712206395152759
1987-10-25,13.5,0,0.03118341005235637,-0.18950856647119266,-0.06641964178383027,-0.48408593694633095,-0.1643822152212718,0.05692454780469311,0.5735692309915396
1987-10-26,9.8,1,-0.1897956556514181,-0.06666208406093437,-0.4842267060836638,-0.1644477929200486,0.056917367324471085,0.5732941656575068,-0.3363614918884815
1987-10-27,13.1,0,-0.0670295080382101,-0.48434012425581285,-0.1647271863249676,0.05684015294430066,0.5732830599312042,-0.3364999229403078,0.47519834203153716
1987-10-28,9.7,1,-0.4844344099231175,-0.1649392699891411,0.056464788892591274,0.5731786932944487,-0.3365041127568494,0.4749380479712565,-0.36095421412848244
1987-10-29,11.4,0,-0.16524242612877657,0.05618439834932394,0.5725793977335617,-0.33656063970343114,0.474927689910874,-0.3610889523618707,0.05712206395152759
1987-10-30,9.9,1,0.05573663957499788,0.5721396244724087,-0.3367653892719576,0.4748284951325156,-0.36109295526193225,0.05692454780469311,-0.31176876964848105
1987-10-31,14.4,1,0.5713544595504713,-0.3369243453635025,0.4742718531924243,-0.36114818924391473,0.056917367324471085,-0.3119108935187453,0.7949037311515448
1987-11-01,19.0,1,-0.33711503278726757,0.473862438544202,-0.36134227540724223,0.05684015294430066,-0.3119152702517669,0.79459543045157,1.9261689541915712
1987-11-02,23.0,1,0.47314154145990484,-0.36149364184555455,0.056464788892591274,-0.311973090162948,0.7945826424769471,1.9256907838434476,2.909877843791594
1987-11-03,15.4,0,-0.3616682623099095,0.05618439834932394,-0.31218850313667335,0.794466639158798,1.9256693977107435,2.90925196070595,1.0408309535515505
1987-11-04,9.6,0,0.05573663957499788,-0.312355048881451,0.7937713729511205,1.925493918021027,2.909223097914045,1.0404857246671955,-0.3855469363684829
1987-11-05,10.8,1,-0.31256180326462607,0.7932632928108738,1.9243081351741986,2.908995899640357,1.0404710675277724,-0.38567798178343315,-0.09043426948847577
1987-11-06,12.1,0,0.7923335252542457,1.92345093098525,2.907383580585571,1.0403421345636303,-0.3856817977670147,-0.09060962872468217,0.22927111963153143
1987-11-07,11.0,1,1.921782083295759,2.9062227902673166,1.0395402343039637,-0.3857357387843979,-0.09061568770602403,0.22904775375563086,-0.0412488250084748
1987-11-08,12.6,1,2.903911264201423,1.0389562576313904,-0.3859191615425265,-0.09068514429859871,0.22903926486004866,-0.041431569881557224,0.35223473083153434
1987-11-09,14.7,0,1.0378658204806617,-0.38606293832760613,-0.09099652791911449,0.2289529997276832,-0.041438002695859136,0.3519929008634437,0.8686818978715463
1987-11-10,11.1,0,-0.386221491832551,-0.09123138054298593,0.22850299183958125,-0.041510045217632394,0.3519834773854613,0.8683625187162574,-0.016656102768474314
1987-11-11,10.1,1,-0.09158273756085161,0.2281694737236854,-0.04184275564854605,0.3518907474300994,0.8683491699921945,-0.016842540459994747,-0.26258332516848004
1987-11-12,11.4,1,0.22760924623348888,-0.04209278757888279,0.3513874225160028,0.8682292877802474,-0.01684916019077669,-0.26273283467562036,0.05712206395152759
1987-11-13,13.0,1,-0.042476278515568594,0.3510159561339437,0.8675020313569732,-0.01692249567714924,-0.262737585241602,0.05692454780469311,0.4506056197915367
1987-11-14,11.9,0,0.35037539384669686,0.8669711822570285,-0.01726586951326183,-0.26279799108198165,0.056917367324471085,0.450349018549694,0.18008567515153046
1987-11-15,9.5,1,0.8659932138221703,-0.017523491096831212,-0.2630347308661049,0.05684015294430066,0.45033884740579155,0.17986969491250593,-0.41013965860848345
1987-11-16,13.5,1,-0.017923048992927085,-0.2632164559173478,0.056464788892591274,0.4502409455920325,0.17986157984988377,-0.41026701120499565,0.5735692309915396
1987-11-17,15.2,1,-0.263455344219343,0.05618439834932394,0.4496949670571401,0.1797779006467169,-0.41027064027209714,0.5732941656575068,0.9916455090715491
1987-11-18,18.4,1,0.05573663957499788,0.44929314206215043,0.1793492195690128,-0.410323288324881,0.5732830599312042,0.9913076658240701,1.7786126207515673
1987-11-19,24.1,1,0.44858831193726334,0.17903088075958226,-0.41049604767781067,0.5731786932944487,0.9912933825176071,1.778156607314072,3.180397788431601
1987-11-20,14.1,0,0.17850278718820586,-0.4106322348096577,0.5725793977335617,0.9911670354826636,1.7781363426802481,3.1797312843431387,0.721125564431543
1987-11-21,10.7,0,-0.41077472135519255,0.5721396244724087,0.9903864620333948,1.7779686207781273,3.1797003654699534,0.7208283421868821,-0.1150269917284767
1987-11-22,8.7,1,0.5713544595504713,0.9898176646672868,1.7768468183624924,3.1794589445856727,0.7208161149616994,-0.11519865814624508,-0.6068814365284882
1987-11-23,13.3,1,0.9887593614353782,1.7760351520929398,3.1777293280736987,0.720703990537348,-0.11520453021110692,-0.6069792465774964,0.5243837865115386
1987-11-24,11.6,0,1.7744627061599092,3.1764850515698853,0.7200407145452674,-0.1152726938390823,-0.6069813803127576,0.5241161068143819,0.10630750843152856
1987-11-25,9.9,0,3.1739967889504808,0.7195554033647186,-0.11557341405439915,-0.6070236846487471,0.5241053749210394,0.10610260664781807,-0.31176876964848105
1987-11-26,10.8,1,0.7186738366863208,-0.11580067702503795,-0.6071111367600853,0.5240035942134824,0.10609505233463598,-0.3119108935187453,-0.09043426948847577
1987-11-27,11.5,0,-0.11613596708349355,-0.6071866066660712,0.5234256254629932,0.10601525202526697,-0.3119152702517669,-0.09060962872468217,0.08171478619152807
1987-11-28,10.0,1,-0.6072005575363255,0.5230010315083056,0.10561856116315971,-0.311973090162948,-0.09061568770602403,0.08151357722625559,-0.2871760474084806
1987-11-29,13.9,1,0.5222480005051883,0.1053229913134271,-0.31218850313667335,-0.09068514429859871,0.08150620982955353,-0.28732186409718286,0.671940119951542
1987-11-30,13.6,1,0.10484309862028089,-0.312355048881451,-0.09099652791911449,0.08142770248478383,-0.2873264277466845,0.6716502833437572,0.5981619532315401
1987-12-01,11.9,0,-0.31256180326462607,-0.09123138054298593,0.08104167502787549,-0.28738554062246485,0.6716384299515344,0.5978831950790693,0.18008567515153046
1987-12-02,11.1,0,-0.09158273756085161,0.08075369483137552,-0.28761161700138915,0.6715288914563817,0.5978719024362866,0.17986969491250593,-0.016656102768474314
1987-12-03,8.2,0,0.08028986909763938,-0.2877857523993994,0.670886942274699,0.5977662428349318,0.17986157984988377,-0.016842540459994747,-0.7298450477284911
1987-12-04,9.4,1,-0.2880085737419846,0.6704168104006155,0.5971562838688459,0.1797779006467169,-0.01684916019077669,-0.7299243936853091,-0.4347323808484839
1987-12-05,12.7,1,0.6695673776410378,0.5967089209544603,0.1793492195690128,-0.01692249567714924,-0.7299255928381703,-0.43485604062655814,0.3768274530715348
1987-12-06,11.6,0,0.5959076890731129,0.17903088075958226,-0.01726586951326183,-0.7299614323511634,-0.4348594827771796,0.37658193028500614,0.10630750843152856
1987-12-07,11.0,1,0.17850278718820586,-0.017523491096831212,-0.7299955674365068,-0.4349108378653642,0.3765723198905438,0.10610260664781807,-0.0412488250084748
1987-12-08,11.3,1,-0.017923048992927085,-0.7300330890763295,-0.4350729338130949,0.37647829697058255,0.10609505233463598,-0.041431569881557224,0.0325293417115271
1987-12-09,13.4,1,-0.7299667051495334,-0.4352015312917093,0.37596430865128705,0.10601525202526697,-0.041438002695859136,0.03233551838313064,0.5489765087515391
1987-12-10,14.9,1,-0.43532795087783405,0.3755852526159953,0.10561856116315971,-0.041510045217632394,0.03232852481938864,0.5487051362359443,0.9178673423515477
1987-12-11,15.2,1,0.37492862336933835,0.1053229913134271,-0.04184275564854605,0.03225260340381751,0.5486942174261218,0.9175405775593828,0.9916455090715491
1987-12-12,13.9,1,0.10484309862028089,-0.04209278757888279,0.03188790275730705,0.5485911437539656,0.9175268550023598,0.9913076658240701,0.671940119951542
1987-12-13,15.0,1,-0.042476278515568594,0.03161510186727237,0.5480025115982774,0.9174043868612142,0.9912933825176071,0.6716502833437572,0.9424600645915482
1987-12-14,16.2,1,0.03118341005235637,0.5475703279903572,0.9166558036275421,0.9911670354826636,0.6716384299515344,0.9421296069809453,1.237572731471555
1987-12-15,17.7,1,0.5468012300278298,0.9161097752211321,0.9903864620333948,0.6715288914563817,0.9421156975074423,1.2371979600396958,1.6064635650715635
1987-12-16,20.5,1,0.9150996728674538,0.9898176646672868,0.670886942274699,0.9419919364016973,1.2371818075684324,1.6060334013631343,2.2950597877915797
1987-12-17,14.7,1,0.9887593614353782,0.6704168104006155,0.9412326897628263,1.2370425308874962,1.6060144451446705,2.2945262251668863,0.8686818978715463
1987-12-18,12.5,0,0.6695673776410378,0.9406790717031837,1.236155323386238,1.6058557739947448,2.294502035286982,0.8683625187162574,0.3276420085915338
1987-12-19,10.9,1,0.9396529023900952,1.2355106294878033,1.6048086154155023,2.294307161128276,0.8683491699921945,0.3274038714418812,-0.0658415472484753
1987-12-20,12.8,1,1.2342916566617943,1.6040500767185784,2.2929614272034633,0.8682292877802474,0.3273946348803789,-0.0660205993031197,0.40142017531153573
1987-12-21,12.7,1,1.6025900995014182,2.291990378216025,0.8675020313569732,0.32730319788961626,-0.06602684520094158,0.4011709597065691,0.3768274530715348
1987-12-22,11.2,1,2.290080526135383,0.8669711822570285,0.3268105363807186,-0.06609759475811555,0.40116116239562666,0.37658193028500614,0.007936619471526173
1987-12-23,11.4,1,0.8659932138221703,0.3264466596518921,-0.06641964178383027,0.40106584651106614,0.3765723198905438,0.0077464889615677275,0.05712206395152759
1987-12-24,11.2,1,0.32582216432405536,-0.06666208406093437,0.4005411947865717,0.37647829697058255,0.007739682314305756,0.05692454780469311,0.007936619471526173
1987-12-25,12.1,1,-0.0670295080382101,0.40015454909804726,0.37596430865128705,0.007665053863333917,0.056917367324471085,0.0077464889615677275,0.22927111963153143
1987-12-26,12.7,1,0.3994818528919803,0.3755852526159953,0.007311016622022392,0.05684015294430066,0.007739682314305756,0.22904775375563086,0.3768274530715348
1987-12-27,16.2,1,0.37492862336933835,0.007045805385220361,0.056464788892591274,0.007665053863333917,0.22903926486004866,0.37658193028500614,1.237572731471555
1987-12-28,14.2,1,0.0066301805297144245,0.05618439834932394,0.007311016622022392,0.2289529997276832,0.3765723198905438,1.2371979600396958,0.7457182866715434
1987-12-29,14.3,1,0.05573663957499788,0.007045805385220361,0.22850299183958125,0.37647829697058255,1.2371818075684324,0.7454173716084446,0.7703110089115444
1987-12-30,13.3,1,0.0066301805297144245,0.2281694737236854,0.37596430865128705,1.2370425308874962,0.7454049574667818,0.7700064010300075,0.5243837865115386
1987-12-31,16.7,1,0.22760924623348888,0.3755852526159953,1.236155323386238,0.7452915400778313,0.7699937999718647,0.5241161068143819,1.3605363426715578
1988-01-01,15.3,1,0.37492862336933835,1.2355106294878033,0.7446176006805516,0.7698790896183149,0.5241053749210394,1.3601431071475085,1.01623823131155
1988-01-02,14.3,1,1.2342916566617943,0.7441246998467702,0.7691944868158364,0.5240035942134824,1.3601260200938452,1.0158966952456332,0.7703110089115444
1988-01-03,13.5,1,0.7432270662089623,0.7686939963288222,0.5234256254629932,1.3599802785899122,1.01588222502269,0.7700064010300075,0.5735692309915396
1988-01-04,15.0,1,0.7677802957316042,0.5230010315083056,1.3590397540626593,1.0157545850231473,0.7699937999718647,0.5732941656575068,0.9424600645915482
1988-01-05,13.6,1,0.5222480005051883,1.3583571118980617,1.0149633481686795,0.7698790896183149,0.5732830599312042,0.9421296069809453,0.5981619532315401
1988-01-06,15.2,1,1.357057804275002,1.0143869611493388,0.7691944868158364,0.5731786932944487,0.9421156975074423,0.5978831950790693,0.9916455090715491
1988-01-07,17.0,1,1.0133125909580203,0.7686939963288222,0.5725793977335617,0.9419919364016973,0.5978719024362866,0.9913076658240701,1.4343145093915597
1988-01-08,18.7,1,0.7677802957316042,0.5721396244724087,0.9412326897628263,0.5977662428349318,0.9912933825176071,1.4339101954121964,1.8523907874715693
1988-01-09,16.5,1,0.5713544595504713,0.9406790717031837,0.5971562838688459,0.9911670354826636,1.433892547609093,1.85192369557876,1.311350898191557
1988-01-10,17.4,1,0.9396529023900952,0.5967089209544603,0.9903864620333948,1.4337429272113622,1.8519028701954958,1.3109650483043838,1.5326853983515616
1988-01-11,18.3,1,0.5959076890731129,0.9898176646672868,1.4327704124685126,1.851731269399577,1.3109483350836804,1.5322663130984464,1.7540198985115674
1988-01-12,18.3,1,0.9887593614353782,1.4320650013442169,1.8505774767683456,1.310805179508946,1.5322479176294228,1.75356757789251,1.7540198985115674
1988-01-13,22.4,1,1.4307174928429272,1.849743041539095,1.309885981792091,1.5320931253732948,1.7535475001751661,1.75356757789251,2.7623215103515903
1988-01-14,21.4,1,1.848122394727834,1.3092185189339585,1.5310779570096493,1.7533810712376445,1.7535475001751661,2.7617177841765743,2.516394287951585
1988-01-15,20.9,1,1.3079513452297191,1.5303421872724232,1.7522699322272086,1.7533810712376445,2.7616900428835494,2.515827489960949,2.393430676751582
1988-01-16,17.6,1,1.5289304109334931,1.7514658556108886,1.7522699322272086,2.761470602397457,2.5158016178327243,2.392882342853136,1.5818708428315635
1988-01-17,15.5,1,1.749909476637268,1.7514658556108886,2.759922263773865,2.515595106992625,2.3928574053073115,1.5814443719415723,1.0654236757915512
1988-01-18,16.6,1,1.749909476637268,2.7588070113750063,2.5141534024210217,2.3926573592902085,1.5814256026395885,1.065074754088758,1.3359436204315578
1988-01-19,16.2,1,2.756591887065573,2.5131140465544894,2.3912689717446,1.581268224454262,1.0650599100328548,1.3355540777259465,1.237572731471555
1988-01-20,15.6,1,2.511059591839157,2.3902675641442315,1.5802317292802186,1.0649296841041136,1.3355371775887632,1.2371979600396958,1.0900163980315516
1988-01-21,14.5,1,2.388293444225949,1.5794807802365272,1.0641171204392479,1.3353927290494296,1.2371818075684324,1.0896637835103204,0.8194964533915453
1988-01-22,14.0,1,1.578036869978777,1.0635255541134419,1.3344628679273756,1.2370425308874962,1.0896487525379372,0.8191844598731324,0.6965328421915424
1988-01-23,15.6,1,1.0624190500033033,1.3337878154160105,1.236155323386238,1.0895172336445966,0.8191714849820295,0.6962393127653196,1.0900163980315516
1988-01-24,12.3,1,1.3325045747523612,1.2355106294878033,1.088694006574532,0.8190541886992811,0.6962272724566169,1.0896637835103204,0.27845656411153286
1988-01-25,11.6,1,1.2342916566617943,1.0880948505954935,0.8183482590864047,0.6961164409968649,1.0896487525379372,0.27822581259875623,0.10630750843152856
1988-01-26,12.6,1,1.0869722795259447,0.8178325892929253,0.6954638284099832,1.0895172336445966,0.278216949870214,0.10610260664781807,0.35223473083153434
1988-01-27,14.9,1,0.8168867547768872,0.694986106882667,1.088694006574532,0.27812809880864997,0.10609505233463598,0.3519929008634437,0.9178673423515477
1988-01-28,17.3,1,0.6941206071636793,1.0880948505954935,0.2776567641101501,0.10601525202526697,0.3519834773854613,0.9175405775593828,1.5080926761115616
1988-01-29,21.4,1,1.0869722795259447,0.27730806668778896,0.10561856116315971,0.3518907474300994,0.9175268550023598,1.5076772836768844,2.516394287951585
1988-01-30,23.4,1,0.2767157052787723,0.1053229913134271,0.3513874225160028,0.9174043868612142,1.5076590751243406,2.515827489960949,3.0082487327515963
1988-01-31,14.4,1,0.10484309862028089,0.3510159561339437,0.9166558036275421,1.5075055758328122,2.5158016178327243,3.0076080783922,0.7949037311515448
1988-02-01,14.1,1,0.35037539384669686,0.9161097752211321,1.5065010708743656,2.515595106992625,3.007578467934375,0.79459543045157,0.721125564431543
1988-02-02,15.0,1,0.9150996728674538,1.505772890790372,2.5141534024210217,3.0073460978022895,0.7945826424769471,0.7208283421868821,0.9424600645915482
1988-02-03,14.5,1,1.5043771814108522,2.5131140465544894,3.0056911251267078,0.794466639158798,0.7208161149616994,0.9421296069809453,0.8194964533915453
1988-02-04,15.1,1,2.511059591839157,3.0044999761955227,0.7937713729511205,0.720703990537348,0.9421156975074423,0.8191844598731324,0.9670527868315487
1988-02-05,13.9,1,3.002124182291989,0.7932632928108738,0.7200407145452674,0.9419919364016973,0.8191714849820295,0.9667186364025077,0.671940119951542
1988-02-06,13.4,0,0.7923335252542457,0.7195554033647186,0.9412326897628263,0.8190541886992811,0.9667045400125247,0.6716502833437572,0.5489765087515391
1988-02-07,9.2,1,0.7186738366863208,0.9406790717031837,0.8183482590864047,0.9665794859421805,0.6716384299515344,0.5487051362359443,-0.4839178253284853
1988-02-08,12.5,1,0.9396529023900952,0.8178325892929253,0.9658095758981106,0.6715288914563817,0.5486942174261218,-0.4840340994696835,0.3276420085915338
1988-02-09,15.1,1,0.8168867547768872,0.9652483681852352,0.670886942274699,0.5485911437539656,-0.48403716778734496,0.3274038714418812,0.9670527868315487
1988-02-10,12.1,1,0.9642061319127367,0.6704168104006155,0.5480025115982774,-0.48408593694633095,0.3273946348803789,0.9667186364025077,0.22927111963153143
1988-02-11,14.5,1,0.6695673776410378,0.5475703279903572,-0.4842267060836638,0.32730319788961626,0.9667045400125247,0.22904775375563086,0.8194964533915453
1988-02-12,16.3,1,0.5468012300278298,-0.48434012425581285,0.3268105363807186,0.9665794859421805,0.22903926486004866,0.8191844598731324,1.2621654537115559
1988-02-13,16.5,1,-0.4844344099231175,0.3264466596518921,0.9658095758981106,0.2289529997276832,0.8191714849820295,1.2617869894612588,1.311350898191557
1988-02-14,14.9,1,0.32582216432405536,0.9652483681852352,0.22850299183958125,0.8190541886992811,1.2617706500735153,1.3109650483043838,0.9178673423515477
1988-02-15,13.2,1,0.9642061319127367,0.2281694737236854,0.8183482590864047,1.2616300804279796,1.3109483350836804,0.9175405775593828,0.4997910642715377
1988-02-16,11.8,1,0.22760924623348888,0.8178325892929253,1.2607322095215225,1.310805179508946,0.9175268550023598,0.49952707739281893,0.15549295291152998
1988-02-17,13.6,1,0.8168867547768872,1.2600799259698554,1.309885981792091,0.9174043868612142,0.49951653241595645,0.15528066549094344,0.5981619532315401
1988-02-18,16.2,1,1.2588448861844361,1.3092185189339585,0.9166558036275421,0.49941604467299877,0.15527273734480132,0.5978831950790693,1.237572731471555
1988-02-19,14.1,1,1.3079513452297191,0.9161097752211321,0.49884873932770857,0.15519035110623372,0.5978719024362866,1.2371979600396958,0.721125564431543
1988-02-20,13.5,1,0.9150996728674538,0.4984317350262536,0.1547723334337286,0.5977662428349318,1.2371818075684324,0.7208283421868821,0.5735692309915396
1988-02-21,15.0,1,0.49769477098254633,0.15446158427753068,0.5971562838688459,1.2370425308874962,0.7208161149616994,0.5732941656575068,0.9424600645915482
1988-02-22,14.8,1,0.15394955766556434,0.5967089209544603,1.236155323386238,0.720703990537348,0.5732830599312042,0.9421296069809453,0.8932746201115472
1988-02-23,16.2,1,0.5959076890731129,1.2355106294878033,0.7200407145452674,0.5731786932944487,0.9421156975074423,0.8929515481378203,1.237572731471555
1988-02-24,16.2,1,1.2342916566617943,0.7195554033647186,0.5725793977335617,0.9419919364016973,0.8929380124972773,1.2371979600396958,1.237572731471555
1988-02-25,13.3,1,0.7186738366863208,0.5721396244724087,0.9412326897628263,0.892816837320731,1.2371818075684324,1.2371979600396958,0.5243837865115386
1988-02-26,15.3,1,0.5713544595504713,0.9406790717031837,0.8920789174922579,1.2370425308874962,1.2371818075684324,0.5241161068143819,1.01623823131155
1988-02-27,18.4,1,0.9396529023900952,0.8915404787390805,1.236155323386238,1.2370425308874962,0.5241053749210394,1.0158966952456332,1.7786126207515673
1988-02-28,16.2,1,0.8905464433448123,1.2355106294878033,1.236155323386238,0.5240035942134824,1.01588222502269,1.778156607314072,1.237572731471555
1988-02-29,16.3,1,1.2342916566617943,1.2355106294878033,0.5234256254629932,1.0157545850231473,1.7781363426802481,1.2371979600396958,1.2621654537115559
1988-03-01,12.4,1,1.2342916566617943,0.5230010315083056,1.0149633481686795,1.7779686207781273,1.2371818075684324,1.2617869894612588,0.30304928635153333
1988-03-02,15.6,1,0.5222480005051883,1.0143869611493388,1.7768468183624924,1.2370425308874962,1.2617706500735153,0.3028148420203187,1.0900163980315516
1988-03-03,14.9,1,1.0133125909580203,1.7760351520929398,1.236155323386238,1.2616300804279796,0.3028057923752964,1.0896637835103204,0.9178673423515477
1988-03-04,14.8,1,1.7744627061599092,1.2355106294878033,1.2607322095215225,0.3027156483491331,1.0896487525379372,0.9175405775593828,0.8932746201115472
1988-03-05,12.7,1,1.2342916566617943,1.2600799259698554,0.30223365024543436,1.0895172336445966,0.9175268550023598,0.8929515481378203,0.3768274530715348
1988-03-06,14.2,1,1.2588448861844361,0.30187736316984054,1.088694006574532,0.9174043868612142,0.8929380124972773,0.37658193028500614,0.7457182866715434
1988-03-07,16.8,1,0.3012689348014138,1.0880948505954935,0.9166558036275421,0.892816837320731,0.3765723198905438,0.7454173716084446,1.3851290649115586
1988-03-08,16.7,1,1.0869722795259447,0.9161097752211321,0.8920789174922579,0.37647829697058255,0.7454049574667818,1.3847321365690715,1.3605363426715578
1988-03-09,16.2,1,0.9150996728674538,0.8915404787390805,0.37596430865128705,0.7452915400778313,1.384714862598928,1.3601431071475085,1.237572731471555
1988-03-10,14.5,0,0.8905464433448123,0.3755852526159953,0.7446176006805516,1.384567828130396,1.3601260200938452,1.2371979600396958,0.8194964533915453
1988-03-11,10.0,1,0.37492862336933835,0.7441246998467702,1.383616640197944,1.3599802785899122,1.2371818075684324,0.8191844598731324,-0.2871760474084806
1988-03-12,12.6,1,0.7432270662089623,1.3829264083801138,1.3590397540626593,1.2370425308874962,0.8191714849820295,-0.28732186409718286,0.35223473083153434
1988-03-13,11.9,1,1.3816110337976442,1.3583571118980617,1.236155323386238,0.8190541886992811,-0.2873264277466845,0.3519929008634437,0.18008567515153046
1988-03-14,11.8,1,1.357057804275002,1.2355106294878033,0.8183482590864047,-0.28738554062246485,0.3519834773854613,0.17986969491250593,0.15549295291152998
1988-03-15,13.4,1,1.2342916566617943,0.8178325892929253,-0.28761161700138915,0.3518907474300994,0.17986157984988377,0.15528066549094344,0.5489765087515391
1988-03-16,14.5,1,0.8168867547768872,-0.2877857523993994,0.3513874225160028,0.1797779006467169,0.15527273734480132,0.5487051362359443,0.8194964533915453
1988-03-17,15.7,1,-0.2880085737419846,0.3510159561339437,0.1793492195690128,0.15519035110623372,0.5486942174261218,0.8191844598731324,1.114609120271552
1988-03-18,15.3,1,0.35037539384669686,0.17903088075958226,0.1547723334337286,0.5485911437539656,0.8191714849820295,1.114252812931883,1.01623823131155
1988-03-19,13.9,1,0.17850278718820586,0.15446158427753068,0.5480025115982774,0.8190541886992811,1.11423759504302,1.0158966952456332,0.671940119951542
1988-03-20,13.7,1,0.15394955766556434,0.5475703279903572,0.8183482590864047,1.1141047831850799,1.01588222502269,0.6716502833437572,0.6227546754715405
1988-03-21,15.1,1,0.5468012300278298,0.8178325892929253,1.1132708927098163,1.0157545850231473,0.6716384299515344,0.6224722245006318,0.9670527868315487
1988-03-22,15.6,1,0.8168867547768872,1.1126641470775451,1.0149633481686795,0.6715288914563817,0.6224607449413692,0.9667186364025077,1.0900163980315516
1988-03-23,14.4,1,1.1115255090485863,1.0143869611493388,0.670886942274699,0.622353792375415,0.9667045400125247,1.0896637835103204,0.7949037311515448
1988-03-24,13.9,1,1.0133125909580203,0.6704168104006155,0.6217331700041301,0.9665794859421805,1.0896487525379372,0.79459543045157,0.671940119951542
1988-03-25,16.2,1,0.6695673776410378,0.6212782174365119,0.9658095758981106,1.0895172336445966,0.7945826424769471,0.6716502833437572,1.237572731471555
1988-03-26,16.7,1,0.6204609185957544,0.9652483681852352,1.088694006574532,0.794466639158798,0.6716384299515344,1.2371979600396958,1.3605363426715578
1988-03-27,15.5,1,0.9642061319127367,1.0880948505954935,0.7937713729511205,0.6715288914563817,1.2371818075684324,1.3601431071475085,1.0654236757915512
1988-03-28,16.4,1,1.0869722795259447,0.7932632928108738,0.670886942274699,1.2370425308874962,1.3601260200938452,1.065074754088758,1.2867581759515558
1988-03-29,17.5,1,0.7923335252542457,0.6704168104006155,1.236155323386238,1.3599802785899122,1.0650599100328548,1.2863760188828208,1.5572781205915627
1988-03-30,18.2,1,0.6695673776410378,1.2355106294878033,1.3590397540626593,1.0649296841041136,1.2863594925785973,1.5568553425200093,1.7294271762715665
1988-03-31,16.1,1,1.2342916566617943,1.3583571118980617,1.0641171204392479,1.2862176299684625,1.5568367601345057,1.728978548470947,1.2129800092315548
1988-04-01,16.5,1,1.357057804275002,1.0635255541134419,1.2853090956568063,1.5566806749137785,1.728958657670083,1.2126089306181338,1.311350898191557
1988-04-02,14.6,1,1.0624190500033033,1.2846492224519066,1.555654843144934,1.728793521697161,1.2125929650633505,1.3109650483043838,0.8440891756315458
1988-04-03,16.4,1,1.2833981157070773,1.554911483754475,1.727693046091924,1.2124549813470133,1.3109483350836804,0.8437734892946949,1.2867581759515558
1988-04-04,13.6,1,1.5534836404561352,1.7268965591288366,1.2115784372509542,1.310805179508946,0.843760327487112,1.2863760188828208,0.5981619532315401
1988-04-05,15.9,1,1.7253562471146262,1.2109413330057524,1.309885981792091,0.8436417382397643,1.2863594925785973,0.5978831950790693,1.1637945647515535
1988-04-06,11.9,1,1.2097384271391531,1.3092185189339585,0.8429251452216889,1.2862176299684625,0.5978719024362866,1.1634308717750084,0.18008567515153046
1988-04-07,14.7,0,1.3079513452297191,0.8424018857749769,1.2853090956568063,0.5977662428349318,1.1634152800531852,0.17986969491250593,0.8686818978715463
1988-04-08,9.4,0,0.8414399842995288,1.2846492224519066,0.5971562838688459,1.1632798822660466,0.17986157984988377,0.8683625187162574,-0.4347323808484839
1988-04-09,6.6,0,1.2833981157070773,0.5967089209544603,1.162424664980385,0.1797779006467169,0.8683491699921945,-0.43485604062655814,-1.1233286035685002
1988-04-10,7.9,0,0.5959076890731129,1.1618027400416486,0.1793492195690128,0.8682292877802474,-0.4348594827771796,-1.12334886443031,-0.8036232144484925
1988-04-11,11.0,1,1.1606319680938697,0.17903088075958226,0.8675020313569732,-0.4349108378653642,-1.1233470729194908,-0.8036914819499965,-0.0412488250084748
1988-04-12,15.7,1,0.17850278718820586,0.8669711822570285,-0.4350729338130949,-1.1233622249988953,-0.8036921203534176,-0.041431569881557224,1.114609120271552
1988-04-13,15.2,1,0.8659932138221703,-0.4352015312917093,-1.1232257456010557,-0.8037240809726128,-0.041438002695859136,1.114252812931883,0.9916455090715491
1988-04-14,15.9,0,-0.43532795087783405,-1.123141832789156,-0.8037262258423595,-0.041510045217632394,1.11423759504302,0.9913076658240701,1.1637945647515535
1988-04-15,10.6,0,-1.1228183775117988,-0.8037409785224842,-0.04184275564854605,1.1141047831850799,0.9912933825176071,1.1634308717750084,-0.1396197139684772
1988-04-16,8.3,0,-0.803626393717458,-0.04209278757888279,1.1132708927098163,0.9911670354826636,1.1634152800531852,-0.13978768756780754,-0.7052523254884902
1988-04-17,8.6,1,-0.042476278515568594,1.1126641470775451,0.9903864620333948,1.1632798822660466,-0.13979337271618936,-0.7053353642637462,-0.6314741587684887
1988-04-18,12.7,0,1.1115255090485863,0.9898176646672868,1.162424664980385,-0.13986024337956546,-0.7053367503330874,-0.6315682759990587,0.3768274530715348
1988-04-19,10.5,1,0.9887593614353782,1.1618027400416486,-0.14015030018968339,-0.7053738828106798,-0.63157022281784,0.37658193028500614,-0.16421243620847767
1988-04-20,12.0,0,1.1606319680938697,-0.14036997350708952,-0.7054186813012222,-0.6316112341892304,0.3765723198905438,-0.16437671698937004,0.20467839739153096
1988-04-21,11.1,1,-0.14068919660613508,-0.7054637925942775,-0.6316880228953695,0.37647829697058255,-0.1643822152212718,0.2044587243340684,-0.016656102768474314
1988-04-22,13.0,1,-0.7054134756268915,-0.6317559031481227,0.37596430865128705,-0.1644477929200486,0.20445042235496622,-0.016842540459994747,0.4506056197915367
1988-04-23,12.4,1,-0.631753787058967,0.3755852526159953,-0.1647271863249676,0.20436545018720004,-0.01684916019077669,0.450349018549694,0.30304928635153333
1988-04-24,13.3,1,0.37492862336933835,-0.1649392699891411,0.20392610570429703,-0.01692249567714924,0.45033884740579155,0.3028148420203187,0.5243837865115386
1988-04-25,15.9,1,-0.16524242612877657,0.20360017724163382,-0.01726586951326183,0.4502409455920325,0.3028057923752964,0.5241161068143819,1.1637945647515535
1988-04-26,12.0,1,0.20305601671084736,-0.017523491096831212,0.4496949670571401,0.3027156483491331,0.5241053749210394,1.1634308717750084,0.20467839739153096
1988-04-27,13.7,1,-0.017923048992927085,0.44929314206215043,0.30223365024543436,0.5240035942134824,1.1634152800531852,0.2044587243340684,0.6227546754715405
1988-04-28,17.6,1,0.44858831193726334,0.30187736316984054,0.5234256254629932,1.1632798822660466,0.20445042235496622,0.6224722245006318,1.5818708428315635
1988-04-29,14.3,1,0.3012689348014138,0.5230010315083056,1.162424664980385,0.20436545018720004,0.6224607449413692,1.5814443719415723,0.7703110089115444
1988-04-30,13.7,1,0.5222480005051883,1.1618027400416486,0.20392610570429703,0.622353792375415,1.5814256026395885,0.7700064010300075,0.6227546754715405
1988-05-01,15.2,1,1.1606319680938697,0.20360017724163382,0.6217331700041301,1.581268224454262,0.7699937999718647,0.6224722245006318,0.9916455090715491
1988-05-02,14.5,1,0.20305601671084736,0.6212782174365119,1.5802317292802186,0.7698790896183149,0.6224607449413692,0.9913076658240701,0.8194964533915453
1988-05-03,14.9,1,0.6204609185957544,1.5794807802365272,0.7691944868158364,0.622353792375415,0.9912933825176071,0.8191844598731324,0.9178673423515477
1988-05-04,15.5,1,1.578036869978777,0.7686939963288222,0.6217331700041301,0.9911670354826636,0.8191714849820295,0.9175405775593828,1.0654236757915512
1988-05-05,16.4,1,0.7677802957316042,0.6212782174365119,0.9903864620333948,0.8190541886992811,0.9175268550023598,1.065074754088758,1.2867581759515558
1988-05-06,14.5,1,0.6204609185957544,0.9898176646672868,0.8183482590864047,0.9174043868612142,1.0650599100328548,1.2863760188828208,0.8194964533915453
1988-05-07,12.6,1,0.9887593614353782,0.8178325892929253,0.9166558036275421,1.0649296841041136,1.2863594925785973,0.8191844598731324,0.35223473083153434
1988-05-08,13.6,1,0.8168867547768872,0.9161097752211321,1.0641171204392479,1.2862176299684625,0.8191714849820295,0.3519929008634437,0.5981619532315401
1988-05-09,11.2,0,0.9150996728674538,1.0635255541134419,1.2853090956568063,0.8190541886992811,0.3519834773854613,0.5978831950790693,0.007936619471526173
1988-05-10,11.0,1,1.0624190500033033,1.2846492224519066,0.8183482590864047,0.3518907474300994,0.5978719024362866,0.0077464889615677275,-0.0412488250084748
1988-05-11,12.0,0,1.2833981157070773,0.8178325892929253,0.3513874225160028,0.5977662428349318,0.007739682314305756,-0.041431569881557224,0.20467839739153096
1988-05-12,6.8,0,0.8168867547768872,0.3510159561339437,0.5971562838688459,0.007665053863333917,-0.041438002695859136,0.2044587243340684,-1.0741431590884989
1988-05-13,10.6,1,0.35037539384669686,0.5967089209544603,0.007311016622022392,-0.041510045217632394,0.20445042235496622,-1.0741708055871848,-0.1396197139684772
1988-05-14,13.1,1,0.5959076890731129,0.007045805385220361,-0.04184275564854605,0.20436545018720004,-1.0741693879093257,-0.13978768756780754,0.47519834203153716
1988-05-15,13.5,1,0.0066301805297144245,-0.04209278757888279,0.20392610570429703,-1.0741871259179288,-0.13979337271618936,0.4749380479712565,0.5735692309915396
1988-05-16,11.7,1,-0.042476278515568594,0.20360017724163382,-1.074071973330487,-0.13986024337956546,0.474927689910874,0.5732941656575068,0.13090023067152906
1988-05-17,13.2,1,0.20305601671084736,-1.0740032398250525,-0.14015030018968339,0.4748284951325156,0.5732830599312042,0.13069163606938053,0.4997910642715377
1988-05-18,12.0,0,-1.0737119184665156,-0.14036997350708952,0.4742718531924243,0.5731786932944487,0.13068389483971843,0.49952707739281893,0.20467839739153096
1988-05-19,10.4,0,-0.14068919660613508,0.473862438544202,0.5725793977335617,0.13060280156575013,0.49951653241595645,0.2044587243340684,-0.18880515844847817
1988-05-20,10.0,0,0.47314154145990484,0.5721396244724087,0.13019544729844393,0.49941604467299877,0.20445042235496622,-0.1889657464109325,-0.2871760474084806
1988-05-21,8.2,0,0.5713544595504713,0.12989228779547868,0.49884873932770857,0.20436545018720004,-0.18897105772635425,-0.28732186409718286,-0.7298450477284911
1988-05-22,9.4,0,0.1293963281429224,0.4984317350262536,0.20392610570429703,-0.18903534246053177,-0.2873264277466845,-0.7299243936853091,-0.4347323808484839
1988-05-23,10.3,0,0.49769477098254633,0.20360017724163382,-0.18930407246025183,-0.28738554062246485,-0.7299255928381703,-0.43485604062655814,-0.21339788068847865
1988-05-24,8.1,0,0.20305601671084736,-0.18950856647119266,-0.28761161700138915,-0.7299614323511634,-0.4348594827771796,-0.21355477583249496,-0.7544377699684915
1988-05-25,8.7,1,-0.1897956556514181,-0.2877857523993994,-0.7299955674365068,-0.4349108378653642,-0.2135599002314367,-0.7545134231068716,-0.6068814365284882
1988-05-26,12.6,0,-0.2880085737419846,-0.7300330890763295,-0.4350729338130949,-0.21362289200101492,-0.7545144353432527,-0.6069792465774964,0.35223473083153434
1988-05-27,10.9,0,-0.7299667051495334,-0.4352015312917093,-0.21388095859553605,-0.7545489818916465,-0.6069813803127576,0.3519929008634437,-0.0658415472484753
1988-05-28,8.7,0,-0.43532795087783405,-0.21407786295324424,-0.754572453571791,-0.6070236846487471,0.3519834773854613,-0.0660205993031197,-0.6068814365284882
1988-05-29,9.3,0,-0.2143488851740596,-0.754602385558381,-0.6071111367600853,0.3518907474300994,-0.06602684520094158,-0.6069792465774964,-0.4593251030884844
1988-05-30,6.3,0,-0.7545199346721749,-0.6071866066660712,0.3513874225160028,-0.06609759475811555,-0.6069813803127576,-0.4594450700481206,-1.1971067702885019
1988-05-31,7.8,0,-0.6072005575363255,0.3510159561339437,-0.06641964178383027,-0.6070236846487471,-0.45944832528226204,-1.1971159526949977,-0.8282159366884932
1988-06-01,10.0,0,0.35037539384669686,-0.06666208406093437,-0.6071111367600853,-0.45949838740584736,-1.1971136004347382,-0.8282805113715592,-0.2871760474084806
1988-06-02,11.0,0,-0.0670295080382101,-0.6071866066660712,-0.4596498199483791,-1.1971248736203448,-0.8282809628585003,-0.28732186409718286,-0.0412488250084748
1988-06-03,11.1,1,-0.6072005575363255,-0.4597708277737608,-1.1969564040069085,-0.8283116305130962,-0.2873264277466845,-0.041431569881557224,-0.016656102768474314
1988-06-04,12.6,0,-0.45988118040047554,-1.196849722235311,-0.828303111977644,-0.28738554062246485,-0.041438002695859136,-0.016842540459994747,0.35223473083153434
1988-06-05,10.2,0,-1.1964780660797236,-0.828310275004536,-0.28761161700138915,-0.041510045217632394,-0.01684916019077669,0.3519929008634437,-0.23799060292847957
1988-06-06,11.1,0,-0.8281796232400997,-0.2877857523993994,-0.04184275564854605,-0.01692249567714924,0.3519834773854613,-0.2381438052540579,-0.016656102768474314
1988-06-07,8.7,0,-0.2880085737419846,-0.04209278757888279,-0.01726586951326183,0.3518907474300994,-0.2381487427365196,-0.016842540459994747,-0.6068814365284882
1988-06-08,9.5,0,-0.042476278515568594,-0.017523491096831212,0.3513874225160028,-0.2382104415414985,-0.01684916019077669,-0.6069792465774964,-0.41013965860848345
1988-06-09,9.7,0,-0.017923048992927085,0.3510159561339437,-0.23845784473082068,-0.01692249567714924,-0.6069813803127576,-0.41026701120499565,-0.36095421412848244
1988-06-10,8.2,0,0.35037539384669686,-0.23864715943529624,-0.01726586951326183,-0.6070236846487471,-0.41027064027209714,-0.3610889523618707,-0.7298450477284911
1988-06-11,5.0,0,-0.23890211469670153,-0.017523491096831212,-0.6071111367600853,-0.410323288324881,-0.36109295526193225,-0.7299243936853091,-1.5168121594085093
1988-06-12,6.5,1,-0.017923048992927085,-0.6071866066660712,-0.41049604767781067,-0.36114818924391473,-0.7299255928381703,-1.516773335175311,-1.1479213258085006
1988-06-13,12.1,0,-0.6072005575363255,-0.4106322348096577,-0.36134227540724223,-0.7299614323511634,-1.5167685530008113,-1.1479378938518725,0.22927111963153143
1988-06-14,8.9,0,-0.41077472135519255,-0.36149364184555455,-0.7299955674365068,-1.516763017646627,-1.1479359154245732,0.22904775375563086,-0.5576959920484867
1988-06-15,6.1,0,-0.3616682623099095,-0.7300330890763295,-1.5164559237656046,-1.1479497745393783,0.22903926486004866,-0.5578011877343709,-1.2462922147685032
1988-06-16,2.8,0,-0.7299667051495334,-1.5162505765019825,-1.14780263173634,0.2289529997276832,-0.5578036953025923,-1.246294011538123,-2.057852048688522
1988-06-17,3.7,0,-1.5156700498740643,-1.1477111292712074,0.22850299183958125,-0.5578485855677804,-1.2462912854449033,-2.0577319824496874,-1.8365175485285168
1988-06-18,6.8,0,-1.1473716070344404,0.2281694737236854,-0.5579573644895165,-1.2462999727013113,-2.0577230881126267,-1.8364307176556243,-1.0741431590884989
1988-06-19,6.6,0,0.22760924623348888,-0.5580480137019675,-1.2461101762774773,-2.057689107537258,-1.836423505566884,-1.0741708055871848,-1.1233286035685002
1988-06-20,7.0,0,-0.558094098491042,-1.2459883151994142,-2.0571474187418595,-1.8364011616729092,-1.0741693879093257,-1.12334886443031,-1.0249577146084978
1988-06-21,7.3,0,-1.2455845251250068,-2.0567750991071194,-1.8359554435243006,-1.0741871259179288,-1.1233470729194908,-1.0249927467440596,-0.9511795478884961
1988-06-22,7.9,0,-2.0558410993721794,-1.835651430768654,-1.074071973330487,-1.1233622249988953,-1.0249917028991604,-0.951225658479372,-0.8036232144484925
1988-06-23,10.6,0,-1.834862033668405,-1.0740032398250525,-1.1232257456010557,-1.0250120268369622,-0.9512251753839129,-0.8036914819499965,-0.1396197139684772
1988-06-24,8.1,0,-1.0737119184665156,-1.123141832789156,-1.0249182010599185,-0.9512493782155125,-0.8036921203534176,-0.13978768756780754,-0.7544377699684915
1988-06-25,6.7,0,-1.1228183775117988,-1.0248646468609492,-0.9511875426540655,-0.8037240809726128,-0.13979337271618936,-0.7545134231068716,-1.0987358813284995
1988-06-26,8.0,0,-1.0246054594212324,-0.9511567574147943,-0.8037262258423595,-0.13986024337956546,-0.7545144353432527,-1.0987598350087473,-0.7790304922084921
1988-06-27,10.0,0,-0.9509457708533077,-0.8037409785224842,-0.14015030018968339,-0.7545489818916465,-1.0987582304144081,-0.779102452528434,-0.2871760474084806
1988-06-28,6.7,0,-0.803626393717458,-0.14036997350708952,-0.754572453571791,-1.0987746754584118,-0.7791032778483352,-0.28732186409718286,-1.0987358813284995
1988-06-29,9.4,0,-0.14068919660613508,-0.754602385558381,-1.0986488594657713,-0.7791365314321297,-0.2873264277466845,-1.0987598350087473,-0.4347323808484839
1988-06-30,9.3,0,-0.7545199346721749,-1.0985725363071042,-0.7791493397070753,-0.28738554062246485,-1.0987582304144081,-0.43485604062655814,-0.4593251030884844
1988-07-01,6.0,0,-1.0982651479891572,-0.7791716820404326,-0.28761161700138915,-1.0987746754584118,-0.4348594827771796,-0.4594450700481206,-1.2708849370085036
1988-07-02,5.8,0,-0.7790731641948164,-0.2877857523993994,-1.0986488594657713,-0.4349108378653642,-0.45944832528226204,-1.2708830409596852,-1.3200703814885046
1988-07-03,4.9,0,-0.2880085737419846,-1.0985725363071042,-0.4350729338130949,-0.45949838740584736,-1.270880127949986,-1.3200610998028104,-1.5414048816485098
1988-07-04,5.0,0,-1.0982651479891572,-0.4352015312917093,-0.4596498199483791,-1.2708875222417946,-1.320057812960151,-1.5413623645968735,-1.5168121594085093
1988-07-05,8.4,1,-0.43532795087783405,-0.4597708277737608,-1.2706870624127615,-1.320062621322761,-1.5413573955058937,-1.516773335175311,-0.6806596032484896
1988-07-06,12.3,1,-0.45988118040047554,-1.2705576116814659,-1.3198408346833301,-1.5413505671871102,-1.5167685530008113,-0.6807463348421837,0.27845656411153286
1988-07-07,13.0,1,-1.2701377546476484,-1.3196962046455691,-1.5410328099008888,-1.516763017646627,-0.680747907828005,0.27822581259875623,0.4506056197915367
1988-07-08,11.4,0,-1.3192442136929317,-1.5408198729840341,-1.5164559237656046,-0.6807863332701967,0.278216949870214,0.450349018549694,0.05712206395152759
1988-07-09,6.8,0,-1.540223279396706,-1.5162505765019825,-0.680841795165938,0.27812809880864997,0.45033884740579155,0.05692454780469311,-1.0741431590884989
1988-07-10,7.6,1,-1.5156700498740643,-0.6808944961122259,0.2776567641101501,0.4502409455920325,0.056917367324471085,-1.0741708055871848,-0.8774013811684944
1988-07-11,12.4,0,-0.68086024610425,0.27730806668778896,0.4496949670571401,0.05684015294430066,-1.0741693879093257,-0.8774585702146844,0.30304928635153333
1988-07-12,7.1,0,0.2767157052787723,0.44929314206215043,0.056464788892591274,-1.0741871259179288,-0.8774586478686653,0.3028148420203187,-1.0003649923684974
1988-07-13,7.5,0,0.44858831193726334,0.05618439834932394,-1.074071973330487,-0.8774867295940627,0.3028057923752964,-1.000403717322497,-0.901994103408495
1988-07-14,10.0,0,0.05573663957499788,-1.0740032398250525,-0.8774568842482127,0.3027156483491331,-1.000402860394078,-0.9020475996362469,-0.2871760474084806
1988-07-15,5.3,0,-1.0737119184665156,-0.8774488679686393,0.30223365024543436,-1.000424477296479,-0.9020474903737479,-0.28732186409718286,-1.4430339926885076
1988-07-16,6.3,0,-0.877286082285383,0.30187736316984054,-1.000341314924634,-0.902074279134546,-0.2873264277466845,-1.4430062469106233,-1.1971067702885019
1988-07-17,8.0,0,0.3012689348014138,-1.0002953503788976,-0.9020337703834969,-0.28738554062246485,-1.4430020254855636,-1.1971159526949977,-0.7790304922084921
1988-07-18,8.3,0,-1.000052229898591,-0.9020181644506909,-0.28761161700138915,-1.4430003690251774,-1.1971136004347382,-0.779102452528434,-0.7052523254884902
1988-07-19,9.3,0,-0.9018393118080245,-0.2877857523993994,-1.4427252653597518,-1.1971248736203448,-0.7791032778483352,-0.7053353642637462,-0.4593251030884844
1988-07-20,9.5,0,-0.2880085737419846,-1.4425426870558276,-1.1969564040069085,-0.7791365314321297,-0.7053367503330874,-0.4594450700481206,-0.41013965860848345
1988-07-21,5.6,0,-1.4420103613061397,-1.196849722235311,-0.7791493397070753,-0.7053738828106798,-0.45944832528226204,-0.41026701120499565,-1.369255825968506
1988-07-22,7.0,0,-1.1964780660797236,-0.7791716820404326,-0.7054186813012222,-0.45949838740584736,-0.41027064027209714,-1.3692391586459356,-1.0249577146084978
1988-07-23,8.5,0,-0.7790731641948164,-0.7054637925942775,-0.4596498199483791,-0.410323288324881,-1.369235497970316,-1.0249927467440596,-0.6560668810084892
1988-07-24,8.5,0,-0.7054134756268915,-0.4597708277737608,-0.41049604767781067,-1.3692377204037276,-1.0249917028991604,-0.6561573054206212,-0.6560668810084892
1988-07-25,8.2,0,-0.45988118040047554,-0.4106322348096577,-1.3689946069538987,-1.0250120268369622,-0.6561590653229225,-0.6561573054206212,-0.7298450477284911
1988-07-26,8.5,0,-0.41077472135519255,-1.3688347976096726,-1.0249182010599185,-0.6561987837297135,-0.6561590653229225,-0.7299243936853091,-0.6560668810084892
1988-07-27,9.6,0,-1.3683506727382149,-1.0248646468609492,-0.6562649090306538,-0.6561987837297135,-0.7299255928381703,-0.6561573054206212,-0.3855469363684829
1988-07-28,9.7,0,-1.0246054594212324,-0.6563251996301743,-0.6562649090306538,-0.7299614323511634,-0.6561590653229225,-0.38567798178343315,-0.36095421412848244
1988-07-29,7.1,0,-0.6563070165816085,-0.6563251996301743,-0.7299955674365068,-0.6561987837297135,-0.3856817977670147,-0.3610889523618707,-1.0003649923684974
1988-07-30,8.4,0,-0.6563070165816085,-0.7300330890763295,-0.6562649090306538,-0.3857357387843979,-0.36109295526193225,-1.000403717322497,-0.6806596032484896
1988-07-31,9.2,0,-0.7299667051495334,-0.6563251996301743,-0.3859191615425265,-0.36114818924391473,-1.000402860394078,-0.6807463348421837,-0.4839178253284853
1988-08-01,9.8,0,-0.6563070165816085,-0.38606293832760613,-0.36134227540724223,-1.000424477296479,-0.680747907828005,-0.4840340994696835,-0.3363614918884815
1988-08-02,8.1,0,-0.386221491832551,-0.36149364184555455,-1.000341314924634,-0.6807863332701967,-0.48403716778734496,-0.3364999229403078,-0.7544377699684915
1988-08-03,9.4,0,-0.3616682623099095,-1.0002953503788976,-0.680841795165938,-0.48408593694633095,-0.3365041127568494,-0.7545134231068716,-0.4347323808484839
1988-08-04,10.0,0,-1.000052229898591,-0.6808944961122259,-0.4842267060836638,-0.33656063970343114,-0.7545144353432527,-0.43485604062655814,-0.2871760474084806
1988-08-05,5.1,0,-0.68086024610425,-0.48434012425581285,-0.3367653892719576,-0.7545489818916465,-0.4348594827771796,-0.28732186409718286,-1.492219437168509
1988-08-06,6.7,0,-0.4844344099231175,-0.3369243453635025,-0.754572453571791,-0.4349108378653642,-0.2873264277466845,-1.4921843057537485,-1.0987358813284995
1988-08-07,6.9,0,-0.33711503278726757,-0.754602385558381,-0.4350729338130949,-0.28738554062246485,-1.4921797104957288,-1.0987598350087473,-1.0495504368484982
1988-08-08,6.8,0,-0.7545199346721749,-0.4352015312917093,-0.28761161700138915,-1.4921754681061439,-1.0987582304144081,-1.049581776165622,-1.0741431590884989
1988-08-09,8.6,0,-0.43532795087783405,-0.2877857523993994,-1.4918790376303204,-1.0987746754584118,-1.049580545404243,-1.0741708055871848,-0.6314741587684887
1988-08-10,9.1,0,-0.2880085737419846,-1.4916812800199308,-1.0986488594657713,-1.0495995763774453,-1.0741693879093257,-0.6315682759990587,-0.5085105475684858
1988-08-11,3.9,0,-1.491116820351423,-1.0985725363071042,-1.0494950871952027,-1.0741871259179288,-0.63157022281784,-0.508623128891246,-1.7873321040485155
1988-08-12,4.8,0,-1.0982651479891572,-1.0494339433430009,-1.074071973330487,-0.6316112341892304,-0.5086260102924274,-1.787252658812499,-1.5659976038885104
1988-08-13,8.4,1,-1.049158688943874,-1.0740032398250525,-0.6316880228953695,-0.5086734864868141,-1.787245820556719,-1.565951394018436,-0.6806596032484896
1988-08-14,11.6,1,-1.0737119184665156,-0.6317559031481227,-0.508803592218948,-1.7872260625919425,-1.5659462380109763,-0.6807463348421837,0.10630750843152856
1988-08-15,12.1,1,-0.631753787058967,-0.5089094207378644,-1.7868016712537318,-1.5659381167275936,-0.680747907828005,0.10610260664781807,0.22927111963153143
1988-08-16,12.4,0,-0.508987639445759,-1.7865128378045507,-1.5656096960361732,-0.6807863332701967,0.10609505233463598,0.22904775375563086,0.30304928635153333
1988-08-17,10.0,0,-1.7857555746231217,-1.5653891694660858,-0.680841795165938,0.10601525202526697,0.22903926486004866,0.3028148420203187,-0.2871760474084806
1988-08-18,10.1,0,-1.5647765089193475,-0.6808944961122259,0.10561856116315971,0.2289529997276832,0.3028057923752964,-0.28732186409718286,-0.26258332516848004
1988-08-19,9.7,1,-0.68086024610425,0.1053229913134271,0.22850299183958125,0.3027156483491331,-0.2873264277466845,-0.26273283467562036,-0.36095421412848244
1988-08-20,11.7,0,0.10484309862028089,0.2281694737236854,0.30223365024543436,-0.28738554062246485,-0.262737585241602,-0.3610889523618707,0.13090023067152906
1988-08-21,7.9,0,0.22760924623348888,0.30187736316984054,-0.28761161700138915,-0.26279799108198165,-0.36109295526193225,0.13069163606938053,-0.8036232144484925
1988-08-22,8.6,0,0.3012689348014138,-0.2877857523993994,-0.2630347308661049,-0.36114818924391473,0.13068389483971843,-0.8036914819499965,-0.6314741587684887
1988-08-23,7.7,0,-0.2880085737419846,-0.2632164559173478,-0.36134227540724223,0.13060280156575013,-0.8036921203534176,-0.6315682759990587,-0.8528086589284938
1988-08-24,5.8,0,-0.263455344219343,-0.36149364184555455,0.13019544729844393,-0.8037240809726128,-0.63157022281784,-0.8528695407931217,-1.3200703814885046
1988-08-25,8.7,0,-0.3616682623099095,0.12989228779547868,-0.8037262258423595,-0.6316112341892304,-0.8528698053635827,-1.3200610998028104,-0.6068814365284882
1988-08-26,10.6,0,0.1293963281429224,-0.8037409785224842,-0.6316880228953695,-0.8528991800535793,-1.320057812960151,-0.6069792465774964,-0.1396197139684772
1988-08-27,6.7,0,-0.803626393717458,-0.6317559031481227,-0.8528799981129281,-1.320062621322761,-0.6069813803127576,-0.13978768756780754,-1.0987358813284995
1988-08-28,8.8,0,-0.631753787058967,-0.8528795714865876,-1.3198408346833301,-0.6070236846487471,-0.13979337271618936,-1.0987598350087473,-0.5822887142884873
1988-08-29,9.7,0,-0.8527328527627412,-1.3196962046455691,-0.6071111367600853,-0.13986024337956546,-1.0987582304144081,-0.5823902171559334,-0.36095421412848244
1988-08-30,9.0,1,-1.3192442136929317,-0.6071866066660712,-0.14015030018968339,-1.0987746754584118,-0.5823925378076747,-0.3610889523618707,-0.5331032698084863
1988-08-31,11.8,1,-0.6072005575363255,-0.14036997350708952,-1.0986488594657713,-0.5824361351082635,-0.36109295526193225,-0.5332121583128084,0.15549295291152998
1988-09-01,15.2,0,-0.14068919660613508,-1.0985725363071042,-0.5825342506248007,-0.36114818924391473,-0.5332148527975098,0.15528066549094344,0.9916455090715491
1988-09-02,10.0,0,-1.0982651479891572,-0.5826173101840192,-0.36134227540724223,-0.5332610360272972,0.15527273734480132,0.9913076658240701,-0.2871760474084806
1988-09-03,10.5,0,-0.5826473280136836,-0.36149364184555455,-0.5333804783542322,0.15519035110623372,0.9912933825176071,-0.28732186409718286,-0.16421243620847767
1988-09-04,5.5,0,-0.3616682623099095,-0.533478717219916,0.1547723334337286,0.9911670354826636,-0.2873264277466845,-0.16437671698937004,-1.3938485482085063
1988-09-05,9.4,0,-0.5335408689684005,0.15446158427753068,0.9903864620333948,-0.28738554062246485,-0.1643822152212718,-1.393828188067498,-0.4347323808484839
1988-09-06,8.8,0,0.15394955766556434,0.9898176646672868,-0.28761161700138915,-0.1644477929200486,-1.3938243404753985,-0.43485604062655814,-0.5822887142884873
1988-09-07,5.3,1,0.9887593614353782,-0.2877857523993994,-0.1647271863249676,-1.3938252699442109,-0.4348594827771796,-0.5823902171559334,-1.4430339926885076
1988-09-08,13.0,1,-0.2880085737419846,-0.1649392699891411,-1.393571493089183,-0.4349108378653642,-0.5823925378076747,-1.4430062469106233,0.4506056197915367
1988-09-09,15.2,1,-0.16524242612877657,-1.393404094091724,-0.4350729338130949,-0.5824361351082635,-1.4430020254855636,0.450349018549694,0.9916455090715491
1988-09-10,13.2,1,-1.3929039022608565,-0.4352015312917093,-0.5825342506248007,-1.4430003690251774,0.45033884740579155,0.9913076658240701,0.4997910642715377
1988-09-11,11.5,0,-0.43532795087783405,-0.5826173101840192,-1.4427252653597518,0.4502409455920325,0.9912933825176071,0.49952707739281893,0.08171478619152807
1988-09-12,6.8,0,-0.5826473280136836,-1.4425426870558276,0.4496949670571401,0.9911670354826636,0.49951653241595645,0.08151357722625559,-1.0741431590884989
1988-09-13,4.7,0,-1.4420103613061397,0.44929314206215043,0.9903864620333948,0.49941604467299877,0.08150620982955353,-1.0741708055871848,-1.590590326128511
1988-09-14,5.2,0,0.44858831193726334,0.9898176646672868,0.49884873932770857,0.08142770248478383,-1.0741693879093257,-1.5905404234399985,-1.467626714928508
1988-09-15,6.8,0,0.9887593614353782,0.4984317350262536,0.08104167502787549,-1.0741871259179288,-1.5905350805160587,-1.4675952763321858,-1.0741431590884989
1988-09-16,10.7,0,0.49769477098254633,0.08075369483137552,-1.074071973330487,-1.5905256662680767,-1.4675908679906462,-1.0741708055871848,-0.1150269917284767
1988-09-17,10.1,0,0.08028986909763938,-1.0740032398250525,-1.5901865821714574,-1.4675879185656604,-1.0741693879093257,-0.11519865814624508,-0.26258332516848004
1988-09-18,10.0,0,-1.0737119184665156,-1.5899584659481374,-1.467302151495036,-1.0741871259179288,-0.11520453021110692,-0.26273283467562036,-0.2871760474084806
1988-09-19,9.8,0,-1.589329738441989,-1.467111983537879,-1.074071973330487,-0.1152726938390823,-0.262737585241602,-0.28732186409718286,-0.3363614918884815
1988-09-20,5.5,1,-1.466563590828781,-1.0740032398250525,-0.11557341405439915,-0.26279799108198165,-0.2873264277466845,-0.3364999229403078,-1.3938485482085063
1988-09-21,13.5,1,-1.0737119184665156,-0.11580067702503795,-0.2630347308661049,-0.28738554062246485,-0.3365041127568494,-1.393828188067498,0.5735692309915396
1988-09-22,16.6,0,-0.11613596708349355,-0.2632164559173478,-0.28761161700138915,-0.33656063970343114,-1.3938243404753985,0.5732941656575068,1.3359436204315578
1988-09-23,8.4,0,-0.263455344219343,-0.2877857523993994,-0.3367653892719576,-1.3938252699442109,0.5732830599312042,1.3355540777259465,-0.6806596032484896
1988-09-24,8.2,0,-0.2880085737419846,-0.3369243453635025,-1.393571493089183,0.5731786932944487,1.3355371775887632,-0.6807463348421837,-0.7298450477284911
1988-09-25,11.1,0,-0.33711503278726757,-1.393404094091724,0.5725793977335617,1.3353927290494296,-0.680747907828005,-0.7299243936853091,-0.016656102768474314
1988-09-26,10.8,0,-1.3929039022608565,0.5721396244724087,1.3344628679273756,-0.6807863332701967,-0.7299255928381703,-0.016842540459994747,-0.09043426948847577
1988-09-27,8.8,0,0.5713544595504713,1.3337878154160105,-0.680841795165938,-0.7299614323511634,-0.01684916019077669,-0.09060962872468217,-0.5822887142884873
1988-09-28,10.8,0,1.3325045747523612,-0.6808944961122259,-0.7299955674365068,-0.01692249567714924,-0.09061568770602403,-0.5823902171559334,-0.09043426948847577
1988-09-29,8.7,1,-0.68086024610425,-0.7300330890763295,-0.01726586951326183,-0.09068514429859871,-0.5823925378076747,-0.09060962872468217,-0.6068814365284882
1988-09-30,12.4,0,-0.7299667051495334,-0.017523491096831212,-0.09099652791911449,-0.5824361351082635,-0.09061568770602403,-0.6069792465774964,0.30304928635153333
1988-10-01,9.0,1,-0.017923048992927085,-0.09123138054298593,-0.5825342506248007,-0.09068514429859871,-0.6069813803127576,0.3028148420203187,-0.5331032698084863
1988-10-02,13.5,1,-0.09158273756085161,-0.5826173101840192,-0.09099652791911449,-0.6070236846487471,0.3028057923752964,-0.5332121583128084,0.5735692309915396
1988-10-03,14.7,0,-0.5826473280136836,-0.09123138054298593,-0.6071111367600853,0.3027156483491331,-0.5332148527975098,0.5732941656575068,0.8686818978715463
1988-10-04,10.9,0,-0.09158273756085161,-0.6071866066660712,0.30223365024543436,-0.5332610360272972,0.5732830599312042,0.8683625187162574,-0.0658415472484753
1988-10-05,8.5,0,-0.6072005575363255,0.30187736316984054,-0.5333804783542322,0.5731786932944487,0.8683491699921945,-0.0660205993031197,-0.6560668810084892
1988-10-06,6.0,1,0.3012689348014138,-0.533478717219916,0.5725793977335617,0.8682292877802474,-0.06602684520094158,-0.6561573054206212,-1.2708849370085036
1988-10-07,12.7,0,-0.5335408689684005,0.5721396244724087,0.8675020313569732,-0.06609759475811555,-0.6561590653229225,-1.2708830409596852,0.3768274530715348
1988-10-08,11.1,0,0.5713544595504713,0.8669711822570285,-0.06641964178383027,-0.6561987837297135,-1.270880127949986,0.37658193028500614,-0.016656102768474314
1988-10-09,8.7,1,0.8659932138221703,-0.06666208406093437,-0.6562649090306538,-1.2708875222417946,0.3765723198905438,-0.016842540459994747,-0.6068814365284882
1988-10-10,12.3,1,-0.0670295080382101,-0.6563251996301743,-1.2706870624127615,0.37647829697058255,-0.01684916019077669,-0.6069792465774964,0.27845656411153286
1988-10-11,13.3,0,-0.6563070165816085,-1.2705576116814659,0.37596430865128705,-0.01692249567714924,-0.6069813803127576,0.27822581259875623,0.5243837865115386
1988-10-12,5.6,1,-1.2701377546476484,0.3755852526159953,-0.01726586951326183,-0.6070236846487471,0.278216949870214,0.5241161068143819,-1.369255825968506
1988-10-13,13.7,0,0.37492862336933835,-0.017523491096831212,-0.6071111367600853,0.27812809880864997,0.5241053749210394,-1.3692391586459356,0.6227546754715405
1988-10-14,8.5,1,-0.017923048992927085,-0.6071866066660712,0.2776567641101501,0.5240035942134824,-1.369235497970316,0.6224722245006318,-0.6560668810084892
1988-10-15,11.2,0,-0.6072005575363255,0.27730806668778896,0.5234256254629932,-1.3692377204037276,0.6224607449413692,-0.6561573054206212,0.007936619471526173
1988-10-16,8.7,1,0.2767157052787723,0.5230010315083056,-1.3689946069538987,0.622353792375415,-0.6561590653229225,0.0077464889615677275,-0.6068814365284882
1988-10-17,11.7,1,0.5222480005051883,-1.3688347976096726,0.6217331700041301,-0.6561987837297135,0.007739682314305756,-0.6069792465774964,0.13090023067152906
1988-10-18,12.5,0,-1.3683506727382149,0.6212782174365119,-0.6562649090306538,0.007665053863333917,-0.6069813803127576,0.13069163606938053,0.3276420085915338
1988-10-19,8.2,1,0.6204609185957544,-0.6563251996301743,0.007311016622022392,-0.6070236846487471,0.13068389483971843,0.3274038714418812,-0.7298450477284911
1988-10-20,15.6,0,-0.6563070165816085,0.007045805385220361,-0.6071111367600853,0.13060280156575013,0.3273946348803789,-0.7299243936853091,1.0900163980315516
1988-10-21,10.3,1,0.0066301805297144245,-0.6071866066660712,0.13019544729844393,0.32730319788961626,-0.7299255928381703,1.0896637835103204,-0.21339788068847865
1988-10-22,11.4,0,-0.6072005575363255,0.12989228779547868,0.3268105363807186,-0.7299614323511634,1.0896487525379372,-0.21355477583249496,0.05712206395152759
1988-10-23,9.7,0,0.1293963281429224,0.3264466596518921,-0.7299955674365068,1.0895172336445966,-0.2135599002314367,0.05692454780469311,-0.36095421412848244
1988-10-24,6.3,1,0.32582216432405536,-0.7300330890763295,1.088694006574532,-0.21362289200101492,0.056917367324471085,-0.3610889523618707,-1.1971067702885019
1988-10-25,14.3,1,-0.7299667051495334,1.0880948505954935,-0.21388095859553605,0.05684015294430066,-0.36109295526193225,-1.1971159526949977,0.7703110089115444
1988-10-26,11.3,0,1.0869722795259447,-0.21407786295324424,0.056464788892591274,-0.36114818924391473,-1.1971136004347382,0.7700064010300075,0.0325293417115271
1988-10-27,7.3,1,-0.2143488851740596,0.05618439834932394,-0.36134227540724223,-1.1971248736203448,0.7699937999718647,0.03233551838313064,-0.9511795478884961
1988-10-28,12.8,1,0.05573663957499788,-0.36149364184555455,-1.1969564040069085,0.7698790896183149,0.03232852481938864,-0.951225658479372,0.40142017531153573
1988-10-29,11.9,1,-0.3616682623099095,-1.196849722235311,0.7691944868158364,0.03225260340381751,-0.9512251753839129,0.4011709597065691,0.18008567515153046
1988-10-30,14.3,1,-1.1964780660797236,0.7686939963288222,0.03188790275730705,-0.9512493782155125,0.40116116239562666,0.17986969491250593,0.7703110089115444
1988-10-31,11.6,1,0.7677802957316042,0.03161510186727237,-0.9511875426540655,0.40106584651106614,0.17986157984988377,0.7700064010300075,0.10630750843152856
1988-11-01,13.2,1,0.03118341005235637,-0.9511567574147943,0.4005411947865717,0.1797779006467169,0.7699937999718647,0.10610260664781807,0.4997910642715377
1988-11-02,15.5,1,-0.9509457708533077,0.40015454909804726,0.1793492195690128,0.7698790896183149,0.10609505233463598,0.49952707739281893,1.0654236757915512
1988-11-03,14.1,0,0.3994818528919803,0.17903088075958226,0.7691944868158364,0.10601525202526697,0.49951653241595645,1.065074754088758,0.721125564431543
1988-11-04,9.5,0,0.17850278718820586,0.7686939963288222,0.10561856116315971,0.49941604467299877,1.0650599100328548,0.7208283421868821,-0.41013965860848345
1988-11-05,7.2,1,0.7677802957316042,0.1053229913134271,0.49884873932770857,1.0649296841041136,0.7208161149616994,-0.41026701120499565,-0.9757722701284967
1988-11-06,11.8,1,0.10484309862028089,0.4984317350262536,1.0641171204392479,0.720703990537348,-0.41027064027209714,-0.9758146879009345,0.15549295291152998
1988-11-07,16.8,1,0.49769477098254633,1.0635255541134419,0.7200407145452674,-0.410323288324881,-0.9758140178889954,0.15528066549094344,1.3851290649115586
1988-11-08,12.5,0,1.0624190500033033,0.7195554033647186,-0.41049604767781067,-0.9758369277559956,0.15527273734480132,1.3847321365690715,0.3276420085915338
1988-11-09,9.4,1,0.7186738366863208,-0.4106322348096577,-0.9757644287893498,0.15519035110623372,1.384714862598928,0.3274038714418812,-0.4347323808484839
1988-11-10,11.9,0,-0.41077472135519255,-0.9757260538968459,0.1547723334337286,1.384567828130396,0.3273946348803789,-0.43485604062655814,0.18008567515153046
1988-11-11,10.3,1,-0.9754990003759492,0.15446158427753068,1.383616640197944,0.32730319788961626,-0.4348594827771796,0.17986969491250593,-0.21339788068847865
1988-11-12,16.9,1,0.15394955766556434,1.3829264083801138,0.3268105363807186,-0.4349108378653642,0.17986157984988377,-0.21355477583249496,1.4097217871515588
1988-11-13,17.5,0,1.3816110337976442,0.3264466596518921,-0.4350729338130949,0.1797779006467169,-0.2135599002314367,1.4093211659906335,1.5572781205915627
1988-11-14,7.5,0,0.32582216432405536,-0.4352015312917093,0.1793492195690128,-0.21362289200101492,1.40930370510401,1.5568553425200093,-0.901994103408495
1988-11-15,8.6,0,-0.43532795087783405,0.17903088075958226,-0.21388095859553605,1.4091553776708787,1.5568367601345057,-0.9020475996362469,-0.6314741587684887
1988-11-16,11.1,1,0.17850278718820586,-0.21407786295324424,1.408193526333228,1.5566806749137785,-0.9020474903737479,-0.6315682759990587,-0.016656102768474314
1988-11-17,11.5,0,-0.2143488851740596,1.4074957048621648,1.555654843144934,-0.902074279134546,-0.63157022281784,-0.016842540459994747,0.08171478619152807
1988-11-18,10.7,1,1.4061642633202853,1.554911483754475,-0.9020337703834969,-0.6316112341892304,-0.01684916019077669,0.08151357722625559,-0.1150269917284767
1988-11-19,15.7,1,1.5534836404561352,-0.9020181644506909,-0.6316880228953695,-0.01692249567714924,0.08150620982955353,-0.11519865814624508,1.114609120271552
1988-11-20,12.8,1,-0.9018393118080245,-0.6317559031481227,-0.01726586951326183,0.08142770248478383,-0.11520453021110692,1.114252812931883,0.40142017531153573
1988-11-21,13.0,1,-0.631753787058967,-0.017523491096831212,0.08104167502787549,-0.1152726938390823,1.11423759504302,0.4011709597065691,0.4506056197915367
1988-11-22,12.9,1,-0.017923048992927085,0.08075369483137552,-0.11557341405439915,1.1141047831850799,0.40116116239562666,0.450349018549694,0.4260128975515362
1988-11-23,14.3,1,0.08028986909763938,-0.11580067702503795,1.1132708927098163,0.40106584651106614,0.45033884740579155,0.4257599891281315,0.7703110089115444
1988-11-24,13.7,1,-0.11613596708349355,1.1126641470775451,0.4005411947865717,0.4502409455920325,0.4257500049007091,0.7700064010300075,0.6227546754715405
1988-11-25,12.1,1,1.1115255090485863,0.40015454909804726,0.4496949670571401,0.42565339605154934,0.7699937999718647,0.6224722245006318,0.22927111963153143
1988-11-26,11.9,1,0.3994818528919803,0.44929314206215043,0.4251180809218559,0.7698790896183149,0.6224607449413692,0.22904775375563086,0.18008567515153046
1988-11-27,11.8,1,0.44858831193726334,0.42472384558009885,0.7691944868158364,0.622353792375415,0.22903926486004866,0.17986969491250593,0.15549295291152998
1988-11-28,11.4,0,0.42403508241462184,0.7686939963288222,0.6217331700041301,0.2289529997276832,0.17986157984988377,0.15528066549094344,0.05712206395152759
1988-11-29,10.3,1,0.7677802957316042,0.6212782174365119,0.22850299183958125,0.1797779006467169,0.15527273734480132,0.05692454780469311,-0.21339788068847865
1988-11-30,11.7,1,0.6204609185957544,0.2281694737236854,0.1793492195690128,0.15519035110623372,0.056917367324471085,-0.21355477583249496,0.13090023067152906
1988-12-01,12.0,1,0.22760924623348888,0.17903088075958226,0.1547723334337286,0.05684015294430066,-0.2135599002314367,0.13069163606938053,0.20467839739153096
1988-12-02,17.4,1,0.17850278718820586,0.15446158427753068,0.056464788892591274,-0.21362289200101492,0.13068389483971843,0.2044587243340684,1.5326853983515616
1988-12-03,16.8,1,0.15394955766556434,0.05618439834932394,-0.21388095859553605,0.13060280156575013,0.20445042235496622,1.5322663130984464,1.3851290649115586
1988-12-04,16.2,1,0.05573663957499788,-0.21407786295324424,0.13019544729844393,0.20436545018720004,1.5322479176294228,1.3847321365690715,1.237572731471555
1988-12-05,13.0,1,-0.2143488851740596,0.12989228779547868,0.20392610570429703,1.5320931253732948,1.384714862598928,1.2371979600396958,0.4506056197915367
1988-12-06,12.5,1,0.1293963281429224,0.20360017724163382,1.5310779570096493,1.384567828130396,1.2371818075684324,0.450349018549694,0.3276420085915338
1988-12-07,12.4,1,0.20305601671084736,1.5303421872724232,1.383616640197944,1.2370425308874962,0.45033884740579155,0.3274038714418812,0.30304928635153333
1988-12-08,16.1,1,1.5289304109334931,1.3829264083801138,1.236155323386238,0.4502409455920325,0.3273946348803789,0.3028148420203187,1.2129800092315548
1988-12-09,20.2,1,1.3816110337976442,1.2355106294878033,0.4496949670571401,0.32730319788961626,0.3028057923752964,1.2126089306181338,2.221281621071578
1988-12-10,14.3,0,1.2342916566617943,0.44929314206215043,0.3268105363807186,0.3027156483491331,1.2125929650633505,2.220759136902198,0.7703110089115444
1988-12-11,11.0,1,0.44858831193726334,0.3264466596518921,0.30223365024543436,1.2124549813470133,2.220735507771734,0.7700064010300075,-0.0412488250084748
1988-12-12,14.4,1,0.32582216432405536,0.30187736316984054,1.2115784372509542,2.2205445125068257,0.7699937999718647,-0.041431569881557224,0.7949037311515448
1988-12-13,15.7,1,0.3012689348014138,1.2109413330057524,2.21923076879761,0.7698790896183149,-0.041438002695859136,0.79459543045157,1.114609120271552
1988-12-14,19.7,1,1.2097384271391531,2.2182824887698698,0.7691944868158364,-0.041510045217632394,0.7945826424769471,1.114252812931883,2.098318009871575
1988-12-15,20.7,1,2.216420837567458,0.7686939963288222,-0.04184275564854605,0.794466639158798,1.11423759504302,2.0978139897943855,2.344245232271581
1988-12-16,23.9,1,0.7677802957316042,-0.04209278757888279,0.7937713729511205,1.1141047831850799,2.097791295246321,2.343704284010011,3.131212343951599
1988-12-17,16.6,1,-0.042476278515568594,0.7932632928108738,1.1132708927098163,2.0976067648044094,2.3436797202971467,3.130553225500013,1.3359436204315578
1988-12-18,17.5,1,0.7923335252542457,1.1126641470775451,2.0963463381211884,2.343482260209242,3.1305226804597877,1.3355540777259465,1.5572781205915627
1988-12-19,14.9,1,1.1115255090485863,2.0954360063596114,2.3421151994740317,3.1302838455047057,1.3355371775887632,1.5568553425200093,0.9178673423515477
1988-12-20,13.6,1,2.09365468995425,2.341128971180128,3.1285755558031294,1.3353927290494296,1.5568367601345057,0.9175405775593828,0.5981619532315401
1988-12-21,11.9,1,2.339186985180666,3.127346458605781,1.3344628679273756,1.5566806749137785,0.9175268550023598,0.5978831950790693,0.18008567515153046
1988-12-22,15.2,1,3.124890329905197,1.3337878154160105,1.555654843144934,0.9174043868612142,0.5978719024362866,0.17986969491250593,0.9916455090715491
1988-12-23,17.3,1,1.3325045747523612,1.554911483754475,0.9166558036275421,0.5977662428349318,0.17986157984988377,0.9913076658240701,1.5080926761115616
1988-12-24,19.8,1,1.5534836404561352,0.9161097752211321,0.5971562838688459,0.1797779006467169,0.9912933825176071,1.5076772836768844,2.122910732111576
1988-12-25,15.8,0,0.9150996728674538,0.5967089209544603,0.1793492195690128,0.9911670354826636,1.5076590751243406,2.122403019215948,1.1392018425115529
1988-12-26,9.5,1,0.5959076890731129,0.17903088075958226,0.9903864620333948,1.5075055758328122,2.122380137751404,1.1388418423534459,-0.41013965860848345
1988-12-27,12.9,1,0.17850278718820586,0.9898176646672868,1.5065010708743656,2.122194314344893,1.1388264375481028,-0.41026701120499565,0.4260128975515362
1988-12-28,12.9,1,0.9887593614353782,1.505772890790372,2.1209232242564733,1.1386923327255634,-0.41027064027209714,0.4257599891281315,0.4260128975515362
1988-12-29,14.8,1,1.5043771814108522,2.1200053028416637,1.137847778845101,-0.410323288324881,0.4257500049007091,0.4257599891281315,0.8932746201115472
1988-12-30,14.1,1,2.118207919476892,1.1372334435595972,-0.41049604767781067,0.42565339605154934,0.4257500049007091,0.8929515481378203,0.721125564431543
1989-01-01,14.3,1,1.136078738571228,-0.4106322348096577,0.4251180809218559,0.42565339605154934,0.8929380124972773,0.7208283421868821,0.7703110089115444
1989-01-02,17.4,1,-0.41077472135519255,0.42472384558009885,0.4251180809218559,0.892816837320731,0.7208161149616994,0.7700064010300075,1.5326853983515616
1989-01-03,18.5,1,0.42403508241462184,0.42472384558009885,0.8920789174922579,0.720703990537348,0.7699937999718647,1.5322663130984464,1.8032053429915684
1989-01-04,16.8,1,0.42403508241462184,0.8915404787390805,0.7200407145452674,0.7698790896183149,1.5322479176294228,1.802745636735635,1.3851290649115586
1989-01-05,11.5,0,0.8905464433448123,0.7195554033647186,0.7691944868158364,1.5320931253732948,1.802725185185331,1.3847321365690715,0.08171478619152807
1989-01-06,9.5,1,0.7186738366863208,0.7686939963288222,1.5310779570096493,1.8025561703186108,1.384714862598928,0.08151357722625559,-0.41013965860848345
1989-01-07,12.2,1,0.7677802957316042,1.5303421872724232,1.801423704497777,1.384567828130396,0.08150620982955353,-0.41026701120499565,0.25386384187153194
1989-01-08,15.7,1,1.5289304109334931,1.8006044485749917,1.383616640197944,0.08142770248478383,-0.41027064027209714,0.25363678317719335,1.114609120271552
1989-01-09,16.3,1,1.799015935682551,1.3829264083801138,0.08104167502787549,-0.410323288324881,0.2536281073651311,1.114252812931883,1.2621654537115559
1989-01-10,13.6,1,1.3816110337976442,0.08075369483137552,-0.41049604767781067,0.2535405492681663,1.11423759504302,1.2617869894612588,0.5981619532315401
1989-01-11,12.6,1,0.08028986909763938,-0.4106322348096577,0.2530798779748655,1.1141047831850799,1.2617706500735153,0.5978831950790693,0.35223473083153434
1989-01-12,13.8,1,-0.41077472135519255,0.252738770205737,1.1132708927098163,1.2616300804279796,0.5978719024362866,0.3519929008634437,0.6473473977115415
1989-01-13,12.1,1,0.2521624757561304,1.1126641470775451,1.2607322095215225,0.5977662428349318,0.3519834773854613,0.6470612539221947,0.22927111963153143
1989-01-14,13.4,1,1.1115255090485863,1.2600799259698554,0.5971562838688459,0.3518907474300994,0.647049587446452,0.22904775375563086,0.5489765087515391
1989-01-15,17.3,1,1.2588448861844361,0.5967089209544603,0.3513874225160028,0.6469413419158986,0.22903926486004866,0.5487051362359443,1.5080926761115616
1989-01-16,19.4,1,0.5959076890731129,0.3510159561339437,0.6463100561394147,0.2289529997276832,0.5486942174261218,1.5076772836768844,2.0245398431515733
1989-01-17,16.6,1,0.35037539384669686,0.6458475139185639,0.22850299183958125,0.5485911437539656,1.5076590751243406,2.024046901529698,1.3359436204315578
1989-01-18,13.9,1,0.6450141481183963,0.2281694737236854,0.5480025115982774,1.5075055758328122,2.024024767731073,1.3355540777259465,0.671940119951542
1989-01-19,13.1,1,0.22760924623348888,0.5475703279903572,1.5065010708743656,2.0238441161829597,1.3355371775887632,0.6716502833437572,0.47519834203153716
1989-01-20,16.0,1,0.5468012300278298,1.505772890790372,2.0226156797153356,1.3353927290494296,0.6716384299515344,0.4749380479712565,1.188387286991554
1989-01-21,14.5,1,1.5043771814108522,2.021728116913456,1.3344628679273756,0.6715288914563817,0.474927689910874,1.1880199011965709,0.8194964533915453
1989-01-22,15.0,1,2.019995001386325,1.3337878154160105,0.670886942274699,0.4748284951325156,1.1880041225582676,0.8191844598731324,0.9424600645915482
1989-01-23,12.6,1,1.3325045747523612,0.6704168104006155,0.4742718531924243,1.1878674318065299,0.8191714849820295,0.9421296069809453,0.35223473083153434
1989-01-24,12.5,1,0.6695673776410378,0.473862438544202,1.1870015511156693,0.8190541886992811,0.9421156975074423,0.3519929008634437,0.3276420085915338
1989-01-25,15.2,1,0.47314154145990484,1.1863720365237003,0.8183482590864047,0.9419919364016973,0.3519834773854613,0.3274038714418812,0.9916455090715491
1989-01-26,16.2,1,1.1851851976165113,0.8178325892929253,0.9412326897628263,0.3518907474300994,0.3273946348803789,0.9913076658240701,1.237572731471555
1989-01-27,16.5,1,0.8168867547768872,0.9406790717031837,0.3513874225160028,0.32730319788961626,0.9912933825176071,1.2371979600396958,1.311350898191557
1989-01-28,20.1,1,0.9396529023900952,0.3510159561339437,0.3268105363807186,0.9911670354826636,1.2371818075684324,1.3109650483043838,2.196688898831578
1989-01-29,20.6,1,0.35037539384669686,0.3264466596518921,0.9903864620333948,1.2370425308874962,1.3109483350836804,2.1961701074806363,2.3196525100315806
1989-01-30,16.9,1,0.32582216432405536,0.9898176646672868,1.236155323386238,1.310805179508946,2.1961466652666517,2.319115254588449,1.4097217871515588
1989-01-31,16.5,1,0.9887593614353782,1.2355106294878033,1.309885981792091,2.195956962966343,2.3190908777920645,1.4093211659906335,1.311350898191557
1989-02-01,16.1,1,1.2342916566617943,1.3092185189339585,2.1946538826623265,2.318894710668759,1.40930370510401,1.3109650483043838,1.2129800092315548
1989-02-02,14.4,1,1.3079513452297191,2.193713192287819,2.317538313338748,1.4091553776708787,1.3109483350836804,1.2126089306181338,0.7949037311515448
1989-02-03,16.3,1,2.191867608044817,2.316559674698077,1.408193526333228,1.310805179508946,1.2125929650633505,0.79459543045157,1.2621654537115559
1989-02-04,15.7,1,2.3146337556580248,1.4074957048621648,1.309885981792091,1.2124549813470133,0.7945826424769471,1.2617869894612588,1.114609120271552
1989-02-05,14.2,1,1.4061642633202853,1.3092185189339585,1.2115784372509542,0.794466639158798,1.2617706500735153,1.114252812931883,0.7457182866715434
1989-02-06,13.2,1,1.3079513452297191,1.2109413330057524,0.7937713729511205,1.2616300804279796,1.11423759504302,0.7454173716084446,0.4997910642715377
1989-02-07,16.8,1,1.2097384271391531,0.7932632928108738,1.2607322095215225,1.1141047831850799,0.7454049574667818,0.49952707739281893,1.3851290649115586
1989-02-08,18.5,1,0.7923335252542457,1.2600799259698554,1.1132708927098163,0.7452915400778313,0.49951653241595645,1.3847321365690715,1.8032053429915684
1989-02-09,16.7,1,1.2588448861844361,1.1126641470775451,0.7446176006805516,0.49941604467299877,1.384714862598928,1.802745636735635,1.3605363426715578
1989-02-10,15.3,1,1.1115255090485863,0.7441246998467702,0.49884873932770857,1.384567828130396,1.802725185185331,1.3601431071475085,1.01623823131155
1989-02-11,15.9,1,0.7432270662089623,0.4984317350262536,1.383616640197944,1.8025561703186108,1.3601260200938452,1.0158966952456332,1.1637945647515535
1989-02-12,15.2,1,0.49769477098254633,1.3829264083801138,1.801423704497777,1.3599802785899122,1.01588222502269,1.1634308717750084,0.9916455090715491
1989-02-13,17.5,1,1.3816110337976442,1.8006044485749917,1.3590397540626593,1.0157545850231473,1.1634152800531852,0.9913076658240701,1.5572781205915627
1989-02-14,18.3,1,1.799015935682551,1.3583571118980617,1.0149633481686795,1.1632798822660466,0.9912933825176071,1.5568553425200093,1.7540198985115674
1989-02-15,19.4,1,1.357057804275002,1.0143869611493388,1.162424664980385,0.9911670354826636,1.5568367601345057,1.75356757789251,2.0245398431515733
1989-02-16,19.4,1,1.0133125909580203,1.1618027400416486,0.9903864620333948,1.5566806749137785,1.7535475001751661,2.024046901529698,2.0245398431515733
1989-02-17,19.5,1,1.1606319680938697,0.9898176646672868,1.555654843144934,1.7533810712376445,2.024024767731073,2.024046901529698,2.049132565391574
1989-02-18,20.5,1,0.9887593614353782,1.554911483754475,1.7522699322272086,2.0238441161829597,2.024024767731073,2.0486359309512605,2.2950597877915797
1989-02-19,15.7,1,1.5534836404561352,1.7514658556108886,2.0226156797153356,2.0238441161829597,2.0486136102361563,2.2945262251668863,1.114609120271552
1989-02-20,15.0,1,1.749909476637268,2.021728116913456,2.0226156797153356,2.0484316657234434,2.294502035286982,1.114252812931883,0.9424600645915482
1989-02-21,16.1,1,2.019995001386325,2.021728116913456,2.04719256585062,2.294307161128276,1.11423759504302,0.9421296069809453,1.2129800092315548
1989-02-22,14.3,1,2.019995001386325,2.0462974133955085,2.2929614272034633,1.1141047831850799,0.9421156975074423,1.2126089306181338,0.7703110089115444
1989-02-23,13.0,1,2.044548230908967,2.291990378216025,1.1132708927098163,0.9419919364016973,1.2125929650633505,0.7700064010300075,0.4506056197915367
1989-02-24,16.2,1,2.290080526135383,1.1126641470775451,0.9412326897628263,1.2124549813470133,0.7699937999718647,0.450349018549694,1.237572731471555
1989-02-25,17.7,1,1.1115255090485863,0.9406790717031837,1.2115784372509542,0.7698790896183149,0.45033884740579155,1.2371979600396958,1.6064635650715635
1989-02-26,13.2,1,0.9396529023900952,1.2109413330057524,0.7691944868158364,0.4502409455920325,1.2371818075684324,1.6060334013631343,0.4997910642715377
1989-02-27,15.8,1,1.2097384271391531,0.7686939963288222,0.4496949670571401,1.2370425308874962,1.6060144451446705,0.49952707739281893,1.1392018425115529
1989-02-28,18.5,1,0.7677802957316042,0.44929314206215043,1.236155323386238,1.6058557739947448,0.49951653241595645,1.1388418423534459,1.8032053429915684
1989-03-01,20.4,1,0.44858831193726334,1.2355106294878033,1.6048086154155023,0.49941604467299877,1.1388264375481028,1.802745636735635,2.270467065551579
1989-03-02,22.0,1,1.2342916566617943,1.6040500767185784,0.49884873932770857,1.1386923327255634,1.802725185185331,2.269937195745323,2.6639506213915882
1989-03-03,19.7,1,1.6025900995014182,0.4984317350262536,1.137847778845101,1.8025561703186108,2.2699131927818987,2.6633616664903244,2.098318009871575
1989-03-04,19.6,1,0.49769477098254633,1.1372334435595972,1.801423704497777,2.2697196115877922,2.6633346728632197,2.0978139897943855,2.073725287631575
1989-03-05,20.3,1,1.136078738571228,1.8006044485749917,2.2683845410681784,2.6631204042355243,2.097791295246321,2.0732249603728232,2.245874343311579
1989-03-06,18.3,1,1.799015935682551,2.267421081733973,2.6616147192327277,2.0976067648044094,2.0732024527412394,2.2453481663237613,1.7540198985115674
1989-03-07,18.9,1,2.265527296612741,2.6605298254467997,2.0963463381211884,2.073019215263927,2.2453243502768165,1.75356757789251,1.9015762319515703
1989-03-08,20.3,1,2.658378968975007,2.0954360063596114,2.071769451985905,2.2451320620473094,1.7535475001751661,1.901101754421885,2.245874343311579
1989-03-09,21.4,1,2.09365468995425,2.0708667098775604,2.243807654932895,1.7533810712376445,1.9010805552056607,2.2453481663237613,2.516394287951585
1989-03-10,18.3,1,2.069101460431609,2.2428517852519216,1.7522699322272086,1.9009063684805434,2.2453243502768165,2.515827489960949,1.7540198985115674
1989-03-11,17.8,1,2.2409740670901,1.7514658556108886,1.899731249038914,2.2451320620473094,2.5158016178327243,1.75356757789251,1.6310562873115644
1989-03-12,17.7,1,1.749909476637268,1.898881634503198,2.243807654932895,2.515595106992625,1.7535475001751661,1.630622430784697,1.6064635650715635
1989-03-13,12.8,1,1.8972288537731172,2.2428517852519216,2.5141534024210217,1.7533810712376445,1.6306032876497534,1.6060334013631343,0.40142017531153573
1989-03-14,15.1,1,2.2409740670901,2.5131140465544894,1.7522699322272086,1.6304433235352283,1.6060144451446705,0.4011709597065691,0.9670527868315487
1989-03-15,15.0,1,2.511059591839157,1.7514658556108886,1.6293855015507872,1.6058557739947448,0.40116116239562666,0.9667186364025077,0.9424600645915482
1989-03-16,14.8,1,1.749909476637268,1.6286193732006302,1.6048086154155023,0.40106584651106614,0.9667045400125247,0.9421296069809453,0.8932746201115472
1989-03-17,12.0,1,1.62714332902406,1.6040500767185784,0.4005411947865717,0.9665794859421805,0.9421156975074423,0.8929515481378203,0.20467839739153096
1989-03-18,12.5,1,1.6025900995014182,0.40015454909804726,0.9658095758981106,0.9419919364016973,0.8929380124972773,0.2044587243340684,0.3276420085915338
1989-03-19,15.0,1,0.3994818528919803,0.9652483681852352,0.9412326897628263,0.892816837320731,0.20445042235496622,0.3274038714418812,0.9424600645915482
1989-03-20,17.1,1,0.9642061319127367,0.9406790717031837,0.8920789174922579,0.20436545018720004,0.3273946348803789,0.9421296069809453,1.4589072316315606
1989-03-21,17.3,1,0.9396529023900952,0.8915404787390805,0.20392610570429703,0.32730319788961626,0.9421156975074423,1.4584992248337594,1.5080926761115616
1989-03-22,16.9,1,0.8905464433448123,0.20360017724163382,0.3268105363807186,0.9419919364016973,1.4584813901141758,1.5076772836768844,1.4097217871515588
1989-03-23,16.5,1,0.20305601671084736,0.3264466596518921,0.9412326897628263,1.458330476751846,1.5076590751243406,1.4093211659906335,1.311350898191557
1989-03-24,13.6,1,0.32582216432405536,0.9406790717031837,1.4573472986037972,1.5075055758328122,1.40930370510401,1.3109650483043838,0.5981619532315401
1989-03-25,13.2,0,0.9396529023900952,1.456634297826269,1.5065010708743656,1.4091553776708787,1.3109483350836804,0.5978831950790693,0.4997910642715377
1989-03-26,9.4,0,1.4552707223655692,1.505772890790372,1.408193526333228,1.310805179508946,0.5978719024362866,0.49952707739281893,-0.4347323808484839
1989-03-27,9.5,1,1.5043771814108522,1.4074957048621648,1.309885981792091,0.5977662428349318,0.49951653241595645,-0.43485604062655814,-0.41013965860848345
1989-03-28,11.8,0,1.4061642633202853,1.3092185189339585,0.5971562838688459,0.49941604467299877,-0.4348594827771796,-0.41026701120499565,0.15549295291152998
1989-03-29,10.4,0,1.3079513452297191,0.5967089209544603,0.49884873932770857,-0.4349108378653642,-0.41027064027209714,0.15528066549094344,-0.18880515844847817
1989-03-30,9.7,1,0.5959076890731129,0.4984317350262536,-0.4350729338130949,-0.410323288324881,0.15527273734480132,-0.1889657464109325,-0.36095421412848244
1989-03-31,12.6,1,0.49769477098254633,-0.4352015312917093,-0.41049604767781067,0.15519035110623372,-0.18897105772635425,-0.3610889523618707,0.35223473083153434
1989-04-01,13.3,1,-0.43532795087783405,-0.4106322348096577,0.1547723334337286,-0.18903534246053177,-0.36109295526193225,0.3519929008634437,0.5243837865115386
1989-04-02,15.1,1,-0.41077472135519255,0.15446158427753068,-0.18930407246025183,-0.36114818924391473,0.3519834773854613,0.5241161068143819,0.9670527868315487
1989-04-03,14.2,1,0.15394955766556434,-0.18950856647119266,-0.36134227540724223,0.3518907474300994,0.5241053749210394,0.9667186364025077,0.7457182866715434
1989-04-04,14.2,1,-0.1897956556514181,-0.36149364184555455,0.3513874225160028,0.5240035942134824,0.9667045400125247,0.7454173716084446,0.7457182866715434
1989-04-05,19.2,1,-0.3616682623099095,0.3510159561339437,0.5234256254629932,0.9665794859421805,0.7454049574667818,0.7454173716084446,1.9753543986715723
1989-04-06,12.6,1,0.35037539384669686,0.5230010315083056,0.9658095758981106,0.7452915400778313,0.7454049574667818,1.9748688426865726,0.35223473083153434
1989-04-07,14.2,1,0.5222480005051883,0.9652483681852352,0.7446176006805516,0.7452915400778313,1.9748470827209086,0.3519929008634437,0.7457182866715434
1989-04-08,11.9,1,0.9642061319127367,0.7441246998467702,0.7446176006805516,1.9746690171019934,0.3519834773854613,0.7454173716084446,0.18008567515153046
1989-04-09,13.9,1,0.7432270662089623,0.7441246998467702,1.973461907444767,0.3518907474300994,0.7454049574667818,0.17986969491250593,0.671940119951542
1989-04-10,13.5,1,0.7432270662089623,1.9725895239493532,0.3513874225160028,0.7452915400778313,0.17986157984988377,0.6716502833437572,0.5735692309915396
1989-04-11,15.3,1,1.970888542341042,0.3510159561339437,0.7446176006805516,0.1797779006467169,0.6716384299515344,0.5732941656575068,1.01623823131155
1989-04-12,13.9,1,0.35037539384669686,0.7441246998467702,0.1793492195690128,0.6715288914563817,0.5732830599312042,1.0158966952456332,0.671940119951542
1989-04-13,14.0,1,0.7432270662089623,0.17903088075958226,0.670886942274699,0.5731786932944487,1.01588222502269,0.6716502833437572,0.6965328421915424
1989-04-14,12.9,0,0.17850278718820586,0.6704168104006155,0.5725793977335617,1.0157545850231473,0.6716384299515344,0.6962393127653196,0.4260128975515362
1989-04-15,8.5,1,0.6695673776410378,0.5721396244724087,1.0149633481686795,0.6715288914563817,0.6962272724566169,0.4257599891281315,-0.6560668810084892
1989-04-16,11.4,0,0.5713544595504713,1.0143869611493388,0.670886942274699,0.6961164409968649,0.4257500049007091,-0.6561573054206212,0.05712206395152759
1989-04-17,10.9,1,1.0133125909580203,0.6704168104006155,0.6954638284099832,0.42565339605154934,-0.6561590653229225,0.05692454780469311,-0.0658415472484753
1989-04-18,12.0,0,0.6695673776410378,0.694986106882667,0.4251180809218559,-0.6561987837297135,0.056917367324471085,-0.0660205993031197,0.20467839739153096
1989-04-19,8.6,0,0.6941206071636793,0.42472384558009885,-0.6562649090306538,0.05684015294430066,-0.06602684520094158,0.2044587243340684,-0.6314741587684887
1989-04-20,9.0,0,0.42403508241462184,-0.6563251996301743,0.056464788892591274,-0.06609759475811555,0.20445042235496622,-0.6315682759990587,-0.5331032698084863
1989-04-21,9.6,0,-0.6563070165816085,0.05618439834932394,-0.06641964178383027,0.20436545018720004,-0.63157022281784,-0.5332121583128084,-0.3855469363684829
1989-04-22,10.2,0,0.05573663957499788,-0.06666208406093437,0.20392610570429703,-0.6316112341892304,-0.5332148527975098,-0.38567798178343315,-0.23799060292847957
1989-04-23,9.8,0,-0.0670295080382101,0.20360017724163382,-0.6316880228953695,-0.5332610360272972,-0.3856817977670147,-0.2381438052540579,-0.3363614918884815
1989-04-24,8.3,0,0.20305601671084736,-0.6317559031481227,-0.5333804783542322,-0.3857357387843979,-0.2381487427365196,-0.3364999229403078,-0.7052523254884902
1989-04-25,11.0,1,-0.631753787058967,-0.533478717219916,-0.3859191615425265,-0.2382104415414985,-0.3365041127568494,-0.7053353642637462,-0.0412488250084748
1989-04-26,11.9,1,-0.5335408689684005,-0.38606293832760613,-0.23845784473082068,-0.33656063970343114,-0.7053367503330874,-0.041431569881557224,0.18008567515153046
1989-04-27,14.0,1,-0.386221491832551,-0.23864715943529624,-0.3367653892719576,-0.7053738828106798,-0.041438002695859136,0.17986969491250593,0.6965328421915424
1989-04-28,15.8,1,-0.23890211469670153,-0.3369243453635025,-0.7054186813012222,-0.041510045217632394,0.17986157984988377,0.6962393127653196,1.1392018425115529
1989-04-29,14.5,1,-0.33711503278726757,-0.7054637925942775,-0.04184275564854605,0.1797779006467169,0.6962272724566169,1.1388418423534459,0.8194964533915453
1989-04-30,13.2,1,-0.7054134756268915,-0.04209278757888279,0.1793492195690128,0.6961164409968649,1.1388264375481028,0.8191844598731324,0.4997910642715377
1989-05-01,14.2,1,-0.042476278515568594,0.17903088075958226,0.6954638284099832,1.1386923327255634,0.8191714849820295,0.49952707739281893,0.7457182866715434
1989-05-02,14.6,1,0.17850278718820586,0.694986106882667,1.137847778845101,0.8190541886992811,0.49951653241595645,0.7454173716084446,0.8440891756315458
1989-05-03,11.8,1,0.6941206071636793,1.1372334435595972,0.8183482590864047,0.49941604467299877,0.7454049574667818,0.8437734892946949,0.15549295291152998
1989-05-04,14.4,0,1.136078738571228,0.8178325892929253,0.49884873932770857,0.7452915400778313,0.843760327487112,0.15528066549094344,0.7949037311515448
1989-05-05,10.4,0,0.8168867547768872,0.4984317350262536,0.7446176006805516,0.8436417382397643,0.15527273734480132,0.79459543045157,-0.18880515844847817
1989-05-06,10.3,0,0.49769477098254633,0.7441246998467702,0.8429251452216889,0.15519035110623372,0.7945826424769471,-0.1889657464109325,-0.21339788068847865
1989-05-07,10.8,0,0.7432270662089623,0.8424018857749769,0.1547723334337286,0.794466639158798,-0.18897105772635425,-0.21355477583249496,-0.09043426948847577
1989-05-08,10.5,0,0.8414399842995288,0.15446158427753068,0.7937713729511205,-0.18903534246053177,-0.2135599002314367,-0.09060962872468217,-0.16421243620847767
1989-05-09,9.5,1,0.15394955766556434,0.7932632928108738,-0.18930407246025183,-0.21362289200101492,-0.09061568770602403,-0.16437671698937004,-0.41013965860848345
1989-05-10,12.5,1,0.7923335252542457,-0.18950856647119266,-0.21388095859553605,-0.09068514429859871,-0.1643822152212718,-0.41026701120499565,0.3276420085915338
1989-05-11,13.7,1,-0.1897956556514181,-0.21407786295324424,-0.09099652791911449,-0.1644477929200486,-0.41027064027209714,0.3274038714418812,0.6227546754715405
1989-05-12,12.7,1,-0.2143488851740596,-0.09123138054298593,-0.1647271863249676,-0.410323288324881,0.3273946348803789,0.6224722245006318,0.3768274530715348
1989-05-13,11.9,1,-0.09158273756085161,-0.1649392699891411,-0.41049604767781067,0.32730319788961626,0.6224607449413692,0.37658193028500614,0.18008567515153046
1989-05-14,11.4,0,-0.16524242612877657,-0.4106322348096577,0.3268105363807186,0.622353792375415,0.3765723198905438,0.17986969491250593,0.05712206395152759
1989-05-15,9.7,0,-0.41077472135519255,0.3264466596518921,0.6217331700041301,0.37647829697058255,0.17986157984988377,0.05692454780469311,-0.36095421412848244
1989-05-16,8.3,0,0.32582216432405536,0.6212782174365119,0.37596430865128705,0.1797779006467169,0.056917367324471085,-0.3610889523618707,-0.7052523254884902
1989-05-17,8.1,1,0.6204609185957544,0.3755852526159953,0.1793492195690128,0.05684015294430066,-0.36109295526193225,-0.7053353642637462,-0.7544377699684915
1989-05-18,11.7,1,0.37492862336933835,0.17903088075958226,0.056464788892591274,-0.36114818924391473,-0.7053367503330874,-0.7545134231068716,0.13090023067152906
1989-05-19,11.6,0,0.17850278718820586,0.05618439834932394,-0.36134227540724223,-0.7053738828106798,-0.7545144353432527,0.13069163606938053,0.10630750843152856
1989-05-20,7.4,0,0.05573663957499788,-0.36149364184555455,-0.7054186813012222,-0.7545489818916465,0.13068389483971843,0.10610260664781807,-0.9265868256484954
1989-05-21,5.2,0,-0.3616682623099095,-0.7054637925942775,-0.754572453571791,0.13060280156575013,0.10609505233463598,-0.9266366290578093,-1.467626714928508
1989-05-22,11.0,0,-0.7054134756268915,-0.754602385558381,0.13019544729844393,0.10601525202526697,-0.9266363328788303,-1.4675952763321858,-0.0412488250084748
1989-05-23,9.5,0,-0.7545199346721749,0.12989228779547868,0.10561856116315971,-0.9266618286750291,-1.4675908679906462,-0.041431569881557224,-0.41013965860848345
1989-05-24,9.2,0,0.1293963281429224,0.1053229913134271,-0.926610656518781,-1.4675879185656604,-0.041438002695859136,-0.41026701120499565,-0.4839178253284853
1989-05-25,10.7,0,0.10484309862028089,-0.9265874609327425,-1.467302151495036,-0.041510045217632394,-0.41027064027209714,-0.4840340994696835,-0.1150269917284767
1989-05-26,9.0,0,-0.926392541330666,-1.467111983537879,-0.04184275564854605,-0.410323288324881,-0.48403716778734496,-0.11519865814624508,-0.5331032698084863
1989-05-27,10.2,0,-1.466563590828781,-0.04209278757888279,-0.41049604767781067,-0.48408593694633095,-0.11520453021110692,-0.5332121583128084,-0.23799060292847957
1989-05-28,10.3,1,-0.042476278515568594,-0.4106322348096577,-0.4842267060836638,-0.1152726938390823,-0.5332148527975098,-0.2381438052540579,-0.21339788068847865
1989-05-29,12.1,1,-0.41077472135519255,-0.48434012425581285,-0.11557341405439915,-0.5332610360272972,-0.2381487427365196,-0.21355477583249496,0.22927111963153143
1989-05-30,13.2,0,-0.4844344099231175,-0.11580067702503795,-0.5333804783542322,-0.2382104415414985,-0.2135599002314367,0.22904775375563086,0.4997910642715377
1989-05-31,6.6,0,-0.11613596708349355,-0.533478717219916,-0.23845784473082068,-0.21362289200101492,0.22903926486004866,0.49952707739281893,-1.1233286035685002
1989-06-01,2.3,0,-0.5335408689684005,-0.23864715943529624,-0.21388095859553605,0.2289529997276832,0.49951653241595645,-1.12334886443031,-2.180815659888525
1989-06-02,1.4,0,-0.23890211469670153,-0.21407786295324424,0.22850299183958125,0.49941604467299877,-1.1233470729194908,-2.1806771295575005,-2.4021501600485298
1989-06-03,2.1,0,-0.2143488851740596,0.2281694737236854,0.49884873932770857,-1.1233622249988953,-2.1806673006380395,-2.401978394351563,-2.230001104368526
1989-06-04,6.6,0,0.22760924623348888,0.4984317350262536,-1.1232257456010557,-2.1806268552396744,-2.4019668831837824,-2.2298551884006255,-1.1233286035685002
1989-06-05,8.9,0,0.49769477098254633,-1.123141832789156,-2.180031849418281,-2.4019148011040237,-2.2298449856482048,-1.12334886443031,-0.5576959920484867
1989-06-06,7.8,0,-1.1228183775117988,-2.1796215815173774,-2.4012238246358395,-2.2298019543206413,-1.1233470729194908,-0.5578011877343709,-0.8282159366884932
1989-06-07,9.0,0,-2.178607246985387,-2.400745249855842,-2.2291856216888495,-1.1233622249988953,-0.5578036953025923,-0.8282805113715592,-0.5331032698084863
1989-06-08,10.3,0,-2.399586312689162,-2.2287601744814807,-1.1232257456010557,-0.5578485855677804,-0.8282809628585003,-0.5332121583128084,-0.21339788068847865
1989-06-09,7.9,0,-2.227713706030671,-1.123141832789156,-0.5579573644895165,-0.8283116305130962,-0.5332148527975098,-0.21355477583249496,-0.8036232144484925
1989-06-10,7.2,0,-1.1228183775117988,-0.5580480137019675,-0.828303111977644,-0.5332610360272972,-0.2135599002314367,-0.8036914819499965,-0.9757722701284967
1989-06-11,8.6,0,-0.558094098491042,-0.828310275004536,-0.5333804783542322,-0.21362289200101492,-0.8036921203534176,-0.9758146879009345,-0.6314741587684887
1989-06-12,8.8,0,-0.8281796232400997,-0.533478717219916,-0.21388095859553605,-0.8037240809726128,-0.9758140178889954,-0.6315682759990587,-0.5822887142884873
1989-06-13,6.2,0,-0.5335408689684005,-0.21407786295324424,-0.8037262258423595,-0.9758369277559956,-0.63157022281784,-0.5823902171559334,-1.2216994925285023
1989-06-14,9.5,0,-0.2143488851740596,-0.8037409785224842,-0.9757644287893498,-0.6316112341892304,-0.5823925378076747,-1.2217049821165602,-0.41013965860848345
1989-06-15,10.2,0,-0.803626393717458,-0.9757260538968459,-0.6316880228953695,-0.5824361351082635,-1.2217024429398207,-0.41026701120499565,-0.23799060292847957
1989-06-16,9.7,1,-0.9754990003759492,-0.6317559031481227,-0.5825342506248007,-1.221712423160828,-0.41027064027209714,-0.2381438052540579,-0.36095421412848244
1989-06-17,11.2,0,-0.631753787058967,-0.5826173101840192,-1.221533290142193,-0.410323288324881,-0.2381487427365196,-0.3610889523618707,0.007936619471526173
1989-06-18,10.2,0,-0.5826473280136836,-1.2214190187173624,-0.41049604767781067,-0.2382104415414985,-0.36109295526193225,0.0077464889615677275,-0.23799060292847957
1989-06-19,10.1,0,-1.2210312956023652,-0.4106322348096577,-0.23845784473082068,-0.36114818924391473,0.007739682314305756,-0.2381438052540579,-0.26258332516848004
1989-06-20,8.1,0,-0.41077472135519255,-0.23864715943529624,-0.36134227540724223,0.007665053863333917,-0.2381487427365196,-0.26273283467562036,-0.7544377699684915
1989-06-21,6.6,0,-0.23890211469670153,-0.36149364184555455,0.007311016622022392,-0.2382104415414985,-0.262737585241602,-0.7545134231068716,-1.1233286035685002
1989-06-22,5.0,0,-0.3616682623099095,0.007045805385220361,-0.23845784473082068,-0.26279799108198165,-0.7545144353432527,-1.12334886443031,-1.5168121594085093
1989-06-23,4.7,0,0.0066301805297144245,-0.23864715943529624,-0.2630347308661049,-0.7545489818916465,-1.1233470729194908,-1.516773335175311,-1.590590326128511
1989-06-24,5.3,0,-0.23890211469670153,-0.2632164559173478,-0.754572453571791,-1.1233622249988953,-1.5167685530008113,-1.5905404234399985,-1.4430339926885076
1989-06-25,4.5,0,-0.263455344219343,-0.754602385558381,-1.1232257456010557,-1.516763017646627,-1.5905350805160587,-1.4430062469106233,-1.639775770608512
1989-06-26,2.3,0,-0.7545199346721749,-1.123141832789156,-1.5164559237656046,-1.5905256662680767,-1.4430020254855636,-1.6397184822831237,-2.180815659888525
1989-06-27,1.4,0,-1.1228183775117988,-1.5162505765019825,-1.5901865821714574,-1.4430003690251774,-1.6397127655262238,-2.1806771295575005,-2.4021501600485298
1989-06-28,0.5,0,-1.5156700498740643,-1.5899584659481374,-1.4427252653597518,-1.6397007653490432,-2.1806673006380395,-2.401978394351563,-2.6234846602085353
1989-06-29,2.4,0,-1.589329738441989,-1.4425426870558276,-1.6393403544420262,-2.1806268552396744,-2.4019668831837824,-2.623279659145626,-2.1562229376485242
1989-06-30,8.0,0,-1.4420103613061397,-1.6390970589122407,-2.180031849418281,-2.4019148011040237,-2.6232664657295253,-2.1560881001359373,-0.7790304922084921
1989-07-01,6.0,0,-1.6384361974872723,-2.1796215815173774,-2.4012238246358395,-2.623202746968373,-2.156078458132957,-0.779102452528434,-1.2708849370085036
1989-07-02,7.1,0,-2.178607246985387,-2.400745249855842,-2.6224157998533983,-2.156039305699191,-0.7791032778483352,-1.2708830409596852,-1.0003649923684974
1989-07-03,9.7,0,-2.399586312689162,-2.6218689181943073,-2.1554549632829967,-0.7791365314321297,-1.270880127949986,-1.000403717322497,-0.36095421412848244
1989-07-04,6.9,0,-2.620565378392936,-2.1550522850353255,-0.7791493397070753,-1.2708875222417946,-1.000402860394078,-0.3610889523618707,-1.0495504368484982
1989-07-05,5.3,0,-2.154054017462746,-0.7791716820404326,-1.2706870624127615,-1.000424477296479,-0.36109295526193225,-1.049581776165622,-1.4430339926885076
1989-07-06,7.0,0,-0.7790731641948164,-1.2705576116814659,-1.000341314924634,-0.36114818924391473,-1.049580545404243,-1.4430062469106233,-1.0249577146084978
1989-07-07,6.2,0,-1.2701377546476484,-1.0002953503788976,-0.36134227540724223,-1.0495995763774453,-1.4430020254855636,-1.0249927467440596,-1.2216994925285023
1989-07-08,7.0,0,-1.000052229898591,-0.36149364184555455,-1.0494950871952027,-1.4430003690251774,-1.0249917028991604,-1.2217049821165602,-1.0249577146084978
1989-07-09,9.7,0,-0.3616682623099095,-1.0494339433430009,-1.4427252653597518,-1.0250120268369622,-1.2217024429398207,-1.0249927467440596,-0.36095421412848244
1989-07-10,8.0,0,-1.049158688943874,-1.4425426870558276,-1.0249182010599185,-1.221712423160828,-1.0249917028991604,-0.3610889523618707,-0.7790304922084921
1989-07-11,8.5,0,-1.4420103613061397,-1.0248646468609492,-1.221533290142193,-1.0250120268369622,-0.36109295526193225,-0.779102452528434,-0.6560668810084892
1989-07-12,7.1,0,-1.0246054594212324,-1.2214190187173624,-1.0249182010599185,-0.36114818924391473,-0.7791032778483352,-0.6561573054206212,-1.0003649923684974
1989-07-13,7.5,0,-1.2210312956023652,-1.0248646468609492,-0.36134227540724223,-0.7791365314321297,-0.6561590653229225,-1.000403717322497,-0.901994103408495
1989-07-14,3.3,0,-1.0246054594212324,-0.36149364184555455,-0.7791493397070753,-0.6561987837297135,-1.000402860394078,-0.9020475996362469,-1.9348884374885191
1989-07-15,1.8,0,-0.3616682623099095,-0.7791716820404326,-0.6562649090306538,-1.000424477296479,-0.9020474903737479,-1.9347868353418745,-2.3037792710885276
1989-07-16,2.6,0,-0.7790731641948164,-0.6563251996301743,-1.000341314924634,-0.902074279134546,-1.9347788755872144,-2.3036222766653127,-2.1070374931685234
1989-07-17,5.3,0,-0.6563070165816085,-1.0002953503788976,-0.9020337703834969,-1.9347513598348423,-2.3036115131634523,-2.1069100412928123,-1.4430339926885076
1989-07-18,5.8,0,-1.000052229898591,-0.9020181644506909,-1.9342629880654378,-2.3035646029420906,-2.106900773122792,-1.4430062469106233,-1.3200703814885046
1989-07-19,5.8,0,-0.9018393118080245,-1.9339286166968608,-2.3029162800947023,-2.106864206618225,-1.4430020254855636,-1.3200610998028104,-1.3200703814885046
1989-07-20,7.2,0,-1.9330749517589716,-2.3024680639276354,-2.106301191012428,-1.4430003690251774,-1.320057812960151,-1.3200610998028104,-0.9757722701284967
1989-07-21,5.3,0,-2.3013733945985955,-2.1059136920712223,-1.4427252653597518,-1.320062621322761,-1.320057812960151,-0.9758146879009345,-1.4430339926885076
1989-07-22,1.6,0,-2.1049475584174626,-1.4425426870558276,-1.3198408346833301,-1.320062621322761,-0.9758140178889954,-1.4430062469106233,-2.352964715568529
1989-07-23,3.1,0,-1.4420103613061397,-1.3196962046455691,-1.3198408346833301,-0.9758369277559956,-1.4430020254855636,-2.352800335508438,-1.9840738819685204
1989-07-24,5.3,0,-1.3192442136929317,-1.3196962046455691,-0.9757644287893498,-1.4430003690251774,-2.3527891981736175,-1.9839648941849997,-1.4430339926885076
1989-07-25,7.7,0,-1.3192442136929317,-0.9757260538968459,-1.4427252653597518,-2.352739702023057,-1.9839565605973795,-1.4430062469106233,-0.8528086589284938
1989-07-26,4.2,0,-0.9754990003759492,-1.4425426870558276,-2.352070052365271,-1.9839264589158088,-1.4430020254855636,-0.8528695407931217,-1.7135539373285138
1989-07-27,5.5,0,-1.4420103613061397,-2.351606656891739,-1.9834167603360064,-1.4430003690251774,-0.8528698053635827,-1.7134855705478114,-1.3938485482085063
1989-07-28,9.0,1,-2.3504798536438787,-1.983067209660964,-1.4427252653597518,-0.8528991800535793,-1.7134792930414715,-1.393828188067498,-0.5331032698084863
1989-07-29,11.2,0,-1.9821814108042548,-1.4425426870558276,-0.8528799981129281,-1.713463413970493,-1.3938243404753985,-0.5332121583128084,0.007936619471526173
1989-07-30,8.0,0,-1.4420103613061397,-0.8528795714865876,-1.713071012847879,-1.3938252699442109,-0.5332148527975098,0.0077464889615677275,-0.7790304922084921
1989-07-31,7.6,0,-0.8527328527627412,-1.7128049483583956,-1.393571493089183,-0.5332610360272972,0.007739682314305756,-0.779102452528434,-0.8774013811684944
1989-08-01,3.7,0,-1.7120958860551971,-1.393404094091724,-0.5333804783542322,0.007665053863333917,-0.7791032778483352,-0.8774585702146844,-1.8365175485285168
1989-08-02,7.5,0,-1.3929039022608565,-0.533478717219916,0.007311016622022392,-0.7791365314321297,-0.8774586478686653,-1.8364307176556243,-0.901994103408495
1989-08-03,8.1,0,-0.5335408689684005,0.007045805385220361,-0.7791493397070753,-0.8774867295940627,-1.836423505566884,-0.9020475996362469,-0.7544377699684915
1989-08-04,8.4,0,0.0066301805297144245,-0.7791716820404326,-0.8774568842482127,-1.8364011616729092,-0.9020474903737479,-0.7545134231068716,-0.6806596032484896
1989-08-05,7.1,0,-0.7790731641948164,-0.8774488679686393,-1.8359554435243006,-0.902074279134546,-0.7545144353432527,-0.6807463348421837,-1.0003649923684974
1989-08-06,7.6,0,-0.877286082285383,-1.835651430768654,-0.9020337703834969,-0.7545489818916465,-0.680747907828005,-1.000403717322497,-0.8774013811684944
1989-08-07,7.6,0,-1.834862033668405,-0.9020181644506909,-0.754572453571791,-0.6807863332701967,-1.000402860394078,-0.8774585702146844,-0.8774013811684944
1989-08-08,5.6,0,-0.9018393118080245,-0.754602385558381,-0.680841795165938,-1.000424477296479,-0.8774586478686653,-0.8774585702146844,-1.369255825968506
1989-08-09,7.0,0,-0.7545199346721749,-0.6808944961122259,-1.000341314924634,-0.8774867295940627,-0.8774586478686653,-1.3692391586459356,-1.0249577146084978
1989-08-10,10.5,0,-0.68086024610425,-1.0002953503788976,-0.8774568842482127,-0.8774867295940627,-1.369235497970316,-1.0249927467440596,-0.16421243620847767
1989-08-11,7.3,0,-1.000052229898591,-0.8774488679686393,-0.8774568842482127,-1.3692377204037276,-1.0249917028991604,-0.16437671698937004,-0.9511795478884961
1989-08-12,7.8,0,-0.877286082285383,-0.8774488679686393,-1.3689946069538987,-1.0250120268369622,-0.1643822152212718,-0.951225658479372,-0.8282159366884932
1989-08-13,5.8,0,-0.877286082285383,-1.3688347976096726,-1.0249182010599185,-0.1644477929200486,-0.9512251753839129,-0.8282805113715592,-1.3200703814885046
1989-08-14,3.8,0,-1.3683506727382149,-1.0248646468609492,-0.1647271863249676,-0.9512493782155125,-0.8282809628585003,-1.3200610998028104,-1.8119248262885161
1989-08-15,5.8,0,-1.0246054594212324,-0.1649392699891411,-0.9511875426540655,-0.8283116305130962,-1.320057812960151,-1.8118416882340618,-1.3200703814885046
1989-08-16,6.7,0,-0.16524242612877657,-0.9511567574147943,-0.828303111977644,-1.320062621322761,-1.8118346630618016,-1.3200610998028104,-1.0987358813284995
1989-08-17,6.6,0,-0.9509457708533077,-0.828310275004536,-1.3198408346833301,-1.811813612132426,-1.320057812960151,-1.0987598350087473,-1.1233286035685002
1989-08-18,6.6,0,-0.8281796232400997,-1.3196962046455691,-1.8113785573890164,-1.320062621322761,-1.0987582304144081,-1.12334886443031,-1.1233286035685002
1989-08-19,9.0,0,-1.3192442136929317,-1.8110821342866024,-1.3198408346833301,-1.0987746754584118,-1.1233470729194908,-1.12334886443031,-0.5331032698084863
1989-08-20,8.1,0,-1.8103088041457636,-1.3196962046455691,-1.0986488594657713,-1.1233622249988953,-1.1233470729194908,-0.5332121583128084,-0.7544377699684915
1989-08-21,5.1,0,-1.3192442136929317,-1.0985725363071042,-1.1232257456010557,-1.1233622249988953,-0.5332148527975098,-0.7545134231068716,-1.492219437168509
1989-08-22,8.6,0,-1.0982651479891572,-1.123141832789156,-1.1232257456010557,-0.5332610360272972,-0.7545144353432527,-1.4921843057537485,-0.6314741587684887
1989-08-23,7.0,0,-1.1228183775117988,-1.123141832789156,-0.5333804783542322,-0.7545489818916465,-1.4921797104957288,-0.6315682759990587,-1.0249577146084978
1989-08-24,5.5,0,-1.1228183775117988,-0.533478717219916,-0.754572453571791,-1.4921754681061439,-0.63157022281784,-1.0249927467440596,-1.3938485482085063
1989-08-25,7.4,0,-0.5335408689684005,-0.754602385558381,-1.4918790376303204,-0.6316112341892304,-1.0249917028991604,-1.393828188067498,-0.9265868256484954
1989-08-26,6.2,0,-0.7545199346721749,-1.4916812800199308,-0.6316880228953695,-1.0250120268369622,-1.3938243404753985,-0.9266366290578093,-1.2216994925285023
1989-08-27,4.2,0,-1.491116820351423,-0.6317559031481227,-1.0249182010599185,-1.3938252699442109,-0.9266363328788303,-1.2217049821165602,-1.7135539373285138
1989-08-28,6.3,0,-0.631753787058967,-1.0248646468609492,-1.393571493089183,-0.9266618286750291,-1.2217024429398207,-1.7134855705478114,-1.1971067702885019
1989-08-29,7.0,0,-1.0246054594212324,-1.393404094091724,-0.926610656518781,-1.221712423160828,-1.7134792930414715,-1.1971159526949977,-1.0249577146084978
1989-08-30,4.0,0,-1.3929039022608565,-0.9265874609327425,-1.221533290142193,-1.713463413970493,-1.1971136004347382,-1.0249927467440596,-1.762739381808515
1989-08-31,8.0,0,-0.926392541330666,-1.2214190187173624,-1.713071012847879,-1.1971248736203448,-1.0249917028991604,-1.7626636293909366,-0.7790304922084921
1989-09-01,8.8,0,-1.2210312956023652,-1.7128049483583956,-1.1969564040069085,-1.0250120268369622,-1.7626569780516366,-0.779102452528434,-0.5822887142884873
1989-09-02,8.8,0,-1.7120958860551971,-1.196849722235311,-1.0249182010599185,-1.7626385130514595,-0.7791032778483352,-0.5823902171559334,-0.5822887142884873
1989-09-03,6.1,0,-1.1964780660797236,-1.0248646468609492,-1.7622247851184476,-0.7791365314321297,-0.5823925378076747,-0.5823902171559334,-1.2462922147685032
1989-09-04,8.6,0,-1.0246054594212324,-1.761943541322499,-0.7791493397070753,-0.5824361351082635,-0.5823925378076747,-1.246294011538123,-0.6314741587684887
1989-09-05,8.9,0,-1.7612023451004803,-0.7791716820404326,-0.5825342506248007,-0.5824361351082635,-1.2462912854449033,-0.6315682759990587,-0.5576959920484867
1989-09-06,7.8,0,-0.7790731641948164,-0.5826173101840192,-0.5825342506248007,-1.2462999727013113,-0.63157022281784,-0.5578011877343709,-0.8282159366884932
1989-09-07,5.0,0,-0.5826473280136836,-0.5826173101840192,-1.2461101762774773,-0.6316112341892304,-0.5578036953025923,-0.8282805113715592,-1.5168121594085093
1989-09-08,7.0,1,-0.5826473280136836,-1.2459883151994142,-0.6316880228953695,-0.5578485855677804,-0.8282809628585003,-1.516773335175311,-1.0249577146084978
1989-09-09,13.3,0,-1.2455845251250068,-0.6317559031481227,-0.5579573644895165,-0.8283116305130962,-1.5167685530008113,-1.0249927467440596,0.5243837865115386
1989-09-10,7.9,0,-0.631753787058967,-0.5580480137019675,-0.828303111977644,-1.516763017646627,-1.0249917028991604,0.5241161068143819,-0.8036232144484925
1989-09-11,7.5,0,-0.558094098491042,-0.828310275004536,-1.5164559237656046,-1.0250120268369622,0.5241053749210394,-0.8036914819499965,-0.901994103408495
1989-09-12,8.3,0,-0.8281796232400997,-1.5162505765019825,-1.0249182010599185,0.5240035942134824,-0.8036921203534176,-0.9020475996362469,-0.7052523254884902
1989-09-13,7.2,0,-1.5156700498740643,-1.0248646468609492,0.5234256254629932,-0.8037240809726128,-0.9020474903737479,-0.7053353642637462,-0.9757722701284967
1989-09-14,6.5,0,-1.0246054594212324,0.5230010315083056,-0.8037262258423595,-0.902074279134546,-0.7053367503330874,-0.9758146879009345,-1.1479213258085006
1989-09-15,8.9,0,0.5222480005051883,-0.8037409785224842,-0.9020337703834969,-0.7053738828106798,-0.9758140178889954,-1.1479378938518725,-0.5576959920484867
1989-09-16,7.4,0,-0.803626393717458,-0.9020181644506909,-0.7054186813012222,-0.9758369277559956,-1.1479359154245732,-0.5578011877343709,-0.9265868256484954
1989-09-17,9.9,0,-0.9018393118080245,-0.7054637925942775,-0.9757644287893498,-1.1479497745393783,-0.5578036953025923,-0.9266366290578093,-0.31176876964848105
1989-09-18,9.3,0,-0.7054134756268915,-0.9757260538968459,-1.14780263173634,-0.5578485855677804,-0.9266363328788303,-0.3119108935187453,-0.4593251030884844
1989-09-19,10.6,0,-0.9754990003759492,-1.1477111292712074,-0.5579573644895165,-0.9266618286750291,-0.3119152702517669,-0.4594450700481206,-0.1396197139684772
1989-09-20,8.6,0,-1.1473716070344404,-0.5580480137019675,-0.926610656518781,-0.311973090162948,-0.45944832528226204,-0.13978768756780754,-0.6314741587684887
1989-09-21,7.2,1,-0.558094098491042,-0.9265874609327425,-0.31218850313667335,-0.45949838740584736,-0.13979337271618936,-0.6315682759990587,-0.9757722701284967
1989-09-22,12.6,0,-0.926392541330666,-0.312355048881451,-0.4596498199483791,-0.13986024337956546,-0.63157022281784,-0.9758146879009345,0.35223473083153434
1989-09-23,7.8,0,-0.31256180326462607,-0.4597708277737608,-0.14015030018968339,-0.6316112341892304,-0.9758140178889954,0.3519929008634437,-0.8282159366884932
1989-09-24,6.3,0,-0.45988118040047554,-0.14036997350708952,-0.6316880228953695,-0.9758369277559956,0.3519834773854613,-0.8282805113715592,-1.1971067702885019
1989-09-25,9.2,0,-0.14068919660613508,-0.6317559031481227,-0.9757644287893498,0.3518907474300994,-0.8282809628585003,-1.1971159526949977,-0.4839178253284853
1989-09-26,5.8,0,-0.631753787058967,-0.9757260538968459,0.3513874225160028,-0.8283116305130962,-1.1971136004347382,-0.4840340994696835,-1.3200703814885046
1989-09-27,9.0,0,-0.9754990003759492,0.3510159561339437,-0.828303111977644,-1.1971248736203448,-0.48403716778734496,-1.3200610998028104,-0.5331032698084863
1989-09-28,5.0,1,0.35037539384669686,-0.828310275004536,-1.1969564040069085,-0.48408593694633095,-1.320057812960151,-0.5332121583128084,-1.5168121594085093
1989-09-29,11.9,1,-0.8281796232400997,-1.196849722235311,-0.4842267060836638,-1.320062621322761,-0.5332148527975098,-1.516773335175311,0.18008567515153046
1989-09-30,13.4,0,-1.1964780660797236,-0.48434012425581285,-1.3198408346833301,-0.5332610360272972,-1.5167685530008113,0.17986969491250593,0.5489765087515391
1989-10-01,10.5,0,-0.4844344099231175,-1.3196962046455691,-0.5333804783542322,-1.516763017646627,0.17986157984988377,0.5487051362359443,-0.16421243620847767
1989-10-02,6.2,0,-1.3192442136929317,-0.533478717219916,-1.5164559237656046,0.1797779006467169,0.5486942174261218,-0.16437671698937004,-1.2216994925285023
1989-10-03,5.1,0,-0.5335408689684005,-1.5162505765019825,0.1793492195690128,0.5485911437539656,-0.1643822152212718,-1.2217049821165602,-1.492219437168509
1989-10-04,9.5,1,-1.5156700498740643,0.17903088075958226,0.5480025115982774,-0.1644477929200486,-1.2217024429398207,-1.4921843057537485,-0.41013965860848345
1989-10-05,11.7,0,0.17850278718820586,0.5475703279903572,-0.1647271863249676,-1.221712423160828,-1.4921797104957288,-0.41026701120499565,0.13090023067152906
1989-10-06,9.2,0,0.5468012300278298,-0.1649392699891411,-1.221533290142193,-1.4921754681061439,-0.41027064027209714,0.13069163606938053,-0.4839178253284853
1989-10-07,7.3,0,-0.16524242612877657,-1.2214190187173624,-1.4918790376303204,-0.410323288324881,0.13068389483971843,-0.4840340994696835,-0.9511795478884961
1989-10-08,9.7,0,-1.2210312956023652,-1.4916812800199308,-0.41049604767781067,0.13060280156575013,-0.48403716778734496,-0.951225658479372,-0.36095421412848244
1989-10-09,9.4,0,-1.491116820351423,-0.4106322348096577,0.13019544729844393,-0.48408593694633095,-0.9512251753839129,-0.3610889523618707,-0.4347323808484839
1989-10-10,10.0,0,-0.41077472135519255,0.12989228779547868,-0.4842267060836638,-0.9512493782155125,-0.36109295526193225,-0.43485604062655814,-0.2871760474084806
1989-10-11,10.9,0,0.1293963281429224,-0.48434012425581285,-0.9511875426540655,-0.36114818924391473,-0.4348594827771796,-0.28732186409718286,-0.0658415472484753
1989-10-12,11.0,0,-0.4844344099231175,-0.9511567574147943,-0.36134227540724223,-0.4349108378653642,-0.2873264277466845,-0.0660205993031197,-0.0412488250084748
1989-10-13,10.9,0,-0.9509457708533077,-0.36149364184555455,-0.4350729338130949,-0.28738554062246485,-0.06602684520094158,-0.041431569881557224,-0.0658415472484753
1989-10-14,8.0,1,-0.3616682623099095,-0.4352015312917093,-0.28761161700138915,-0.06609759475811555,-0.041438002695859136,-0.0660205993031197,-0.7790304922084921
1989-10-15,11.2,0,-0.43532795087783405,-0.2877857523993994,-0.06641964178383027,-0.041510045217632394,-0.06602684520094158,-0.779102452528434,0.007936619471526173
1989-10-16,7.5,0,-0.2880085737419846,-0.06666208406093437,-0.04184275564854605,-0.06609759475811555,-0.7791032778483352,0.0077464889615677275,-0.901994103408495
1989-10-17,7.2,1,-0.0670295080382101,-0.04209278757888279,-0.06641964178383027,-0.7791365314321297,0.007739682314305756,-0.9020475996362469,-0.9757722701284967
1989-10-18,13.2,1,-0.042476278515568594,-0.06666208406093437,-0.7791493397070753,0.007665053863333917,-0.9020474903737479,-0.9758146879009345,0.4997910642715377
1989-10-19,12.9,0,-0.0670295080382101,-0.7791716820404326,0.007311016622022392,-0.902074279134546,-0.9758140178889954,0.49952707739281893,0.4260128975515362
1989-10-20,9.4,0,-0.7790731641948164,0.007045805385220361,-0.9020337703834969,-0.9758369277559956,0.49951653241595645,0.4257599891281315,-0.4347323808484839
1989-10-21,10.2,0,0.0066301805297144245,-0.9020181644506909,-0.9757644287893498,0.49941604467299877,0.4257500049007091,-0.43485604062655814,-0.23799060292847957
1989-10-22,9.5,1,-0.9018393118080245,-0.9757260538968459,0.49884873932770857,0.42565339605154934,-0.4348594827771796,-0.2381438052540579,-0.41013965860848345
1989-10-23,12.4,0,-0.9754990003759492,0.4984317350262536,0.4251180809218559,-0.4349108378653642,-0.2381487427365196,-0.41026701120499565,0.30304928635153333
1989-10-24,10.2,1,0.49769477098254633,0.42472384558009885,-0.4350729338130949,-0.2382104415414985,-0.41027064027209714,0.3028148420203187,-0.23799060292847957
1989-10-25,13.4,1,0.42403508241462184,-0.4352015312917093,-0.23845784473082068,-0.410323288324881,0.3028057923752964,-0.2381438052540579,0.5489765087515391
1989-10-26,11.6,0,-0.43532795087783405,-0.23864715943529624,-0.41049604767781067,0.3027156483491331,-0.2381487427365196,0.5487051362359443,0.10630750843152856
1989-10-27,8.0,0,-0.23890211469670153,-0.4106322348096577,0.30223365024543436,-0.2382104415414985,0.5486942174261218,0.10610260664781807,-0.7790304922084921
1989-10-28,9.0,0,-0.41077472135519255,0.30187736316984054,-0.23845784473082068,0.5485911437539656,0.10609505233463598,-0.779102452528434,-0.5331032698084863
1989-10-29,9.3,1,0.3012689348014138,-0.23864715943529624,0.5480025115982774,0.10601525202526697,-0.7791032778483352,-0.5332121583128084,-0.4593251030884844
1989-10-30,13.5,0,-0.23890211469670153,0.5475703279903572,0.10561856116315971,-0.7791365314321297,-0.5332148527975098,-0.4594450700481206,0.5735692309915396
1989-10-31,8.0,0,0.5468012300278298,0.1053229913134271,-0.7791493397070753,-0.5332610360272972,-0.45944832528226204,0.5732941656575068,-0.7790304922084921
1989-11-01,8.1,0,0.10484309862028089,-0.7791716820404326,-0.5333804783542322,-0.45949838740584736,0.5732830599312042,-0.779102452528434,-0.7544377699684915
1989-11-02,10.0,0,-0.7790731641948164,-0.533478717219916,-0.4596498199483791,0.5731786932944487,-0.7791032778483352,-0.7545134231068716,-0.2871760474084806
1989-11-03,8.5,1,-0.5335408689684005,-0.4597708277737608,0.5725793977335617,-0.7791365314321297,-0.7545144353432527,-0.28732186409718286,-0.6560668810084892
1989-11-04,12.5,1,-0.45988118040047554,0.5721396244724087,-0.7791493397070753,-0.7545489818916465,-0.2873264277466845,-0.6561573054206212,0.3276420085915338
1989-11-05,15.0,1,0.5713544595504713,-0.7791716820404326,-0.754572453571791,-0.28738554062246485,-0.6561590653229225,0.3274038714418812,0.9424600645915482
1989-11-06,13.3,0,-0.7790731641948164,-0.754602385558381,-0.28761161700138915,-0.6561987837297135,0.3273946348803789,0.9421296069809453,0.5243837865115386
1989-11-07,11.0,1,-0.7545199346721749,-0.2877857523993994,-0.6562649090306538,0.32730319788961626,0.9421156975074423,0.5241161068143819,-0.0412488250084748
1989-11-08,11.9,0,-0.2880085737419846,-0.6563251996301743,0.3268105363807186,0.9419919364016973,0.5241053749210394,-0.041431569881557224,0.18008567515153046
1989-11-09,8.3,0,-0.6563070165816085,0.3264466596518921,0.9412326897628263,0.5240035942134824,-0.041438002695859136,0.17986969491250593,-0.7052523254884902
1989-11-10,9.7,1,0.32582216432405536,0.9406790717031837,0.5234256254629932,-0.041510045217632394,0.17986157984988377,-0.7053353642637462,-0.36095421412848244
1989-11-11,11.3,1,0.9396529023900952,0.5230010315083056,-0.04184275564854605,0.1797779006467169,-0.7053367503330874,-0.3610889523618707,0.0325293417115271
1989-11-12,12.5,0,0.5222480005051883,-0.04209278757888279,0.1793492195690128,-0.7053738828106798,-0.36109295526193225,0.03233551838313064,0.3276420085915338
1989-11-13,9.4,1,-0.042476278515568594,0.17903088075958226,-0.7054186813012222,-0.36114818924391473,0.03232852481938864,0.3274038714418812,-0.4347323808484839
1989-11-14,11.4,1,0.17850278718820586,-0.7054637925942775,-0.36134227540724223,0.03225260340381751,0.3273946348803789,-0.43485604062655814,0.05712206395152759
1989-11-15,13.2,1,-0.7054134756268915,-0.36149364184555455,0.03188790275730705,0.32730319788961626,-0.4348594827771796,0.05692454780469311,0.4997910642715377
1989-11-16,13.8,1,-0.3616682623099095,0.03161510186727237,0.3268105363807186,-0.4349108378653642,0.056917367324471085,0.49952707739281893,0.6473473977115415
1989-11-17,16.0,0,0.03118341005235637,0.3264466596518921,-0.4350729338130949,0.05684015294430066,0.49951653241595645,0.6470612539221947,1.188387286991554
1989-11-18,10.9,1,0.32582216432405536,-0.4352015312917093,0.056464788892591274,0.49941604467299877,0.647049587446452,1.1880199011965709,-0.0658415472484753
1989-11-19,11.9,1,-0.43532795087783405,0.05618439834932394,0.49884873932770857,0.6469413419158986,1.1880041225582676,-0.0660205993031197,0.18008567515153046
1989-11-20,12.4,1,0.05573663957499788,0.4984317350262536,0.6463100561394147,1.1878674318065299,-0.06602684520094158,0.17986969491250593,0.30304928635153333
1989-11-21,13.2,1,0.49769477098254633,0.6458475139185639,1.1870015511156693,-0.06609759475811555,0.17986157984988377,0.3028148420203187,0.4997910642715377
1989-11-22,15.5,1,0.6450141481183963,1.1863720365237003,-0.06641964178383027,0.1797779006467169,0.3028057923752964,0.49952707739281893,1.0654236757915512
1989-11-23,21.6,1,1.1851851976165113,-0.06666208406093437,0.1793492195690128,0.3027156483491331,0.49951653241595645,1.065074754088758,2.5655797324315865
1989-11-24,14.9,1,-0.0670295080382101,0.17903088075958226,0.30223365024543436,0.49941604467299877,1.0650599100328548,2.565005548804075,0.9178673423515477
1989-11-25,14.4,1,0.17850278718820586,0.30187736316984054,0.49884873932770857,1.0649296841041136,2.56497930284289,0.9175405775593828,0.7949037311515448
1989-11-26,12.9,1,0.3012689348014138,0.4984317350262536,1.0641171204392479,2.5647702060735917,0.9175268550023598,0.79459543045157,0.4260128975515362
1989-11-27,13.1,1,0.49769477098254633,1.0635255541134419,2.563307174691591,0.9174043868612142,0.7945826424769471,0.4257599891281315,0.47519834203153716
1989-11-28,14.0,1,1.0624190500033033,2.5622526395185936,0.9166558036275421,0.794466639158798,0.4257500049007091,0.4749380479712565,0.6965328421915424
1989-11-29,17.9,1,2.560166050884441,0.9161097752211321,0.7937713729511205,0.42565339605154934,0.474927689910874,0.6962393127653196,1.6556490095515646
1989-11-30,17.7,1,0.9150996728674538,0.7932632928108738,0.4251180809218559,0.4748284951325156,0.6962272724566169,1.655211460206259,1.6064635650715635
1989-12-01,16.3,1,0.7923335252542457,0.42472384558009885,0.4742718531924243,0.6961164409968649,1.6551921301548354,1.6060334013631343,1.2621654537115559
1989-12-02,18.3,1,0.42403508241462184,0.473862438544202,0.6954638284099832,1.655030873075711,1.6060144451446705,1.2617869894612588,1.7540198985115674
1989-12-03,13.7,1,0.47314154145990484,0.694986106882667,1.653962387686071,1.6058557739947448,1.2617706500735153,1.75356757789251,0.6227546754715405
1989-12-04,13.3,0,0.6941206071636793,1.6531886696826814,1.6048086154155023,1.2616300804279796,1.7535475001751661,0.6224722245006318,0.5243837865115386
1989-12-05,10.6,1,1.6516965585467012,1.6040500767185784,1.2607322095215225,1.7533810712376445,0.6224607449413692,0.5241161068143819,-0.1396197139684772
1989-12-06,14.1,1,1.6025900995014182,1.2600799259698554,1.7522699322272086,0.622353792375415,0.5241053749210394,-0.13978768756780754,0.721125564431543
1989-12-07,16.0,1,1.2588448861844361,1.7514658556108886,0.6217331700041301,0.5240035942134824,-0.13979337271618936,0.7208283421868821,1.188387286991554
1989-12-08,16.5,1,1.749909476637268,0.6212782174365119,0.5234256254629932,-0.13986024337956546,0.7208161149616994,1.1880199011965709,1.311350898191557
1989-12-09,14.1,1,0.6204609185957544,0.5230010315083056,-0.14015030018968339,0.720703990537348,1.1880041225582676,1.3109650483043838,0.721125564431543
1989-12-10,18.7,1,0.5222480005051883,-0.14036997350708952,0.7200407145452674,1.1878674318065299,1.3109483350836804,0.7208283421868821,1.8523907874715693
1989-12-11,16.2,1,-0.14068919660613508,0.7195554033647186,1.1870015511156693,1.310805179508946,0.7208161149616994,1.85192369557876,1.237572731471555
1989-12-12,14.8,1,0.7186738366863208,1.1863720365237003,1.309885981792091,0.720703990537348,1.8519028701954958,1.2371979600396958,0.8932746201115472
1989-12-13,12.6,0,1.1851851976165113,1.3092185189339585,0.7200407145452674,1.851731269399577,1.2371818075684324,0.8929515481378203,0.35223473083153434
1989-12-14,10.4,1,1.3079513452297191,0.7195554033647186,1.8505774767683456,1.2370425308874962,0.8929380124972773,0.3519929008634437,-0.18880515844847817
1989-12-15,12.2,1,0.7186738366863208,1.849743041539095,1.236155323386238,0.892816837320731,0.3519834773854613,-0.1889657464109325,0.25386384187153194
1989-12-16,12.6,1,1.848122394727834,1.2355106294878033,0.8920789174922579,0.3518907474300994,-0.18897105772635425,0.25363678317719335,0.35223473083153434
1989-12-17,12.1,1,1.2342916566617943,0.8915404787390805,0.3513874225160028,-0.18903534246053177,0.2536281073651311,0.3519929008634437,0.22927111963153143
1989-12-18,17.3,1,0.8905464433448123,0.3510159561339437,-0.18930407246025183,0.2535405492681663,0.3519834773854613,0.22904775375563086,1.5080926761115616
1989-12-19,16.4,1,0.35037539384669686,-0.18950856647119266,0.2530798779748655,0.3518907474300994,0.22903926486004866,1.5076772836768844,1.2867581759515558
1989-12-20,12.6,1,-0.1897956556514181,0.252738770205737,0.3513874225160028,0.2289529997276832,1.5076590751243406,1.2863760188828208,0.35223473083153434
1989-12-21,12.3,1,0.2521624757561304,0.3510159561339437,0.22850299183958125,1.5075055758328122,1.2863594925785973,0.3519929008634437,0.27845656411153286
1989-12-22,11.8,1,0.35037539384669686,0.2281694737236854,1.5065010708743656,1.2862176299684625,0.3519834773854613,0.27822581259875623,0.15549295291152998
1989-12-23,12.0,1,0.22760924623348888,1.505772890790372,1.2853090956568063,0.3518907474300994,0.278216949870214,0.15528066549094344,0.20467839739153096
1989-12-24,12.7,1,1.5043771814108522,1.2846492224519066,0.3513874225160028,0.27812809880864997,0.15527273734480132,0.2044587243340684,0.3768274530715348
1989-12-25,16.4,1,1.2833981157070773,0.3510159561339437,0.2776567641101501,0.15519035110623372,0.20445042235496622,0.37658193028500614,1.2867581759515558
1989-12-26,16.0,1,0.35037539384669686,0.27730806668778896,0.1547723334337286,0.20436545018720004,0.3765723198905438,1.2863760188828208,1.188387286991554
1989-12-27,13.3,1,0.2767157052787723,0.15446158427753068,0.20392610570429703,0.37647829697058255,1.2863594925785973,1.1880199011965709,0.5243837865115386
1989-12-28,11.7,0,0.15394955766556434,0.20360017724163382,0.37596430865128705,1.2862176299684625,1.1880041225582676,0.5241161068143819,0.13090023067152906
1989-12-29,10.4,1,0.20305601671084736,0.3755852526159953,1.2853090956568063,1.1878674318065299,0.5241053749210394,0.13069163606938053,-0.18880515844847817
1989-12-30,14.4,1,0.37492862336933835,1.2846492224519066,1.1870015511156693,0.5240035942134824,0.13068389483971843,-0.1889657464109325,0.7949037311515448
1989-12-31,12.7,1,1.2833981157070773,1.1863720365237003,0.5234256254629932,0.13060280156575013,-0.18897105772635425,0.79459543045157,0.3768274530715348
1990-01-01,14.8,1,1.1851851976165113,0.5230010315083056,0.13019544729844393,-0.18903534246053177,0.7945826424769471,0.37658193028500614,0.8932746201115472
1990-01-02,13.3,1,0.5222480005051883,0.12989228779547868,-0.18930407246025183,0.794466639158798,0.3765723198905438,0.8929515481378203,0.5243837865115386
1990-01-03,15.6,1,0.1293963281429224,-0.18950856647119266,0.7937713729511205,0.37647829697058255,0.8929380124972773,0.5241161068143819,1.0900163980315516
1990-01-04,14.5,1,-0.1897956556514181,0.7932632928108738,0.37596430865128705,0.892816837320731,0.5241053749210394,1.0896637835103204,0.8194964533915453
1990-01-05,14.3,1,0.7923335252542457,0.3755852526159953,0.8920789174922579,0.5240035942134824,1.0896487525379372,0.8191844598731324,0.7703110089115444
1990-01-06,15.3,1,0.37492862336933835,0.8915404787390805,0.5234256254629932,1.0895172336445966,0.8191714849820295,0.7700064010300075,1.01623823131155
1990-01-07,16.4,1,0.8905464433448123,0.5230010315083056,1.088694006574532,0.8190541886992811,0.7699937999718647,1.0158966952456332,1.2867581759515558
1990-01-08,14.8,1,0.5222480005051883,1.0880948505954935,0.8183482590864047,0.7698790896183149,1.01588222502269,1.2863760188828208,0.8932746201115472
1990-01-09,17.4,1,1.0869722795259447,0.8178325892929253,0.7691944868158364,1.0157545850231473,1.2863594925785973,0.8929515481378203,1.5326853983515616
1990-01-10,18.8,1,0.8168867547768872,0.7686939963288222,1.0149633481686795,1.2862176299684625,0.8929380124972773,1.5322663130984464,1.8769835097115701
1990-01-11,22.1,1,0.7677802957316042,1.0143869611493388,1.2853090956568063,0.892816837320731,1.5322479176294228,1.8765127250003228,2.6885433436315895
1990-01-12,19.0,1,1.0133125909580203,1.2846492224519066,0.8920789174922579,1.5320931253732948,1.8764917127005787,2.6879506959118875,1.9261689541915712
1990-01-13,15.5,1,1.2833981157070773,0.8915404787390805,1.5310779570096493,1.8763188189400608,2.6879235153683023,1.9256907838434476,1.0654236757915512
1990-01-14,15.8,1,0.8905464433448123,1.5303421872724232,1.8751543629036302,2.687707953776008,1.9256693977107435,1.065074754088758,1.1392018425115529
1990-01-15,14.7,0,1.5289304109334931,1.8743123380211468,2.6861916053680126,1.925493918021027,1.0650599100328548,1.1388418423534459,0.8686818978715463
1990-01-16,10.7,1,1.872675624250476,2.685099121928852,1.9243081351741986,1.0649296841041136,1.1388264375481028,0.8683625187162574,-0.1150269917284767
1990-01-17,11.5,1,2.682932198497649,1.92345093098525,1.0641171204392479,1.1386923327255634,0.8683491699921945,-0.11519865814624508,0.08171478619152807
1990-01-18,15.0,1,1.921782083295759,1.0635255541134419,1.137847778845101,0.8682292877802474,-0.11520453021110692,0.08151357722625559,0.9424600645915482
1990-01-19,14.5,1,1.0624190500033033,1.1372334435595972,0.8675020313569732,-0.1152726938390823,0.08150620982955353,0.9421296069809453,0.8194964533915453
1990-01-20,14.5,1,1.136078738571228,0.8669711822570285,-0.11557341405439915,0.08142770248478383,0.9421156975074423,0.8191844598731324,0.8194964533915453
1990-01-21,13.3,1,0.8659932138221703,-0.11580067702503795,0.08104167502787549,0.9419919364016973,0.8191714849820295,0.8191844598731324,0.5243837865115386
1990-01-22,14.3,1,-0.11613596708349355,0.08075369483137552,0.9412326897628263,0.8190541886992811,0.8191714849820295,0.5241161068143819,0.7703110089115444
1990-01-23,14.3,1,0.08028986909763938,0.9406790717031837,0.8183482590864047,0.8190541886992811,0.5241053749210394,0.7700064010300075,0.7703110089115444
1990-01-24,20.5,1,0.9396529023900952,0.8178325892929253,0.8183482590864047,0.5240035942134824,0.7699937999718647,0.7700064010300075,2.2950597877915797
1990-01-25,15.0,1,0.8168867547768872,0.8178325892929253,0.5234256254629932,0.7698790896183149,0.7699937999718647,2.2945262251668863,0.9424600645915482
1990-01-26,17.1,1,0.8168867547768872,0.5230010315083056,0.7691944868158364,0.7698790896183149,2.294502035286982,0.9421296069809453,1.4589072316315606
1990-01-27,16.9,1,0.5222480005051883,0.7686939963288222,0.7691944868158364,2.294307161128276,0.9421156975074423,1.4584992248337594,1.4097217871515588
1990-01-28,16.9,1,0.7677802957316042,0.7686939963288222,2.2929614272034633,0.9419919364016973,1.4584813901141758,1.4093211659906335,1.4097217871515588
1990-01-29,13.6,1,0.7677802957316042,2.291990378216025,0.9412326897628263,1.458330476751846,1.40930370510401,1.4093211659906335,0.5981619532315401
1990-01-30,16.4,1,2.290080526135383,0.9406790717031837,1.4573472986037972,1.4091553776708787,1.40930370510401,0.5978831950790693,1.2867581759515558
1990-01-31,16.1,1,0.9396529023900952,1.456634297826269,1.408193526333228,1.4091553776708787,0.5978719024362866,1.2863760188828208,1.2129800092315548
1990-02-01,12.0,1,1.4552707223655692,1.4074957048621648,1.408193526333228,0.5977662428349318,1.2863594925785973,1.2126089306181338,0.20467839739153096
1990-02-02,12.2,1,1.4061642633202853,1.4074957048621648,0.5971562838688459,1.2862176299684625,1.2125929650633505,0.2044587243340684,0.25386384187153194
1990-02-03,14.8,1,1.4061642633202853,0.5967089209544603,1.2853090956568063,1.2124549813470133,0.20445042235496622,0.25363678317719335,0.8932746201115472
1990-02-04,14.8,1,0.5959076890731129,1.2846492224519066,1.2115784372509542,0.20436545018720004,0.2536281073651311,0.8929515481378203,0.8932746201115472
1990-02-05,14.4,1,1.2833981157070773,1.2109413330057524,0.20392610570429703,0.2535405492681663,0.8929380124972773,0.8929515481378203,0.7949037311515448
1990-02-06,12.9,1,1.2097384271391531,0.20360017724163382,0.2530798779748655,0.892816837320731,0.8929380124972773,0.79459543045157,0.4260128975515362
1990-02-07,13.4,1,0.20305601671084736,0.252738770205737,0.8920789174922579,0.892816837320731,0.7945826424769471,0.4257599891281315,0.5489765087515391
1990-02-08,15.9,1,0.2521624757561304,0.8915404787390805,0.8920789174922579,0.794466639158798,0.4257500049007091,0.5487051362359443,1.1637945647515535
1990-02-09,16.1,1,0.8905464433448123,0.8915404787390805,0.7937713729511205,0.42565339605154934,0.5486942174261218,1.1634308717750084,1.2129800092315548
1990-02-10,17.6,1,0.8905464433448123,0.7932632928108738,0.4251180809218559,0.5485911437539656,1.1634152800531852,1.2126089306181338,1.5818708428315635
1990-02-11,15.6,1,0.7923335252542457,0.42472384558009885,0.5480025115982774,1.1632798822660466,1.2125929650633505,1.5814443719415723,1.0900163980315516
1990-02-12,15.0,1,0.42403508241462184,0.5475703279903572,1.162424664980385,1.2124549813470133,1.5814256026395885,1.0896637835103204,0.9424600645915482
1990-02-13,13.0,1,0.5468012300278298,1.1618027400416486,1.2115784372509542,1.581268224454262,1.0896487525379372,0.9421296069809453,0.4506056197915367
1990-02-14,14.1,1,1.1606319680938697,1.2109413330057524,1.5802317292802186,1.0895172336445966,0.9421156975074423,0.450349018549694,0.721125564431543
1990-02-15,17.3,1,1.2097384271391531,1.5794807802365272,1.088694006574532,0.9419919364016973,0.45033884740579155,0.7208283421868821,1.5080926761115616
1990-02-16,15.7,1,1.578036869978777,1.0880948505954935,0.9412326897628263,0.4502409455920325,0.7208161149616994,1.5076772836768844,1.114609120271552
1990-02-17,18.6,1,1.0869722795259447,0.9406790717031837,0.4496949670571401,0.720703990537348,1.5076590751243406,1.114252812931883,1.8277980652315693
1990-02-18,12.7,1,0.9396529023900952,0.44929314206215043,0.7200407145452674,1.5075055758328122,1.11423759504302,1.8273346661571979,0.3768274530715348
1990-02-19,14.0,1,0.44858831193726334,0.7195554033647186,1.5065010708743656,1.1141047831850799,1.8273140276904138,0.37658193028500614,0.6965328421915424
1990-02-20,13.7,1,0.7186738366863208,1.505772890790372,1.1132708927098163,1.8271437198590945,0.3765723198905438,0.6962393127653196,0.6227546754715405
1990-02-21,16.3,1,1.5043771814108522,1.1126641470775451,1.8260005906330619,0.37647829697058255,0.6962272724566169,0.6224722245006318,1.2621654537115559
1990-02-22,20.0,1,1.1115255090485863,1.8251737450570438,0.37596430865128705,0.6961164409968649,0.6224607449413692,1.2617869894612588,2.172096176591577
1990-02-23,17.0,1,1.823569165205193,0.3755852526159953,0.6954638284099832,0.622353792375415,1.2617706500735153,2.171581078059073,1.4343145093915597
1990-02-24,15.2,1,0.37492862336933835,0.694986106882667,0.6217331700041301,1.2616300804279796,2.171557822761569,1.4339101954121964,0.9916455090715491
1990-02-25,16.5,1,0.6941206071636793,0.6212782174365119,1.2607322095215225,2.1713694134258597,1.433892547609093,0.9913076658240701,1.311350898191557
1990-02-26,16.5,1,0.6204609185957544,1.2600799259698554,2.1700769965270417,1.4337429272113622,0.9912933825176071,1.3109650483043838,1.311350898191557
1990-02-27,17.3,1,1.2588448861844361,2.1691438958057665,1.4327704124685126,0.9911670354826636,1.3109483350836804,1.3109650483043838,1.5080926761115616
1990-02-28,19.1,1,2.167314378522175,1.4320650013442169,0.9903864620333948,1.310805179508946,1.3109483350836804,1.5076772836768844,1.950761676431572
1990-03-01,19.3,1,1.4307174928429272,0.9898176646672868,1.309885981792091,1.310805179508946,1.5076590751243406,1.9502798132650105,1.9999471209115731
1990-03-02,17.3,1,0.9887593614353782,1.3092185189339585,1.309885981792091,1.5075055758328122,1.9502582402158264,1.9994578721081355,1.5080926761115616
1990-03-03,19.0,1,1.3079513452297191,1.3092185189339585,1.5065010708743656,1.9500814675615106,1.9994359252259915,1.5076772836768844,1.9261689541915712
1990-03-04,19.8,1,1.3079513452297191,1.505772890790372,1.9488850213094833,1.999256566642477,1.5076590751243406,1.9256907838434476,2.122910732111576
1990-03-05,19.3,1,1.5043771814108522,1.9480202274673022,1.9980387935800517,1.5075055758328122,1.9256693977107435,2.122403019215948,1.9999471209115731
1990-03-06,17.2,1,1.946335312818401,1.9971588204314052,1.5065010708743656,1.925493918021027,2.122380137751404,1.9994578721081355,1.4834999538715608
1990-03-07,14.2,0,1.995441771863684,1.505772890790372,1.9243081351741986,2.122194314344893,1.9994359252259915,1.4830882542553214,0.7457182866715434
1990-03-08,10.3,1,1.5043771814108522,1.92345093098525,2.1209232242564733,1.999256566642477,1.4830702326192577,0.7454173716084446,-0.21339788068847865
1990-03-09,13.0,1,1.921782083295759,2.1200053028416637,1.9980387935800517,1.4829180262923285,0.7454049574667818,-0.21355477583249496,0.4506056197915367
1990-03-10,15.3,1,2.118207919476892,1.9971588204314052,1.481924184739081,0.7452915400778313,-0.2135599002314367,0.450349018549694,1.01623823131155
1990-03-11,15.0,1,1.995441771863684,1.48120359430832,0.7446176006805516,-0.21362289200101492,0.45033884740579155,1.0158966952456332,0.9424600645915482
1990-03-12,12.1,0,1.4798239518882101,0.7441246998467702,-0.21388095859553605,0.4502409455920325,1.01588222502269,0.9421296069809453,0.22927111963153143
1990-03-13,9.2,0,0.7432270662089623,-0.21407786295324424,0.4496949670571401,1.0157545850231473,0.9421156975074423,0.22904775375563086,-0.4839178253284853
1990-03-14,11.0,1,-0.2143488851740596,0.44929314206215043,1.0149633481686795,0.9419919364016973,0.22903926486004866,-0.4840340994696835,-0.0412488250084748
1990-03-15,15.0,1,0.44858831193726334,1.0143869611493388,0.9412326897628263,0.2289529997276832,-0.48403716778734496,-0.041431569881557224,0.9424600645915482
1990-03-16,11.6,1,1.0133125909580203,0.9406790717031837,0.22850299183958125,-0.48408593694633095,-0.041438002695859136,0.9421296069809453,0.10630750843152856
1990-03-17,11.6,1,0.9396529023900952,0.2281694737236854,-0.4842267060836638,-0.041510045217632394,0.9421156975074423,0.10610260664781807,0.10630750843152856
1990-03-18,15.1,1,0.22760924623348888,-0.48434012425581285,-0.04184275564854605,0.9419919364016973,0.10609505233463598,0.10610260664781807,0.9670527868315487
1990-03-19,15.0,1,-0.4844344099231175,-0.04209278757888279,0.9412326897628263,0.10601525202526697,0.10609505233463598,0.9667186364025077,0.9424600645915482
1990-03-20,13.6,1,-0.042476278515568594,0.9406790717031837,0.10561856116315971,0.10601525202526697,0.9667045400125247,0.9421296069809453,0.5981619532315401
1990-03-21,12.5,1,0.9396529023900952,0.1053229913134271,0.10561856116315971,0.9665794859421805,0.9421156975074423,0.5978831950790693,0.3276420085915338
1990-03-22,14.3,1,0.10484309862028089,0.1053229913134271,0.9658095758981106,0.9419919364016973,0.5978719024362866,0.3274038714418812,0.7703110089115444
1990-03-23,16.0,1,0.10484309862028089,0.9652483681852352,0.9412326897628263,0.5977662428349318,0.3273946348803789,0.7700064010300075,1.188387286991554
1990-03-24,17.4,1,0.9642061319127367,0.9406790717031837,0.5971562838688459,0.32730319788961626,0.7699937999718647,1.1880199011965709,1.5326853983515616
1990-03-25,16.9,1,0.9396529023900952,0.5967089209544603,0.3268105363807186,0.7698790896183149,1.1880041225582676,1.5322663130984464,1.4097217871515588
1990-03-26,18.0,1,0.5959076890731129,0.3264466596518921,0.7691944868158364,1.1878674318065299,1.5322479176294228,1.4093211659906335,1.6802417317915654
1990-03-27,20.6,1,0.32582216432405536,0.7686939963288222,1.1870015511156693,1.5320931253732948,1.40930370510401,1.679800489627822,2.3196525100315806
1990-03-28,14.2,0,0.7677802957316042,1.1863720365237003,1.5310779570096493,1.4091553776708787,1.6797809726599182,2.319115254588449,0.7457182866715434
1990-03-29,10.9,1,1.1851851976165113,1.5303421872724232,1.408193526333228,1.6796184226161945,2.3190908777920645,0.7454173716084446,-0.0658415472484753
1990-03-30,11.9,1,1.5289304109334931,1.4074957048621648,1.6785392738213556,2.318894710668759,0.7454049574667818,-0.0660205993031197,0.18008567515153046
1990-03-31,13.3,1,1.4061642633202853,1.6777579661647335,2.317538313338748,0.7452915400778313,-0.06602684520094158,0.17986969491250593,0.5243837865115386
1990-04-01,15.3,1,1.6762497880693432,2.316559674698077,0.7446176006805516,-0.06609759475811555,0.17986157984988377,0.5241161068143819,1.01623823131155
1990-04-02,14.7,0,2.3146337556580248,0.7441246998467702,-0.06641964178383027,0.1797779006467169,0.5241053749210394,1.0158966952456332,0.8686818978715463
1990-04-03,11.0,1,0.7432270662089623,-0.06666208406093437,0.1793492195690128,0.5240035942134824,1.01588222502269,0.8683625187162574,-0.0412488250084748
1990-04-04,12.2,1,-0.0670295080382101,0.17903088075958226,0.5234256254629932,1.0157545850231473,0.8683491699921945,-0.041431569881557224,0.25386384187153194
1990-04-05,14.2,1,0.17850278718820586,0.5230010315083056,1.0149633481686795,0.8682292877802474,-0.041438002695859136,0.25363678317719335,0.7457182866715434
1990-04-06,17.0,1,0.5222480005051883,1.0143869611493388,0.8675020313569732,-0.041510045217632394,0.2536281073651311,0.7454173716084446,1.4343145093915597
1990-04-07,15.8,1,1.0133125909580203,0.8669711822570285,-0.04184275564854605,0.2535405492681663,0.7454049574667818,1.4339101954121964,1.1392018425115529
1990-04-08,15.2,1,0.8659932138221703,-0.04209278757888279,0.2530798779748655,0.7452915400778313,1.433892547609093,1.1388418423534459,0.9916455090715491
1990-04-09,15.1,1,-0.042476278515568594,0.252738770205737,0.7446176006805516,1.4337429272113622,1.1388264375481028,0.9913076658240701,0.9670527868315487
1990-04-10,14.7,1,0.2521624757561304,0.7441246998467702,1.4327704124685126,1.1386923327255634,0.9912933825176071,0.9667186364025077,0.8686818978715463
1990-04-11,18.5,1,0.7432270662089623,1.4320650013442169,1.137847778845101,0.9911670354826636,0.9667045400125247,0.8683625187162574,1.8032053429915684
1990-04-12,16.4,1,1.4307174928429272,1.1372334435595972,0.9903864620333948,0.9665794859421805,0.8683491699921945,1.802745636735635,1.2867581759515558
1990-04-13,18.4,1,1.136078738571228,0.9898176646672868,0.9658095758981106,0.8682292877802474,1.802725185185331,1.2863760188828208,1.7786126207515673
1990-04-14,15.1,0,0.9887593614353782,0.9652483681852352,0.8675020313569732,1.8025561703186108,1.2863594925785973,1.778156607314072,0.9670527868315487
1990-04-15,9.9,0,0.9642061319127367,0.8669711822570285,1.801423704497777,1.2862176299684625,1.7781363426802481,0.9667186364025077,-0.31176876964848105
1990-04-16,10.2,1,0.8659932138221703,1.8006044485749917,1.2853090956568063,1.7779686207781273,0.9667045400125247,-0.3119108935187453,-0.23799060292847957
1990-04-17,12.6,1,1.799015935682551,1.2846492224519066,1.7768468183624924,0.9665794859421805,-0.3119152702517669,-0.2381438052540579,0.35223473083153434
1990-04-18,13.2,1,1.2833981157070773,1.7760351520929398,0.9658095758981106,-0.311973090162948,-0.2381487427365196,0.3519929008634437,0.4997910642715377
1990-04-19,11.5,1,1.7744627061599092,0.9652483681852352,-0.31218850313667335,-0.2382104415414985,0.3519834773854613,0.49952707739281893,0.08171478619152807
1990-04-20,13.8,1,0.9642061319127367,-0.312355048881451,-0.23845784473082068,0.3518907474300994,0.49951653241595645,0.08151357722625559,0.6473473977115415
1990-04-21,14.5,1,-0.31256180326462607,-0.23864715943529624,0.3513874225160028,0.49941604467299877,0.08150620982955353,0.6470612539221947,0.8194964533915453
1990-04-22,14.7,1,-0.23890211469670153,0.3510159561339437,0.49884873932770857,0.08142770248478383,0.647049587446452,0.8191844598731324,0.8686818978715463
1990-04-23,11.2,1,0.35037539384669686,0.4984317350262536,0.08104167502787549,0.6469413419158986,0.8191714849820295,0.8683625187162574,0.007936619471526173
1990-04-24,12.7,1,0.49769477098254633,0.08075369483137552,0.6463100561394147,0.8190541886992811,0.8683491699921945,0.0077464889615677275,0.3768274530715348
1990-04-25,13.7,1,0.08028986909763938,0.6458475139185639,0.8183482590864047,0.8682292877802474,0.007739682314305756,0.37658193028500614,0.6227546754715405
1990-04-26,11.5,0,0.6450141481183963,0.8178325892929253,0.8675020313569732,0.007665053863333917,0.3765723198905438,0.6224722245006318,0.08171478619152807
1990-04-27,10.4,0,0.8168867547768872,0.8669711822570285,0.007311016622022392,0.37647829697058255,0.6224607449413692,0.08151357722625559,-0.18880515844847817
1990-04-28,8.9,0,0.8659932138221703,0.007045805385220361,0.37596430865128705,0.622353792375415,0.08150620982955353,-0.1889657464109325,-0.5576959920484867
1990-04-29,11.1,0,0.0066301805297144245,0.3755852526159953,0.6217331700041301,0.08142770248478383,-0.18897105772635425,-0.5578011877343709,-0.016656102768474314
1990-04-30,9.5,1,0.37492862336933835,0.6212782174365119,0.08104167502787549,-0.18903534246053177,-0.5578036953025923,-0.016842540459994747,-0.41013965860848345
1990-05-01,13.0,1,0.6204609185957544,0.08075369483137552,-0.18930407246025183,-0.5578485855677804,-0.01684916019077669,-0.41026701120499565,0.4506056197915367
1990-05-02,13.9,1,0.08028986909763938,-0.18950856647119266,-0.5579573644895165,-0.01692249567714924,-0.41027064027209714,0.450349018549694,0.671940119951542
1990-05-03,12.6,1,-0.1897956556514181,-0.5580480137019675,-0.01726586951326183,-0.410323288324881,0.45033884740579155,0.6716502833437572,0.35223473083153434
1990-05-04,14.3,1,-0.558094098491042,-0.017523491096831212,-0.41049604767781067,0.4502409455920325,0.6716384299515344,0.3519929008634437,0.7703110089115444
1990-05-05,16.0,1,-0.017923048992927085,-0.4106322348096577,0.4496949670571401,0.6715288914563817,0.3519834773854613,0.7700064010300075,1.188387286991554
1990-05-06,13.3,0,-0.41077472135519255,0.44929314206215043,0.670886942274699,0.3518907474300994,0.7699937999718647,1.1880199011965709,0.5243837865115386
1990-05-07,7.0,0,0.44858831193726334,0.6704168104006155,0.3513874225160028,0.7698790896183149,1.1880041225582676,0.5241161068143819,-1.0249577146084978
1990-05-08,4.9,0,0.6695673776410378,0.3510159561339437,0.7691944868158364,1.1878674318065299,0.5241053749210394,-1.0249927467440596,-1.5414048816485098
1990-05-09,6.9,1,0.35037539384669686,0.7686939963288222,1.1870015511156693,0.5240035942134824,-1.0249917028991604,-1.5413623645968735,-1.0495504368484982
1990-05-10,13.7,0,0.7677802957316042,1.1863720365237003,0.5234256254629932,-1.0250120268369622,-1.5413573955058937,-1.049581776165622,0.6227546754715405
1990-05-11,10.6,1,1.1851851976165113,0.5230010315083056,-1.0249182010599185,-1.5413505671871102,-1.049580545404243,0.6224722245006318,-0.1396197139684772
1990-05-12,12.3,0,0.5222480005051883,-1.0248646468609492,-1.5410328099008888,-1.0495995763774453,0.6224607449413692,-0.13978768756780754,0.27845656411153286
1990-05-13,11.1,0,-1.0246054594212324,-1.5408198729840341,-1.0494950871952027,0.622353792375415,-0.13979337271618936,0.27822581259875623,-0.016656102768474314
1990-05-14,10.2,0,-1.540223279396706,-1.0494339433430009,0.6217331700041301,-0.13986024337956546,0.278216949870214,-0.016842540459994747,-0.23799060292847957
1990-05-15,9.5,0,-1.049158688943874,0.6212782174365119,-0.14015030018968339,0.27812809880864997,-0.01684916019077669,-0.2381438052540579,-0.41013965860848345
1990-05-16,8.9,1,0.6204609185957544,-0.14036997350708952,0.2776567641101501,-0.01692249567714924,-0.2381487427365196,-0.41026701120499565,-0.5576959920484867
1990-05-17,13.4,0,-0.14068919660613508,0.27730806668778896,-0.01726586951326183,-0.2382104415414985,-0.41027064027209714,-0.5578011877343709,0.5489765087515391
1990-05-18,9.1,0,0.2767157052787723,-0.017523491096831212,-0.23845784473082068,-0.410323288324881,-0.5578036953025923,0.5487051362359443,-0.5085105475684858
1990-05-19,9.4,0,-0.017923048992927085,-0.23864715943529624,-0.41049604767781067,-0.5578485855677804,0.5486942174261218,-0.508623128891246,-0.4347323808484839
1990-05-20,8.7,0,-0.23890211469670153,-0.4106322348096577,-0.5579573644895165,0.5485911437539656,-0.5086260102924274,-0.43485604062655814,-0.6068814365284882
1990-05-21,5.8,0,-0.41077472135519255,-0.5580480137019675,0.5480025115982774,-0.5086734864868141,-0.4348594827771796,-0.6069792465774964,-1.3200703814885046
1990-05-22,4.5,0,-0.558094098491042,0.5475703279903572,-0.508803592218948,-0.4349108378653642,-0.6069813803127576,-1.3200610998028104,-1.639775770608512
1990-05-23,7.2,0,0.5468012300278298,-0.5089094207378644,-0.4350729338130949,-0.6070236846487471,-1.320057812960151,-1.6397184822831237,-0.9757722701284967
1990-05-24,10.0,0,-0.508987639445759,-0.4352015312917093,-0.6071111367600853,-1.320062621322761,-1.6397127655262238,-0.9758146879009345,-0.2871760474084806
1990-05-25,10.5,0,-0.43532795087783405,-0.6071866066660712,-1.3198408346833301,-1.6397007653490432,-0.9758140178889954,-0.28732186409718286,-0.16421243620847767
1990-05-26,10.7,0,-0.6072005575363255,-1.3196962046455691,-1.6393403544420262,-0.9758369277559956,-0.2873264277466845,-0.16437671698937004,-0.1150269917284767
1990-05-27,8.2,0,-1.3192442136929317,-1.6390970589122407,-0.9757644287893498,-0.28738554062246485,-0.1643822152212718,-0.11519865814624508,-0.7298450477284911
1990-05-28,6.1,0,-1.6384361974872723,-0.9757260538968459,-0.28761161700138915,-0.1644477929200486,-0.11520453021110692,-0.7299243936853091,-1.2462922147685032
1990-05-29,4.5,0,-0.9754990003759492,-0.2877857523993994,-0.1647271863249676,-0.1152726938390823,-0.7299255928381703,-1.246294011538123,-1.639775770608512
1990-05-30,6.1,0,-0.2880085737419846,-0.1649392699891411,-0.11557341405439915,-0.7299614323511634,-1.2462912854449033,-1.6397184822831237,-1.2462922147685032
1990-05-31,9.8,0,-0.16524242612877657,-0.11580067702503795,-0.7299955674365068,-1.2462999727013113,-1.6397127655262238,-1.246294011538123,-0.3363614918884815
1990-06-01,9.7,0,-0.11613596708349355,-0.7300330890763295,-1.2461101762774773,-1.6397007653490432,-1.2462912854449033,-0.3364999229403078,-0.36095421412848244
1990-06-02,8.2,0,-0.7299667051495334,-1.2459883151994142,-1.6393403544420262,-1.2462999727013113,-0.3365041127568494,-0.3610889523618707,-0.7298450477284911
1990-06-03,8.4,0,-1.2455845251250068,-1.6390970589122407,-1.2461101762774773,-0.33656063970343114,-0.36109295526193225,-0.7299243936853091,-0.6806596032484896
1990-06-04,8.5,0,-1.6384361974872723,-1.2459883151994142,-0.3367653892719576,-0.36114818924391473,-0.7299255928381703,-0.6807463348421837,-0.6560668810084892
1990-06-05,10.4,0,-1.2455845251250068,-0.3369243453635025,-0.36134227540724223,-0.7299614323511634,-0.680747907828005,-0.6561573054206212,-0.18880515844847817
1990-06-06,6.8,0,-0.33711503278726757,-0.36149364184555455,-0.7299955674365068,-0.6807863332701967,-0.6561590653229225,-0.1889657464109325,-1.0741431590884989
1990-06-07,6.0,0,-0.3616682623099095,-0.7300330890763295,-0.680841795165938,-0.6561987837297135,-0.18897105772635425,-1.0741708055871848,-1.2708849370085036
1990-06-08,6.6,0,-0.7299667051495334,-0.6808944961122259,-0.6562649090306538,-0.18903534246053177,-1.0741693879093257,-1.2708830409596852,-1.1233286035685002
1990-06-09,7.8,0,-0.68086024610425,-0.6563251996301743,-0.18930407246025183,-1.0741871259179288,-1.270880127949986,-1.12334886443031,-0.8282159366884932
1990-06-10,10.3,0,-0.6563070165816085,-0.18950856647119266,-1.074071973330487,-1.2708875222417946,-1.1233470729194908,-0.8282805113715592,-0.21339788068847865
1990-06-11,7.2,0,-0.1897956556514181,-1.0740032398250525,-1.2706870624127615,-1.1233622249988953,-0.8282809628585003,-0.21355477583249496,-0.9757722701284967
1990-06-12,7.4,1,-1.0737119184665156,-1.2705576116814659,-1.1232257456010557,-0.8283116305130962,-0.2135599002314367,-0.9758146879009345,-0.9265868256484954
1990-06-13,11.4,0,-1.2701377546476484,-1.123141832789156,-0.828303111977644,-0.21362289200101492,-0.9758140178889954,-0.9266366290578093,0.05712206395152759
1990-06-14,5.4,0,-1.1228183775117988,-0.828310275004536,-0.21388095859553605,-0.9758369277559956,-0.9266363328788303,0.05692454780469311,-1.418441270448507
1990-06-15,4.4,0,-0.8281796232400997,-0.21407786295324424,-0.9757644287893498,-0.9266618286750291,0.056917367324471085,-1.4184172174890606,-1.6643684928485127
1990-06-16,6.4,0,-0.2143488851740596,-0.9757260538968459,-0.926610656518781,0.05684015294430066,-1.418413182980481,-1.6643075117046862,-1.1725140480485012
1990-06-17,9.3,0,-0.9754990003759492,-0.9265874609327425,0.056464788892591274,-1.4184128194846939,-1.6643016080313062,-1.172526923273435,-0.4593251030884844
1990-06-18,7.7,0,-0.926392541330666,0.05618439834932394,-1.4181483792244673,-1.6642883148895264,-1.1725247579296556,-0.4594450700481206,-0.8528086589284938
1990-06-19,8.1,0,0.05573663957499788,-1.4179733905737757,-1.6639172405773104,-1.1725373240798616,-0.45944832528226204,-0.8528695407931217,-0.7544377699684915
1990-06-20,8.3,0,-1.4174571317834979,-1.6636663553942923,-1.172379517871624,-0.45949838740584736,-0.8528698053635827,-0.7545134231068716,-0.7052523254884902
1990-06-21,9.1,0,-1.662989427009914,-1.172280425753259,-0.4596498199483791,-0.8528991800535793,-0.7545144353432527,-0.7053353642637462,-0.5085105475684858
1990-06-22,7.7,0,-1.171924836557082,-0.4597708277737608,-0.8528799981129281,-0.7545489818916465,-0.7053367503330874,-0.508623128891246,-0.8528086589284938
1990-06-23,10.6,0,-0.45988118040047554,-0.8528795714865876,-0.754572453571791,-0.7053738828106798,-0.5086260102924274,-0.8528695407931217,-0.1396197139684772
1990-06-24,8.2,0,-0.8527328527627412,-0.754602385558381,-0.7054186813012222,-0.5086734864868141,-0.8528698053635827,-0.13978768756780754,-0.7298450477284911
1990-06-25,7.9,0,-0.7545199346721749,-0.7054637925942775,-0.508803592218948,-0.8528991800535793,-0.13979337271618936,-0.7299243936853091,-0.8036232144484925
1990-06-26,5.2,0,-0.7054134756268915,-0.5089094207378644,-0.8528799981129281,-0.13986024337956546,-0.7299255928381703,-0.8036914819499965,-1.467626714928508
1990-06-27,5.9,0,-0.508987639445759,-0.8528795714865876,-0.14015030018968339,-0.7299614323511634,-0.8036921203534176,-1.4675952763321858,-1.295477659248504
1990-06-28,3.7,0,-0.8527328527627412,-0.14036997350708952,-0.7299955674365068,-0.8037240809726128,-1.4675908679906462,-1.2954720703812477,-1.8365175485285168
1990-06-29,5.6,0,-0.14068919660613508,-0.7300330890763295,-0.8037262258423595,-1.4675879185656604,-1.2954689704550684,-1.8364307176556243,-1.369255825968506
1990-06-30,9.4,0,-0.7299667051495334,-0.8037409785224842,-1.467302151495036,-1.2954750717822778,-1.836423505566884,-1.3692391586459356,-0.4347323808484839
1990-07-01,7.4,0,-0.803626393717458,-1.467111983537879,-1.2952639485480457,-1.8364011616729092,-1.369235497970316,-0.43485604062655814,-0.9265868256484954
1990-07-02,7.3,0,-1.466563590828781,-1.2951269081635175,-1.8359554435243006,-1.3692377204037276,-0.4348594827771796,-0.9266366290578093,-0.9511795478884961
1990-07-03,7.7,0,-1.2946909841702898,-1.835651430768654,-1.3689946069538987,-0.4349108378653642,-0.9266363328788303,-0.951225658479372,-0.8528086589284938
1990-07-04,7.7,0,-1.834862033668405,-1.3688347976096726,-0.4350729338130949,-0.9266618286750291,-0.9512251753839129,-0.8528695407931217,-0.8528086589284938
1990-07-05,9.3,0,-1.3683506727382149,-0.4352015312917093,-0.926610656518781,-0.9512493782155125,-0.8528698053635827,-0.8528695407931217,-0.4593251030884844
1990-07-06,4.4,0,-0.43532795087783405,-0.9265874609327425,-0.9511875426540655,-0.8528991800535793,-0.8528698053635827,-0.4594450700481206,-1.6643684928485127
1990-07-07,5.7,0,-0.926392541330666,-0.9511567574147943,-0.8528799981129281,-0.8528991800535793,-0.45944832528226204,-1.6643075117046862,-1.3446631037285053
1990-07-08,10.2,0,-0.9509457708533077,-0.8528795714865876,-0.8528799981129281,-0.45949838740584736,-1.6643016080313062,-1.3446501292243729,-0.23799060292847957
1990-07-09,10.2,0,-0.8527328527627412,-0.8528795714865876,-0.4596498199483791,-1.6642883148895264,-1.3446466554652334,-0.2381438052540579,-0.23799060292847957
1990-07-10,9.3,0,-0.8527328527627412,-0.4597708277737608,-1.6639172405773104,-1.3446501708632443,-0.2381487427365196,-0.2381438052540579,-0.4593251030884844
1990-07-11,5.4,0,-0.45988118040047554,-1.6636663553942923,-1.3444177208186143,-0.2382104415414985,-0.2381487427365196,-0.4594450700481206,-1.418441270448507
1990-07-12,5.0,0,-1.662989427009914,-1.3442655011276208,-0.23845784473082068,-0.2382104415414985,-0.45944832528226204,-1.4184172174890606,-1.5168121594085093
1990-07-13,7.6,0,-1.343797443215573,-0.23864715943529624,-0.23845784473082068,-0.45949838740584736,-1.418413182980481,-1.516773335175311,-0.8774013811684944
1990-07-14,9.6,0,-0.23890211469670153,-0.23864715943529624,-0.4596498199483791,-1.4184128194846939,-1.5167685530008113,-0.8774585702146844,-0.3855469363684829
1990-07-15,10.4,1,-0.23890211469670153,-0.4597708277737608,-1.4181483792244673,-1.516763017646627,-0.8774586478686653,-0.38567798178343315,-0.18880515844847817
1990-07-16,11.2,0,-0.45988118040047554,-1.4179733905737757,-1.5164559237656046,-0.8774867295940627,-0.3856817977670147,-0.1889657464109325,0.007936619471526173
1990-07-17,9.1,1,-1.4174571317834979,-1.5162505765019825,-0.8774568842482127,-0.3857357387843979,-0.18897105772635425,0.0077464889615677275,-0.5085105475684858
1990-07-18,11.2,0,-1.5156700498740643,-0.8774488679686393,-0.3859191615425265,-0.18903534246053177,0.007739682314305756,-0.508623128891246,0.007936619471526173
1990-07-19,6.8,0,-0.877286082285383,-0.38606293832760613,-0.18930407246025183,0.007665053863333917,-0.5086260102924274,0.0077464889615677275,-1.0741431590884989
1990-07-20,8.3,0,-0.386221491832551,-0.18950856647119266,0.007311016622022392,-0.5086734864868141,0.007739682314305756,-1.0741708055871848,-0.7052523254884902
1990-07-21,9.7,0,-0.1897956556514181,0.007045805385220361,-0.508803592218948,0.007665053863333917,-1.0741693879093257,-0.7053353642637462,-0.36095421412848244
1990-07-22,9.6,0,0.0066301805297144245,-0.5089094207378644,0.007311016622022392,-1.0741871259179288,-0.7053367503330874,-0.3610889523618707,-0.3855469363684829
1990-07-23,9.8,0,-0.508987639445759,0.007045805385220361,-1.074071973330487,-0.7053738828106798,-0.36109295526193225,-0.38567798178343315,-0.3363614918884815
1990-07-24,10.8,0,0.0066301805297144245,-1.0740032398250525,-0.7054186813012222,-0.36114818924391473,-0.3856817977670147,-0.3364999229403078,-0.09043426948847577
1990-07-25,9.2,0,-1.0737119184665156,-0.7054637925942775,-0.36134227540724223,-0.3857357387843979,-0.3365041127568494,-0.09060962872468217,-0.4839178253284853
1990-07-26,6.5,0,-0.7054134756268915,-0.36149364184555455,-0.3859191615425265,-0.33656063970343114,-0.09061568770602403,-0.4840340994696835,-1.1479213258085006
1990-07-27,8.1,0,-0.3616682623099095,-0.38606293832760613,-0.3367653892719576,-0.09068514429859871,-0.48403716778734496,-1.1479378938518725,-0.7544377699684915
1990-07-28,7.3,0,-0.386221491832551,-0.3369243453635025,-0.09099652791911449,-0.48408593694633095,-1.1479359154245732,-0.7545134231068716,-0.9511795478884961
1990-07-29,7.9,0,-0.33711503278726757,-0.09123138054298593,-0.4842267060836638,-1.1479497745393783,-0.7545144353432527,-0.951225658479372,-0.8036232144484925
1990-07-30,6.0,0,-0.09158273756085161,-0.48434012425581285,-1.14780263173634,-0.7545489818916465,-0.9512251753839129,-0.8036914819499965,-1.2708849370085036
1990-07-31,5.0,0,-0.4844344099231175,-1.1477111292712074,-0.754572453571791,-0.9512493782155125,-0.8036921203534176,-1.2708830409596852,-1.5168121594085093
1990-08-01,6.8,0,-1.1473716070344404,-0.754602385558381,-0.9511875426540655,-0.8037240809726128,-1.270880127949986,-1.516773335175311,-1.0741431590884989
1990-08-02,9.8,0,-0.7545199346721749,-0.9511567574147943,-0.8037262258423595,-1.2708875222417946,-1.5167685530008113,-1.0741708055871848,-0.3363614918884815
1990-08-03,5.7,0,-0.9509457708533077,-0.8037409785224842,-1.2706870624127615,-1.516763017646627,-1.0741693879093257,-0.3364999229403078,-1.3446631037285053
1990-08-04,8.6,0,-0.803626393717458,-1.2705576116814659,-1.5164559237656046,-1.0741871259179288,-0.3365041127568494,-1.3446501292243729,-0.6314741587684887
1990-08-05,10.6,0,-1.2701377546476484,-1.5162505765019825,-1.074071973330487,-0.33656063970343114,-1.3446466554652334,-0.6315682759990587,-0.1396197139684772
1990-08-06,7.8,0,-1.5156700498740643,-1.0740032398250525,-0.3367653892719576,-1.3446501708632443,-0.63157022281784,-0.13978768756780754,-0.8282159366884932
1990-08-07,7.7,0,-1.0737119184665156,-0.3369243453635025,-1.3444177208186143,-0.6316112341892304,-0.13979337271618936,-0.8282805113715592,-0.8528086589284938
1990-08-08,8.6,0,-0.33711503278726757,-1.3442655011276208,-0.6316880228953695,-0.13986024337956546,-0.8282809628585003,-0.8528695407931217,-0.6314741587684887
1990-08-09,6.5,0,-1.343797443215573,-0.6317559031481227,-0.14015030018968339,-0.8283116305130962,-0.8528698053635827,-0.6315682759990587,-1.1479213258085006
1990-08-10,6.9,0,-0.631753787058967,-0.14036997350708952,-0.828303111977644,-0.8528991800535793,-0.63157022281784,-1.1479378938518725,-1.0495504368484982
1990-08-11,6.4,0,-0.14068919660613508,-0.828310275004536,-0.8528799981129281,-0.6316112341892304,-1.1479359154245732,-1.049581776165622,-1.1725140480485012
1990-08-12,8.5,0,-0.8281796232400997,-0.8528795714865876,-0.6316880228953695,-1.1479497745393783,-1.049580545404243,-1.172526923273435,-0.6560668810084892
1990-08-13,7.8,0,-0.8527328527627412,-0.6317559031481227,-1.14780263173634,-1.0495995763774453,-1.1725247579296556,-0.6561573054206212,-0.8282159366884932
1990-08-14,9.3,0,-0.631753787058967,-1.1477111292712074,-1.0494950871952027,-1.1725373240798616,-0.6561590653229225,-0.8282805113715592,-0.4593251030884844
1990-08-15,8.4,0,-1.1473716070344404,-1.0494339433430009,-1.172379517871624,-0.6561987837297135,-0.8282809628585003,-0.4594450700481206,-0.6806596032484896
1990-08-16,7.8,0,-1.049158688943874,-1.172280425753259,-0.6562649090306538,-0.8283116305130962,-0.45944832528226204,-0.6807463348421837,-0.8282159366884932
1990-08-17,7.4,0,-1.171924836557082,-0.6563251996301743,-0.828303111977644,-0.45949838740584736,-0.680747907828005,-0.8282805113715592,-0.9265868256484954
1990-08-18,7.7,0,-0.6563070165816085,-0.828310275004536,-0.4596498199483791,-0.6807863332701967,-0.8282809628585003,-0.9266366290578093,-0.8528086589284938
1990-08-19,8.9,0,-0.8281796232400997,-0.4597708277737608,-0.680841795165938,-0.8283116305130962,-0.9266363328788303,-0.8528695407931217,-0.5576959920484867
1990-08-20,9.7,0,-0.45988118040047554,-0.6808944961122259,-0.828303111977644,-0.9266618286750291,-0.8528698053635827,-0.5578011877343709,-0.36095421412848244
1990-08-21,9.9,0,-0.68086024610425,-0.828310275004536,-0.926610656518781,-0.8528991800535793,-0.5578036953025923,-0.3610889523618707,-0.31176876964848105
1990-08-22,6.1,0,-0.8281796232400997,-0.9265874609327425,-0.8528799981129281,-0.5578485855677804,-0.36109295526193225,-0.3119108935187453,-1.2462922147685032
1990-08-23,6.6,0,-0.926392541330666,-0.8528795714865876,-0.5579573644895165,-0.36114818924391473,-0.3119152702517669,-1.246294011538123,-1.1233286035685002
1990-08-24,7.6,0,-0.8527328527627412,-0.5580480137019675,-0.36134227540724223,-0.311973090162948,-1.2462912854449033,-1.12334886443031,-0.8774013811684944
1990-08-25,7.4,0,-0.558094098491042,-0.36149364184555455,-0.31218850313667335,-1.2462999727013113,-1.1233470729194908,-0.8774585702146844,-0.9265868256484954
1990-08-26,8.0,0,-0.3616682623099095,-0.312355048881451,-1.2461101762774773,-1.1233622249988953,-0.8774586478686653,-0.9266366290578093,-0.7790304922084921
1990-08-27,2.1,0,-0.31256180326462607,-1.2459883151994142,-1.1232257456010557,-0.8774867295940627,-0.9266363328788303,-0.779102452528434,-2.230001104368526
1990-08-28,5.9,1,-1.2455845251250068,-1.123141832789156,-0.8774568842482127,-0.9266618286750291,-0.7791032778483352,-2.2298551884006255,-1.295477659248504
1990-08-29,11.6,0,-1.1228183775117988,-0.8774488679686393,-0.926610656518781,-0.7791365314321297,-2.2298449856482048,-1.2954720703812477,0.10630750843152856
1990-08-30,8.6,0,-0.877286082285383,-0.9265874609327425,-0.7791493397070753,-2.2298019543206413,-1.2954689704550684,0.10610260664781807,-0.6314741587684887
1990-08-31,7.9,0,-0.926392541330666,-0.7791716820404326,-2.2291856216888495,-1.2954750717822778,0.10609505233463598,-0.6315682759990587,-0.8036232144484925
1990-09-01,6.0,0,-0.7790731641948164,-2.2287601744814807,-1.2952639485480457,0.10601525202526697,-0.63157022281784,-0.8036914819499965,-1.2708849370085036
1990-09-02,9.5,0,-2.227713706030671,-1.2951269081635175,0.10561856116315971,-0.6316112341892304,-0.8036921203534176,-1.2708830409596852,-0.41013965860848345
1990-09-03,8.6,0,-1.2946909841702898,0.1053229913134271,-0.6316880228953695,-0.8037240809726128,-1.270880127949986,-0.41026701120499565,-0.6314741587684887
1990-09-04,7.6,0,0.10484309862028089,-0.6317559031481227,-0.8037262258423595,-1.2708875222417946,-0.41027064027209714,-0.6315682759990587,-0.8774013811684944
1990-09-05,10.4,0,-0.631753787058967,-0.8037409785224842,-1.2706870624127615,-0.410323288324881,-0.63157022281784,-0.8774585702146844,-0.18880515844847817
1990-09-06,10.3,0,-0.803626393717458,-1.2705576116814659,-0.41049604767781067,-0.6316112341892304,-0.8774586478686653,-0.1889657464109325,-0.21339788068847865
1990-09-07,7.5,0,-1.2701377546476484,-0.4106322348096577,-0.6316880228953695,-0.8774867295940627,-0.18897105772635425,-0.21355477583249496,-0.901994103408495
1990-09-08,3.0,0,-0.41077472135519255,-0.6317559031481227,-0.8774568842482127,-0.18903534246053177,-0.2135599002314367,-0.9020475996362469,-2.008666604208521
1990-09-09,5.3,0,-0.631753787058967,-0.8774488679686393,-0.18930407246025183,-0.21362289200101492,-0.9020474903737479,-2.008553923606562,-1.4430339926885076
1990-09-10,10.5,1,-0.877286082285383,-0.18950856647119266,-0.21388095859553605,-0.902074279134546,-2.008545403102462,-1.4430062469106233,-0.16421243620847767
1990-09-11,14.6,1,-0.1897956556514181,-0.21407786295324424,-0.9020337703834969,-2.008514008456292,-1.4430020254855636,-0.16437671698937004,0.8440891756315458
1990-09-12,12.6,0,-0.2143488851740596,-0.9020181644506909,-2.0079936464712906,-1.4430003690251774,-0.1643822152212718,0.8437734892946949,0.35223473083153434
1990-09-13,9.8,0,-0.9018393118080245,-2.0076365061430157,-1.4427252653597518,-0.1644477929200486,0.843760327487112,0.3519929008634437,-0.3363614918884815
1990-09-14,7.2,0,-2.006734640326896,-1.4425426870558276,-0.1647271863249676,0.8436417382397643,0.3519834773854613,-0.3364999229403078,-0.9757722701284967
1990-09-15,10.1,0,-1.4420103613061397,-0.1649392699891411,0.8429251452216889,0.3518907474300994,-0.3365041127568494,-0.9758146879009345,-0.26258332516848004
1990-09-16,10.4,0,-0.16524242612877657,0.8424018857749769,0.3513874225160028,-0.33656063970343114,-0.9758140178889954,-0.26273283467562036,-0.18880515844847817
1990-09-17,3.7,0,0.8414399842995288,0.3510159561339437,-0.3367653892719576,-0.9758369277559956,-0.262737585241602,-0.1889657464109325,-1.8365175485285168
1990-09-18,7.3,1,0.35037539384669686,-0.3369243453635025,-0.9757644287893498,-0.26279799108198165,-0.18897105772635425,-1.8364307176556243,-0.9511795478884961
1990-09-19,11.6,1,-0.33711503278726757,-0.9757260538968459,-0.2630347308661049,-0.18903534246053177,-1.836423505566884,-0.951225658479372,0.10630750843152856
1990-09-20,16.3,0,-0.9754990003759492,-0.2632164559173478,-0.18930407246025183,-1.8364011616729092,-0.9512251753839129,0.10610260664781807,1.2621654537115559
1990-09-21,9.6,0,-0.263455344219343,-0.18950856647119266,-1.8359554435243006,-0.9512493782155125,0.10609505233463598,1.2617869894612588,-0.3855469363684829
1990-09-22,6.8,0,-0.1897956556514181,-1.835651430768654,-0.9511875426540655,0.10601525202526697,1.2617706500735153,-0.38567798178343315,-1.0741431590884989
1990-09-23,5.2,0,-1.834862033668405,-0.9511567574147943,0.10561856116315971,1.2616300804279796,-0.3856817977670147,-1.0741708055871848,-1.467626714928508
1990-09-24,10.6,1,-0.9509457708533077,0.1053229913134271,1.2607322095215225,-0.3857357387843979,-1.0741693879093257,-1.4675952763321858,-0.1396197139684772
1990-09-25,16.3,0,0.10484309862028089,1.2600799259698554,-0.3859191615425265,-1.0741871259179288,-1.4675908679906462,-0.13978768756780754,1.2621654537115559
1990-09-26,9.8,0,1.2588448861844361,-0.38606293832760613,-1.074071973330487,-1.4675879185656604,-0.13979337271618936,1.2617869894612588,-0.3363614918884815
1990-09-27,4.6,0,-0.386221491832551,-1.0740032398250525,-1.467302151495036,-0.13986024337956546,1.2617706500735153,-0.3364999229403078,-1.6151830483685117
1990-09-28,11.1,0,-1.0737119184665156,-1.467111983537879,-0.14015030018968339,1.2616300804279796,-0.3365041127568494,-1.6151294528615612,-0.016656102768474314
1990-09-29,8.7,0,-1.466563590828781,-0.14036997350708952,1.2607322095215225,-0.33656063970343114,-1.6151239230211414,-0.016842540459994747,-0.6068814365284882
1990-09-30,10.0,1,-0.14068919660613508,1.2600799259698554,-0.3367653892719576,-1.6151132158085602,-0.01684916019077669,-0.6069792465774964,-0.2871760474084806
1990-10-01,11.3,0,1.2588448861844361,-0.3369243453635025,-1.614763468306742,-0.01692249567714924,-0.6069813803127576,-0.28732186409718286,0.0325293417115271
1990-10-02,10.5,0,-0.33711503278726757,-1.6145277624301893,-0.01726586951326183,-0.6070236846487471,-0.2873264277466845,0.03233551838313064,-0.16421243620847767
1990-10-03,9.9,0,-1.613882967964631,-0.017523491096831212,-0.6071111367600853,-0.28738554062246485,0.03232852481938864,-0.16437671698937004,-0.31176876964848105
1990-10-04,11.0,1,-0.017923048992927085,-0.6071866066660712,-0.28761161700138915,0.03225260340381751,-0.1643822152212718,-0.3119108935187453,-0.0412488250084748
1990-10-05,14.0,0,-0.6072005575363255,-0.2877857523993994,0.03188790275730705,-0.1644477929200486,-0.3119152702517669,-0.041431569881557224,0.6965328421915424
1990-10-06,9.2,0,-0.2880085737419846,0.03161510186727237,-0.1647271863249676,-0.311973090162948,-0.041438002695859136,0.6962393127653196,-0.4839178253284853
1990-10-07,9.8,0,0.03118341005235637,-0.1649392699891411,-0.31218850313667335,-0.041510045217632394,0.6962272724566169,-0.4840340994696835,-0.3363614918884815
1990-10-08,6.0,0,-0.16524242612877657,-0.312355048881451,-0.04184275564854605,0.6961164409968649,-0.48403716778734496,-0.3364999229403078,-1.2708849370085036
1990-10-09,9.8,0,-0.31256180326462607,-0.04209278757888279,0.6954638284099832,-0.48408593694633095,-0.3365041127568494,-1.2708830409596852,-0.3363614918884815
1990-10-10,9.2,1,-0.042476278515568594,0.694986106882667,-0.4842267060836638,-0.33656063970343114,-1.270880127949986,-0.3364999229403078,-0.4839178253284853
1990-10-11,11.8,0,0.6941206071636793,-0.48434012425581285,-0.3367653892719576,-1.2708875222417946,-0.3365041127568494,-0.4840340994696835,0.15549295291152998
1990-10-12,10.3,0,-0.4844344099231175,-0.3369243453635025,-1.2706870624127615,-0.33656063970343114,-0.48403716778734496,0.15528066549094344,-0.21339788068847865
1990-10-13,7.5,0,-0.33711503278726757,-1.2705576116814659,-0.3367653892719576,-0.48408593694633095,0.15527273734480132,-0.21355477583249496,-0.901994103408495
1990-10-14,7.7,1,-1.2701377546476484,-0.3369243453635025,-0.4842267060836638,0.15519035110623372,-0.2135599002314367,-0.9020475996362469,-0.8528086589284938
1990-10-15,15.8,1,-0.33711503278726757,-0.48434012425581285,0.1547723334337286,-0.21362289200101492,-0.9020474903737479,-0.8528695407931217,1.1392018425115529
1990-10-16,14.6,0,-0.4844344099231175,0.15446158427753068,-0.21388095859553605,-0.902074279134546,-0.8528698053635827,1.1388418423534459,0.8440891756315458
1990-10-17,10.5,1,0.15394955766556434,-0.21407786295324424,-0.9020337703834969,-0.8528991800535793,1.1388264375481028,0.8437734892946949,-0.16421243620847767
1990-10-18,11.3,0,-0.2143488851740596,-0.9020181644506909,-0.8528799981129281,1.1386923327255634,0.843760327487112,-0.16437671698937004,0.0325293417115271
1990-10-19,10.9,0,-0.9018393118080245,-0.8528795714865876,1.137847778845101,0.8436417382397643,-0.1643822152212718,0.03233551838313064,-0.0658415472484753
1990-10-20,6.4,0,-0.8527328527627412,1.1372334435595972,0.8429251452216889,-0.1644477929200486,0.03232852481938864,-0.0660205993031197,-1.1725140480485012
1990-10-21,10.9,0,1.136078738571228,0.8424018857749769,-0.1647271863249676,0.03225260340381751,-0.06602684520094158,-1.172526923273435,-0.0658415472484753
1990-10-22,9.0,0,0.8414399842995288,-0.1649392699891411,0.03188790275730705,-0.06609759475811555,-1.1725247579296556,-0.0660205993031197,-0.5331032698084863
1990-10-23,10.9,1,-0.16524242612877657,0.03161510186727237,-0.06641964178383027,-1.1725373240798616,-0.06602684520094158,-0.5332121583128084,-0.0658415472484753
1990-10-24,12.4,1,0.03118341005235637,-0.06666208406093437,-1.172379517871624,-0.06609759475811555,-0.5332148527975098,-0.0660205993031197,0.30304928635153333
1990-10-25,11.6,1,-0.0670295080382101,-1.172280425753259,-0.06641964178383027,-0.5332610360272972,-0.06602684520094158,0.3028148420203187,0.10630750843152856
1990-10-26,13.3,1,-1.171924836557082,-0.06666208406093437,-0.5333804783542322,-0.06609759475811555,0.3028057923752964,0.10610260664781807,0.5243837865115386
1990-10-27,14.4,1,-0.0670295080382101,-0.533478717219916,-0.06641964178383027,0.3027156483491331,0.10609505233463598,0.5241161068143819,0.7949037311515448
1990-10-28,18.4,1,-0.5335408689684005,-0.06666208406093437,0.30223365024543436,0.10601525202526697,0.5241053749210394,0.79459543045157,1.7786126207515673
1990-10-29,13.6,1,-0.0670295080382101,0.30187736316984054,0.10561856116315971,0.5240035942134824,0.7945826424769471,1.778156607314072,0.5981619532315401
1990-10-30,14.9,1,0.3012689348014138,0.1053229913134271,0.5234256254629932,0.794466639158798,1.7781363426802481,0.5978831950790693,0.9178673423515477
1990-10-31,14.8,1,0.10484309862028089,0.5230010315083056,0.7937713729511205,1.7779686207781273,0.5978719024362866,0.9175405775593828,0.8932746201115472
1990-11-01,15.4,1,0.5222480005051883,0.7932632928108738,1.7768468183624924,0.5977662428349318,0.9175268550023598,0.8929515481378203,1.0408309535515505
1990-11-02,11.8,1,0.7923335252542457,1.7760351520929398,0.5971562838688459,0.9174043868612142,0.8929380124972773,1.0404857246671955,0.15549295291152998
1990-11-03,13.0,0,1.7744627061599092,0.5967089209544603,0.9166558036275421,0.892816837320731,1.0404710675277724,0.15528066549094344,0.4506056197915367
1990-11-04,11.1,1,0.5959076890731129,0.9161097752211321,0.8920789174922579,1.0403421345636303,0.15527273734480132,0.450349018549694,-0.016656102768474314
1990-11-05,12.5,1,0.9150996728674538,0.8915404787390805,1.0395402343039637,0.15519035110623372,0.45033884740579155,-0.016842540459994747,0.3276420085915338
1990-11-06,18.3,1,0.8905464433448123,1.0389562576313904,0.1547723334337286,0.4502409455920325,-0.01684916019077669,0.3274038714418812,1.7540198985115674
1990-11-07,19.2,1,1.0378658204806617,0.15446158427753068,0.4496949670571401,-0.01692249567714924,0.3273946348803789,1.75356757789251,1.9753543986715723
1990-11-08,15.4,1,0.15394955766556434,0.44929314206215043,-0.01726586951326183,0.32730319788961626,1.7535475001751661,1.9748688426865726,1.0408309535515505
1990-11-09,13.1,1,0.44858831193726334,-0.017523491096831212,0.3268105363807186,1.7533810712376445,1.9748470827209086,1.0404857246671955,0.47519834203153716
1990-11-10,11.5,0,-0.017923048992927085,0.3264466596518921,1.7522699322272086,1.9746690171019934,1.0404710675277724,0.4749380479712565,0.08171478619152807
1990-11-11,8.6,1,0.32582216432405536,1.7514658556108886,1.973461907444767,1.0403421345636303,0.474927689910874,0.08151357722625559,-0.6314741587684887
1990-11-12,12.6,1,1.749909476637268,1.9725895239493532,1.0395402343039637,0.4748284951325156,0.08150620982955353,-0.6315682759990587,0.35223473083153434
1990-11-13,13.8,1,1.970888542341042,1.0389562576313904,0.4742718531924243,0.08142770248478383,-0.63157022281784,0.3519929008634437,0.6473473977115415
1990-11-14,14.6,1,1.0378658204806617,0.473862438544202,0.08104167502787549,-0.6316112341892304,0.3519834773854613,0.6470612539221947,0.8440891756315458
1990-11-15,13.2,1,0.47314154145990484,0.08075369483137552,-0.6316880228953695,0.3518907474300994,0.647049587446452,0.8437734892946949,0.4997910642715377
1990-11-16,12.3,0,0.08028986909763938,-0.6317559031481227,0.3513874225160028,0.6469413419158986,0.843760327487112,0.49952707739281893,0.27845656411153286
1990-11-17,8.8,0,-0.631753787058967,0.3510159561339437,0.6463100561394147,0.8436417382397643,0.49951653241595645,0.27822581259875623,-0.5822887142884873
1990-11-18,10.7,0,0.35037539384669686,0.6458475139185639,0.8429251452216889,0.49941604467299877,0.278216949870214,-0.5823902171559334,-0.1150269917284767
1990-11-19,9.9,0,0.6450141481183963,0.8424018857749769,0.49884873932770857,0.27812809880864997,-0.5823925378076747,-0.11519865814624508,-0.31176876964848105
1990-11-20,8.3,1,0.8414399842995288,0.4984317350262536,0.2776567641101501,-0.5824361351082635,-0.11520453021110692,-0.3119108935187453,-0.7052523254884902
1990-11-21,15.0,1,0.49769477098254633,0.27730806668778896,-0.5825342506248007,-0.1152726938390823,-0.3119152702517669,-0.7053353642637462,0.9424600645915482
1990-11-22,12.2,0,0.2767157052787723,-0.5826173101840192,-0.11557341405439915,-0.311973090162948,-0.7053367503330874,0.9421296069809453,0.25386384187153194
1990-11-23,10.5,0,-0.5826473280136836,-0.11580067702503795,-0.31218850313667335,-0.7053738828106798,0.9421156975074423,0.25363678317719335,-0.16421243620847767
1990-11-24,11.1,1,-0.11613596708349355,-0.312355048881451,-0.7054186813012222,0.9419919364016973,0.2536281073651311,-0.16437671698937004,-0.016656102768474314
1990-11-25,13.0,1,-0.31256180326462607,-0.7054637925942775,0.9412326897628263,0.2535405492681663,-0.1643822152212718,-0.016842540459994747,0.4506056197915367
1990-11-26,12.9,0,-0.7054134756268915,0.9406790717031837,0.2530798779748655,-0.1644477929200486,-0.01684916019077669,0.450349018549694,0.4260128975515362
1990-11-27,8.8,1,0.9396529023900952,0.252738770205737,-0.1647271863249676,-0.01692249567714924,0.45033884740579155,0.4257599891281315,-0.5822887142884873
1990-11-28,14.7,1,0.2521624757561304,-0.1649392699891411,-0.01726586951326183,0.4502409455920325,0.4257500049007091,-0.5823902171559334,0.8686818978715463
1990-11-29,14.7,1,-0.16524242612877657,-0.017523491096831212,0.4496949670571401,0.42565339605154934,-0.5823925378076747,0.8683625187162574,0.8686818978715463
1990-11-30,12.7,1,-0.017923048992927085,0.44929314206215043,0.4251180809218559,-0.5824361351082635,0.8683491699921945,0.8683625187162574,0.3768274530715348
1990-12-01,13.3,1,0.44858831193726334,0.42472384558009885,-0.5825342506248007,0.8682292877802474,0.8683491699921945,0.37658193028500614,0.5243837865115386
1990-12-02,13.2,1,0.42403508241462184,-0.5826173101840192,0.8675020313569732,0.8682292877802474,0.3765723198905438,0.5241161068143819,0.4997910642715377
1990-12-03,16.2,1,-0.5826473280136836,0.8669711822570285,0.8675020313569732,0.37647829697058255,0.5241053749210394,0.49952707739281893,1.237572731471555
1990-12-04,17.3,1,0.8659932138221703,0.8669711822570285,0.37596430865128705,0.5240035942134824,0.49951653241595645,1.2371979600396958,1.5080926761115616
1990-12-05,20.5,1,0.8659932138221703,0.3755852526159953,0.5234256254629932,0.49941604467299877,1.2371818075684324,1.5076772836768844,2.2950597877915797
1990-12-06,20.2,1,0.37492862336933835,0.5230010315083056,0.49884873932770857,1.2370425308874962,1.5076590751243406,2.2945262251668863,2.221281621071578
1990-12-07,19.4,1,0.5222480005051883,0.4984317350262536,1.236155323386238,1.5075055758328122,2.294502035286982,2.220759136902198,2.0245398431515733
1990-12-08,15.5,1,0.49769477098254633,1.2355106294878033,1.5065010708743656,2.294307161128276,2.220735507771734,2.024046901529698,1.0654236757915512
1990-12-09,14.1,0,1.2342916566617943,1.505772890790372,2.2929614272034633,2.2205445125068257,2.024024767731073,1.065074754088758,0.721125564431543
1990-12-10,11.0,0,1.5043771814108522,2.291990378216025,2.21923076879761,2.0238441161829597,1.0650599100328548,0.7208283421868821,-0.0412488250084748
1990-12-11,11.1,1,2.290080526135383,2.2182824887698698,2.0226156797153356,1.0649296841041136,0.7208161149616994,-0.041431569881557224,-0.016656102768474314
1990-12-12,14.0,1,2.216420837567458,2.021728116913456,1.0641171204392479,0.720703990537348,-0.041438002695859136,-0.016842540459994747,0.6965328421915424
1990-12-13,11.4,1,2.019995001386325,1.0635255541134419,0.7200407145452674,-0.041510045217632394,-0.01684916019077669,0.6962393127653196,0.05712206395152759
1990-12-14,12.5,1,1.0624190500033033,0.7195554033647186,-0.04184275564854605,-0.01692249567714924,0.6962272724566169,0.05692454780469311,0.3276420085915338
1990-12-15,13.4,1,0.7186738366863208,-0.04209278757888279,-0.01726586951326183,0.6961164409968649,0.056917367324471085,0.3274038714418812,0.5489765087515391
1990-12-16,13.6,1,-0.042476278515568594,-0.017523491096831212,0.6954638284099832,0.05684015294430066,0.3273946348803789,0.5487051362359443,0.5981619532315401
1990-12-17,13.9,1,-0.017923048992927085,0.694986106882667,0.056464788892591274,0.32730319788961626,0.5486942174261218,0.5978831950790693,0.671940119951542
1990-12-18,17.2,1,0.6941206071636793,0.05618439834932394,0.3268105363807186,0.5485911437539656,0.5978719024362866,0.6716502833437572,1.4834999538715608
1990-12-19,14.7,1,0.05573663957499788,0.3264466596518921,0.5480025115982774,0.5977662428349318,0.6716384299515344,1.4830882542553214,0.8686818978715463
1990-12-20,15.4,1,0.32582216432405536,0.5475703279903572,0.5971562838688459,0.6715288914563817,1.4830702326192577,0.8683625187162574,1.0408309535515505
1990-12-21,13.1,1,0.5468012300278298,0.5967089209544603,0.670886942274699,1.4829180262923285,0.8683491699921945,1.0404857246671955,0.47519834203153716
1990-12-22,13.2,1,0.5959076890731129,0.6704168104006155,1.481924184739081,0.8682292877802474,1.0404710675277724,0.4749380479712565,0.4997910642715377
1990-12-23,13.9,0,0.6695673776410378,1.48120359430832,0.8675020313569732,1.0403421345636303,0.474927689910874,0.49952707739281893,0.671940119951542
1990-12-24,10.0,1,1.4798239518882101,0.8669711822570285,1.0395402343039637,0.4748284951325156,0.49951653241595645,0.6716502833437572,-0.2871760474084806
1990-12-25,12.9,1,0.8659932138221703,1.0389562576313904,0.4742718531924243,0.49941604467299877,0.6716384299515344,-0.28732186409718286,0.4260128975515362
1990-12-26,14.6,1,1.0378658204806617,0.473862438544202,0.49884873932770857,0.6715288914563817,-0.2873264277466845,0.4257599891281315,0.8440891756315458
1990-12-27,14.0,1,0.47314154145990484,0.4984317350262536,0.670886942274699,-0.28738554062246485,0.4257500049007091,0.8437734892946949,0.6965328421915424
1990-12-28,13.6,1,0.49769477098254633,0.6704168104006155,-0.28761161700138915,0.42565339605154934,0.843760327487112,0.6962393127653196,0.5981619532315401
1990-12-29,13.5,1,0.6695673776410378,-0.2877857523993994,0.4251180809218559,0.8436417382397643,0.6962272724566169,0.5978831950790693,0.5735692309915396
1990-12-30,15.7,1,-0.2880085737419846,0.42472384558009885,0.8429251452216889,0.6961164409968649,0.5978719024362866,0.5732941656575068,1.114609120271552
1990-12-31,13.0,0,0.42403508241462184,0.8424018857749769,0.6954638284099832,0.5977662428349318,0.5732830599312042,1.114252812931883,0.4506056197915367
